file,time,word,vowel,stress,duration,F1,F2,F3,syllables,Language,WordForm,LatinScript,Gloss,VowelHeight,VowelBackness,Norm_F1,Norm_F2,Speaker,Gender
Speaker_1_male,492.3952110528721,апрельдің,ɪ,NA,0.04532068473741901,408.0423639421905,1322.5937423053042,2781.445784747915,s3,CS,inflected,aprel'diń,april.GEN,high,front,-0.4528741557500034,-0.3607216962108903,Speaker_1,male
Speaker_2_female,333.4948875042073,апрельдің,ɪ,NA,0.04841123361723021,463.13710147904095,668.2236871190479,2016.283932930428,s3,CS,inflected,aprel'diń,april.GEN,high,front,-0.6096573016087422,-1.6127725111747966,Speaker_2,female
Speaker_3_male,413.937820080654,апрельдің,ɪ,NA,0.0566129875969068,359.62953610576284,1461.5611821240843,2248.242059260585,s3,CS,inflected,aprel'diń,april.GEN,high,front,-0.8591917758973402,0.17271239644691758,Speaker_3,male
Speaker_4_female,409.8079064795635,апрельдің,ɪ,NA,0.06317428781574108,456.0016363121823,1778.239743466902,3176.5861486840713,s3,CS,inflected,aprel'diń,april.GEN,high,front,-0.6702055100439288,0.1465549178991443,Speaker_4,female
Speaker_1_male_additional,57.832372798829226,арқан,ɑ,NA,0.13049779546692264,661.4378908418547,1182.879834472272,2726.702154287599,s1,Kaz,uninflected,arqan,rope,non-high,back,1.8631746077277869,-0.6952852522263504,Speaker_1,male
Speaker_1_male_additional,58.12944300349311,арқан,ɑ,NA,0.07617390391441603,665.1205864928027,1156.959828335071,2407.6568423410777,s2,Kaz,uninflected,arqan,rope,non-high,back,1.8943727996758928,-0.7548579701438454,Speaker_1,male
Speaker_2_female_additional,142.48980208465326,арқан,ɑ,NA,0.15718254983266888,851.4198462387033,1115.490314224604,1732.20242675678,s1,Kaz,uninflected,arqan,rope,non-high,back,2.165421200734954,-0.520040852951536,Speaker_2,female
Speaker_2_female_additional,142.87223148693624,арқан,ɑ,NA,0.10626032869654978,826.313927531212,1343.2120042507931,1667.2079143505164,s2,Kaz,uninflected,arqan,rope,non-high,back,1.9871837956064833,-0.10044488791907888,Speaker_2,female
Speaker_3_male_additional,153.59882779062397,арқан,ɑ,NA,0.0988718133223756,765.8767830532933,1269.72798561562,2339.205919821322,s1,Kaz,uninflected,arqan,rope,non-high,back,2.5712312483370474,-0.3921239889340976,Speaker_3,male
Speaker_3_male_additional,153.88311958811872,арқан,ɑ,NA,0.0766900828159578,630.9242488976894,1192.7457445533832,2054.5731735212908,s2,Kaz,uninflected,arqan,rope,non-high,back,1.421493290686566,-0.6064837588387825,Speaker_3,male
Speaker_4_female_additional,321.18505308306044,арқан,ɑ,NA,0.1451788651315837,935.238035770583,1269.9278815967054,3143.0990801977796,s1,Kaz,uninflected,arqan,rope,non-high,back,1.638023560819047,-1.126555343604476,Speaker_4,female
Speaker_4_female_additional,321.5731738963515,арқан,ɑ,NA,0.11235315137849966,958.0815780551778,1577.550647939372,3121.982061803175,s2,Kaz,uninflected,arqan,rope,non-high,back,1.755193824626015,-0.45572832354710924,Speaker_4,female
Speaker_1_male,83.04685186372103,арқанның,ɑ,NA,0.11162935134760232,757.0968853451283,1105.345892570796,2851.585952687905,s1,Kaz,inflected,arqannyń,rope.GEN,non-high,back,1.8893675566281793,-0.9062924823255413,Speaker_1,male
Speaker_1_male,83.33515228692534,арқанның,ɑ,NA,0.0642394828702777,829.4066121747625,1389.737684052266,3365.7121565332277,s2,Kaz,inflected,arqannyń,rope.GEN,non-high,back,2.37458361316374,-0.19210427087621895,Speaker_1,male
Speaker_1_male,83.52328220104542,арқанның,ə,NA,0.0520033908949955,520.6789704189155,1186.3290290848415,3260.4216877229596,s3,Kaz,inflected,arqannyń,rope.GEN,non-high,back,0.30294518436381124,-0.7029209253504485,Speaker_1,male
Speaker_2_female,199.6006706381638,арқанның,ɑ,NA,0.10199904946239258,685.348923737862,919.7118516027336,1411.6455532981156,s1,Kaz,inflected,arqannyń,rope.GEN,non-high,back,0.7596728898186209,-1.123600190730729,Speaker_2,female
Speaker_2_female,199.9171980890268,арқанның,ɑ,NA,0.0971387408235671,828.1264146825907,1439.3164491679263,1638.7807362770093,s2,Kaz,inflected,arqannyń,rope.GEN,non-high,back,1.6395069464384544,-0.11291172661869331,Speaker_2,female
Speaker_2_female,200.0850024488447,арқанның,ə,NA,0.03909473812453257,674.3466868505265,1159.9576550870622,2246.6937159108397,s3,Kaz,inflected,arqannyń,rope.GEN,non-high,back,0.6918740887021049,-0.656295506994798,Speaker_2,female
Speaker_3_male,224.77362913279077,арқанның,ɑ,NA,0.09205315323347918,692.0893871211844,1113.9376783471623,2385.3801191208786,s1,Kaz,inflected,arqannyń,rope.GEN,non-high,back,1.8158352791858903,-0.8856977867694801,Speaker_3,male
Speaker_3_male,225.01816620764663,арқанның,ɑ,NA,0.07124215989284721,665.5311106072074,1163.3631573135935,2263.064128555112,s2,Kaz,inflected,arqannyń,rope.GEN,non-high,back,1.602142985231351,-0.7352119028173156,Speaker_3,male
Speaker_3_male,225.12634532178657,арқанның,ə,NA,0.0662836758194203,524.5633415072642,1156.5630100968176,2060.620060568549,s3,Kaz,inflected,arqannyń,rope.GEN,non-high,back,0.46789295448227847,-0.7559163286786492,Speaker_3,male
Speaker_4_female,441.5166793807085,арқанның,ɑ,NA,0.1468649907153008,886.6600253963179,1288.0591949803993,2509.004197156454,s1,Kaz,inflected,arqannyń,rope.GEN,non-high,back,1.3958984414146636,-0.9311015331014191,Speaker_4,female
Speaker_4_female,441.82838880945815,арқанның,ɑ,NA,0.0865213072258939,848.1932715680161,1410.177518684027,3026.1287775282804,s2,Kaz,inflected,arqannyń,rope.GEN,non-high,back,1.2113523740468402,-0.6626257648749424,Speaker_4,female
Speaker_4_female,442.0612944922136,арқанның,ə,NA,0.04968507837696734,717.9178027897049,1584.8486047461508,3867.060659460657,s3,Kaz,inflected,arqannyń,rope.GEN,non-high,back,0.5863496627484323,-0.2786133366394197,Speaker_4,female
Speaker_1_male_additional,236.64605936507644,аспан,ɑ,NA,0.16507478527736907,808.6839544612989,1040.8745531221098,2634.8197622087837,s1,Kaz,uninflected,aspan,sky,non-high,back,3.110579061370313,-1.021660196888353,Speaker_1,male
Speaker_1_male_additional,236.99339009116548,аспан,ɑ,NA,0.0929777876094704,587.4662728753593,1049.9694950833143,2579.625254118828,s2,Kaz,uninflected,aspan,sky,non-high,back,1.2365193109653063,-1.0007570223650564,Speaker_1,male
Speaker_2_female_additional,196.8571890748313,аспан,ɑ,NA,0.10137489720395364,804.9222170923932,1279.9505481430338,2587.2155488777066,s1,Kaz,uninflected,aspan,sky,non-high,back,1.8353151066213242,-0.2170093299001699,Speaker_2,female
Speaker_2_female_additional,197.20699504728196,аспан,ɑ,NA,0.08510485197368212,738.61843458405815,1260.5364103860568,1658.675528370495,s2,Kaz,uninflected,aspan,sky,non-high,back,1.3645968555914647,-0.2527814773248398,Speaker_2,female
Speaker_3_male_additional,230.50219559755763,аспан,ɑ,NA,0.10775595214391842,739.7992766994704,875.8224461893357,2501.8151822924365,s1,Kaz,uninflected,aspan,sky,non-high,back,2.349062030963987,-1.4889678795573282,Speaker_3,male
Speaker_3_male_additional,230.7862733552679,аспан,ɑ,NA,0.08744006492133849,679.2846799563181,853.8480558024669,2276.849337807727,s2,Kaz,uninflected,aspan,sky,non-high,back,1.8335035103118922,-1.5501563459117536,Speaker_3,male
Speaker_4_female_additional,221.029685776008,аспан,ɑ,NA,0.12640573601973415,914.008160557172,1520.469097770252,3185.8282850118344,s1,Kaz,uninflected,aspan,sky,non-high,back,1.5291302005707155,-0.5802049565852244,Speaker_4,female
Speaker_4_female_additional,221.3669763290508,аспан,ɑ,NA,0.11514185855264714,1012.3091482693426,1612.7514294283558,3157.5935542438715,s2,Kaz,uninflected,aspan,sky,non-high,back,2.0333406474105646,-0.3789666598032698,Speaker_4,female
Speaker_1_male,401.5359203825126,аспанның,ɑ,NA,0.08690481037484687,783.4215319735117,1149.2941301924818,2747.1714869575894,s1,Kaz,inflected,aspannyń,sky.GEN,non-high,back,2.066012411846767,-0.7959260295531985,Speaker_1,male
Speaker_1_male,401.83783107771137,аспанның,ɑ,NA,0.0714144123134588,742.9385225768448,1228.5484296986417,2292.7159692881023,s2,Kaz,inflected,aspannyń,sky.GEN,non-high,back,1.7943614592380976,-0.5968960712020228,Speaker_1,male
Speaker_1_male,402.029413972283,аспанның,ə,NA,0.04257397657147521,435.10253040395554,1073.7795068229675,2998.213075858154,s3,Kaz,inflected,aspannyń,sky.GEN,non-high,back,-0.2712937814981608,-0.9855646035837594,Speaker_1,male
Speaker_2_female,314.9144288752467,аспанның,ɑ,NA,0.11104369698188066,847.673402958262,1368.2944944788592,2552.6254104678105,s1,Kaz,inflected,aspannyń,sky.GEN,non-high,back,1.7599608490493488,-0.251057290840576,Speaker_2,female
Speaker_2_female,315.23387715792524,аспанның,ɑ,NA,0.09561231433332296,778.5955968595531,1248.6224118085518,1742.7756129347922,s2,Kaz,inflected,aspannyń,sky.GEN,non-high,back,1.3342844629462125,-0.48383273970670404,Speaker_2,female
Speaker_2_female,315.4636692928043,аспанның,ə,NA,0.03076134789199613,666.1117141647015,1290.3497299925084,1761.3661682322113,s3,Kaz,inflected,aspannyń,sky.GEN,non-high,back,0.6411279285309076,-0.40266848649478737,Speaker_2,female
Speaker_3_male,348.6957325318882,аспанның,ɑ,NA,0.06392061755445866,695.9846633084973,1048.8395359639796,2446.7129188485123,s1,Kaz,inflected,aspannyń,sky.GEN,non-high,back,1.8471773168973855,-1.0839022696603913,Speaker_3,male
Speaker_3_male,348.95834144277137,аспанның,ɑ,NA,0.07732628042447232,693.3957772098147,1047.2427958844914,2335.7563510127356,s2,Kaz,inflected,aspannyń,sky.GEN,non-high,back,1.826346710328343,-1.0887638683202003,Speaker_3,male
Speaker_3_male,349.12692899167837,аспанның,ə,NA,0.0756675495230752,428.77433311791793,1069.8869614375394,2158.343139696633,s3,Kaz,inflected,aspannyń,sky.GEN,non-high,back,-0.3028412807598891,-1.0198191187523922,Speaker_3,male
Speaker_4_female,334.65883733273824,аспанның,ɑ,NA,0.13231147908055618,987.9318461330506,1611.7043673378514,3002.9465080053155,s1,Kaz,inflected,aspannyń,sky.GEN,non-high,back,1.8817547820761056,-0.21957124308257459,Speaker_4,female
Speaker_4_female,334.99348379549537,аспанның,ɑ,NA,0.08102789089411999,831.1899262500157,1409.970651873408,3115.0585472357,s2,Kaz,inflected,aspannyń,sky.GEN,non-high,back,1.1297780222171991,-0.663080559243364,Speaker_4,female
Speaker_4_female,335.2327055408251,аспанның,ə,NA,0.06231720352548109,676.2544098726705,1433.61789768262,3601.913649590299,s3,Kaz,inflected,aspannyń,sky.GEN,non-high,back,0.38646756845062585,-0.6110923539313066,Speaker_4,female
Speaker_1_male_additional,268.318776245585,бала,ɑ,NA,0.11818361315204128,654.2173486231065,981.2305072484902,2869.103830317014,s1,Kaz,uninflected,bala,child,non-high,back,1.802005322111713,-1.158741874318502,Speaker_1,male
Speaker_1_male_additional,268.5340975058108,бала,ɑ,NA,0.12710545408924645,510.88604834798525,1170.500986341253,2844.229632355293,s2,Kaz,uninflected,bala,child,non-high,back,0.5877650367371119,-0.7237359255768596,Speaker_1,male
Speaker_2_female_additional,257.49006340685537,бала,ɑ,NA,0.10025484805538554,757.2031318219849,1103.0922609309457,1464.5278071879625,s1,Kaz,uninflected,bala,child,non-high,back,1.496537385208408,-0.5428852870310392,Speaker_2,female
Speaker_2_female_additional,257.71148933801464,бала,ɑ,NA,0.16406098347971465,738.8918870817416,1143.6486749195683,1233.2844718064691,s2,Kaz,uninflected,bala,child,non-high,back,1.366538209109767,-0.4681567547429869,Speaker_2,female
Speaker_3_male_additional,303.2567445463704,бала,ɑ,NA,0.09724675142717842,625.6160681348233,1018.4783372394904,2481.17872706408,s1,Kaz,uninflected,bala,child,non-high,back,1.3762698575193142,-1.0917375111099266,Speaker_3,male
Speaker_3_male_additional,303.45389276017215,бала,ɑ,NA,0.13360218396496748,586.8614404167269,1208.9628103261778,2412.0955307091604,s2,Kaz,uninflected,bala,child,non-high,back,1.046096980063506,-0.5613267662698737,Speaker_3,male
Speaker_4_female_additional,32.75527302050638,бала,ɑ,NA,0.13141190378289735,756.2761362289655,1434.3652334187882,3021.557867998426,s1,Kaz,uninflected,bala,child,non-high,back,0.7200830453137759,-0.7679699891445355,Speaker_4,female
Speaker_4_female_additional,33.05457823520326,бала,ɑ,NA,0.1993685502819176,918.3116294888824,1734.7502192313943,3061.545351895821,s2,Kaz,uninflected,bala,child,non-high,back,1.5512037732124528,-0.11292625717905623,Speaker_4,female
Speaker_1_male,451.3663500332136,баланы,ɑ,NA,0.09274018737562528,631.1516830130573,971.4109577352706,2806.412413273981,s1,Kaz,inflected,balany,child.ACC,non-high,back,1.0442442641682188,-1.2426409791034376,Speaker_1,male
Speaker_1_male,451.5222910323229,баланы,ɑ,NA,0.08240124497706347,643.27440052799,1152.7774088778278,2607.318327517035,s2,Kaz,inflected,balany,child.ACC,non-high,back,1.1255906811025387,-0.7871785317393282,Speaker_1,male
Speaker_1_male,451.7134135340132,баланы,ə,NA,0.1405346847813007,519.0113518412231,1468.1170082140573,3055.3083297535163,s3,Kaz,inflected,balany,child.ACC,non-high,back,0.2917550534429777,0.004728376951324101,Speaker_1,male
Speaker_2_female,417.7345791553387,баланы,ɑ,NA,0.1320592932926843,810.3614863577014,1175.420049096265,1411.786514519791,s1,Kaz,inflected,balany,child.ACC,non-high,back,1.5300345859828512,-0.6262194389117098,Speaker_2,female
Speaker_2_female,417.9552624922492,баланы,ɑ,NA,0.1455277398527528,842.3346526227912,1371.7614139462623,1427.9935141976111,s2,Kaz,inflected,balany,child.ACC,non-high,back,1.7270620053040402,-0.2443137486776909,Speaker_2,female
Speaker_2_female,418.20454413564926,баланы,ə,NA,0.1198582760856084,750.679930086365,1625.041429681426,3390.845385247029,s3,Kaz,inflected,balany,child.ACC,non-high,back,1.1622604682830089,0.24834392081401746,Speaker_2,female
Speaker_3_male,478.4859463337875,баланы,ɑ,NA,0.1079190990452048,619.0412003865773,1002.6832987301224,2382.7502818558455,s1,Kaz,inflected,balany,child.ACC,non-high,back,1.2280774634886749,-1.2244342848333813,Speaker_3,male
Speaker_3_male,478.648860992909,баланы,ɑ,NA,0.08853233007783956,638.1585555019979,1132.182491447187,2509.9946713967984,s2,Kaz,inflected,balany,child.ACC,non-high,back,1.3818988707930162,-0.8301477570213822,Speaker_3,male
Speaker_3_male,478.80818667803777,баланы,ə,NA,0.0825062052051635,416.1362991750995,1322.34534346312,2462.368573203906,s3,Kaz,inflected,balany,child.ACC,non-high,back,-0.40452899618430377,-0.25115842846235575,Speaker_3,male
Speaker_4_female,68.9054737443263,баланы,ɑ,NA,0.08631604039297258,819.3650039042707,1282.7620536781608,3096.5608107123526,s1,Kaz,inflected,balany,child.ACC,non-high,back,1.073047399051603,-0.9427472389823329,Speaker_4,female
Speaker_4_female,69.07449892994569,баланы,ɑ,NA,0.11673509705080676,688.0644968353973,1265.7244395322775,1879.9018563828104,s2,Kaz,inflected,balany,child.ACC,non-high,back,0.4431270181658673,-0.9802042430406551,Speaker_4,female
Speaker_4_female,69.29904232250811,баланы,ə,NA,0.1730426144517878,867.2477683352121,1653.7255037631598,3334.7331922490653,s3,Kaz,inflected,balany,child.ACC,non-high,back,1.3027672217814497,-0.12718824484461957,Speaker_4,female
Speaker_1_male,383.7552291657896,болезньдер,ie,NA,0.10712161847010292,400.17989390554055,1754.2953000916614,2502.1809054523196,s3,CS,inflected,bolezn'der,disease.Pl,high,front,-0.5056332640066372,0.7234029960990612,Speaker_1,male
Speaker_2_female,401.3289611417372,болезньдер,ie,NA,0.05899651281185925,403.67791252523256,2276.43853080952,2607.7072557381794,s3,CS,inflected,bolezn'der,disease.Pl,high,front,-0.9760611309126627,1.5153833941966295,Speaker_2,female
Speaker_3_male,456.5154053733806,болезньдер,ie,NA,0.08722948368506422,370.9319186537557,1575.0562252972536,2316.6705661139877,s3,CS,inflected,bolezn'der,disease.Pl,high,front,-0.7682509329340828,0.5182710486494269,Speaker_3,male
Speaker_4_female,458.4336563971525,болезньдер,ie,NA,0.07133789062504547,468.6301658489565,1918.8230658051891,2848.996328400478,s3,CS,inflected,bolezn'der,disease.Pl,high,front,-0.6096195434439766,0.455625779010881,Speaker_4,female
Speaker_1_male,278.88317618847776,борьбаға,ɑ,NA,0.10240735712352488,557.2235841935111,1259.1868619936693,2439.284805752236,s3,CS,inflected,bor'baǵa,fight.DAT,non-high,back,0.548168533431387,-0.5199543034793682,Speaker_1,male
Speaker_3_male,40.23206059709459,борьбаға,ɑ,NA,0.16532608472239474,638.6289061709117,1331.5129383264186,2301.2833908761468,s3,CS,inflected,bor'baǵa,fight.DAT,non-high,back,1.385683390219582,-0.22324582861368608,Speaker_3,male
Speaker_4_female,487.4738990089876,борьбаға,ɑ,NA,0.22174951052795677,857.220336540141,1656.5785740384858,3001.9435853084333,s3,CS,inflected,bor'baǵa,fight.DAT,non-high,back,1.2546601443857501,-0.12091580176858088,Speaker_4,female
Speaker_1_male_additional,279.6613119896979,білім,ɪ,NA,0.0821857229762486,414.8525957491459,1636.949776203299,2440.023016252087,s1,Kaz,uninflected,bilim,knowledge,high,front,-0.22578850436170608,0.34831714548808745,Speaker_1,male
Speaker_1_male_additional,279.82385961221405,білім,ɪ,NA,0.06507939940036067,416.8895236050688,1629.0279190729468,2430.431043142253,s2,Kaz,uninflected,bilim,knowledge,high,front,-0.20853253964000323,0.33011010658110773,Speaker_1,male
Speaker_2_female_additional,206.4152768253342,білім,ɪ,NA,0.04630705180920813,515.6866746978933,1658.9242243038543,1901.9122270589517,s1,Kaz,uninflected,bilim,knowledge,high,front,-0.2180888395939089,0.48128087404267683,Speaker_2,female
Speaker_2_female_additional,206.5477233856812,білім,ɪ,NA,0.04380396792763008,590.384196036666,965.9576814216776,2105.202887089665,s2,Kaz,uninflected,bilim,knowledge,high,front,0.3122200699533337,-0.7955670417725135,Speaker_2,female
Speaker_3_male_additional,256.89400456633507,білім,ɪ,NA,0.05131321957236423,367.91844506677074,1426.5444239689375,2278.025588825842,s1,Kaz,uninflected,bilim,knowledge,high,front,-0.8192038376691152,0.044536923749816805,Speaker_3,male
Speaker_3_male_additional,257.00846534625794,білім,ɪ,NA,0.05517846071330723,358.377757933127,1530.1708134853468,2242.821354018108,s2,Kaz,uninflected,bilim,knowledge,high,front,-0.9004864175647244,0.3330882663228692,Speaker_3,male
Speaker_4_female_additional,241.0808027924844,білім,ɪ,NA,0.09511718749999432,502.0888747071151,1629.7917020201087,2765.714786436407,s1,Kaz,uninflected,bilim,knowledge,high,front,-0.5837072389527362,-0.34180726675965634,Speaker_4,female
Speaker_4_female_additional,241.2729144803956,білім,ɪ,NA,0.0938656455592195,615.9951420157446,1923.4246512343257,3074.7991291016133,s2,Kaz,uninflected,bilim,knowledge,high,front,5.466050239777337e-4,0.29851242951605134,Speaker_4,female
Speaker_1_male,465.58419724496775,білімге,ɪ,NA,0.03845391432258793,462.13467918624906,1699.679163009881,2401.3643325911107,s1,Kaz,inflected,bilimge,knowledge.DAT,high,front,-0.0899014127684312,0.5862464310114601,Speaker_1,male
Speaker_1_male,465.6878854782305,білімге,ɪ,NA,0.0315871439078137,365.4254818265562,1600.6107608877724,2285.006163544655,s2,Kaz,inflected,bilimge,knowledge.DAT,high,front,-0.7388439192744654,0.33745765776959585,Speaker_1,male
Speaker_1_male,465.9675151132543,білімге,ie,NA,0.19806714623160815,382.4100895359474,1867.2217580285237,2461.7294252511856,s3,Kaz,inflected,bilimge,knowledge.DAT,high,front,-0.6248730230218627,1.0069932664057544,Speaker_1,male
Speaker_2_female,329.330737071523,білімге,ɪ,NA,0.04714113611504444,447.4680769706816,2186.285851095126,2841.769775078099,s1,Kaz,inflected,bilimge,knowledge.DAT,high,front,-0.7062141279351148,1.3400264519696252,Speaker_2,female
Speaker_2_female,329.4523579640884,білімге,ɪ,NA,0.03416212461382884,530.5849333583088,2164.812039808891,2981.1644616597373,s2,Kaz,inflected,bilimge,knowledge.DAT,high,front,-0.19402526367412615,1.2982575118000885,Speaker_2,female
Speaker_2_female,329.7756489302865,білімге,ie,NA,0.1654386648029913,383.6271726377296,2234.277093675736,2385.06785170452,s3,Kaz,inflected,bilimge,knowledge.DAT,high,front,-1.0996192891119831,1.4333747315689782,Speaker_2,female
Speaker_3_male,405.44284242399874,білімге,ɪ,NA,0.06987600373713576,486.6303517994243,1356.003179006086,2278.622845158848,s1,Kaz,inflected,bilimge,knowledge.DAT,high,front,0.16267783320148776,-0.14868032932162942,Speaker_3,male
Speaker_3_male,405.5355231398132,білімге,ɪ,NA,0.06031128919215689,472.60220463274334,1535.962611208112,2183.932576544953,s2,Kaz,inflected,bilimge,knowledge.DAT,high,front,0.04980503641430484,0.39924262047607745,Speaker_3,male
Speaker_3_male,405.78137829655674,білімге,ie,NA,0.15852296632942853,384.66984836482715,1650.3309973834605,2402.7536778122635,s3,Kaz,inflected,bilimge,knowledge.DAT,high,front,-0.6577132738883196,0.7474603423815961,Speaker_3,male
Speaker_4_female,355.5843160760499,білімге,ɪ,NA,0.06592099598162804,481.3552171511537,1732.4342507873384,2890.34204928867,s1,Kaz,inflected,bilimge,knowledge.DAT,high,front,-0.5485705091179635,0.045852054781045905,Speaker_4,female
Speaker_4_female,355.70997797463986,білімге,ɪ,NA,0.04257397657141837,400.0923753367269,1987.018802822232,2973.6109049835504,s2,Kaz,inflected,bilimge,knowledge.DAT,high,front,-0.938432828848,0.6055533437705785,Speaker_4,female
Speaker_4_female,356.03065615300886,білімге,ie,NA,0.2279767777698112,492.3436669185638,2210.692237088839,2945.8102652816847,s3,Kaz,inflected,bilimge,knowledge.DAT,high,front,-0.49585290263377874,1.0972968862247054,Speaker_4,female
Speaker_1_male_additional,192.28024536804713,бөлме,ɵ,NA,0.08965715233770766,354.7600709819864,1210.3684972917044,2290.9689524457963,s1,Kaz,uninflected,bólme,room,high,front,-0.7348661746409676,-0.6321072441887328,Speaker_1,male
Speaker_1_male_additional,192.5577126021979,бөлме,ie,NA,0.15440818311941484,294.40756384226415,1980.5041538440864,2468.8384231436407,s2,Kaz,uninflected,bólme,room,high,front,-1.2461463022316959,1.1379183485194886,Speaker_1,male
Speaker_2_female_additional,187.6514675910589,бөлме,ɵ,NA,0.0839260538399742,375.87512774942746,1013.981070305358,2669.545068893694,s1,Kaz,uninflected,bólme,room,high,front,-1.210669418915876,-0.7070799933913978,Speaker_2,female
Speaker_2_female_additional,187.9488381969068,бөлме,ie,NA,0.12798881158846598,584.8007824012881,2441.9651161748666,3193.3839295935286,s2,Kaz,uninflected,bólme,room,high,front,0.27258108403437825,1.924098194811318,Speaker_2,female
Speaker_3_male_additional,222.6311663411464,бөлме,ɵ,NA,0.08605599679248144,392.8168849792736,1277.0524364005223,2187.9612337856506,s1,Kaz,uninflected,bólme,room,high,front,-0.6070797628393907,-0.37172879696169786,Speaker_3,male
Speaker_3_male_additional,222.89639549860084,бөлме,ie,NA,0.15344379360919902,380.8447204211306,1809.924676169447,1907.0712570486648,s2,Kaz,uninflected,bólme,room,high,front,-0.7090774919955068,1.1120727802502974,Speaker_3,male
Speaker_4_female_additional,295.472870680032,бөлме,ɵ,NA,0.1351665296052147,435.290508235481,1139.707593975724,2587.231922849956,s1,Kaz,uninflected,bólme,room,high,front,-0.9263328319473088,-1.410524207594502,Speaker_4,female
Speaker_4_female_additional,295.80978888365297,бөлме,ie,NA,0.21076588914991137,497.4953267761188,2430.005217258828,3097.5883301252297,s2,Kaz,uninflected,bólme,room,high,front,-0.6072686996132292,1.403202877383133,Speaker_4,female
Speaker_1_male,318.6946299837436,бөлмелер,ɵ,NA,0.08901674794799419,335.6585716934142,1072.3883698232405,2205.435873971362,s1,Kaz,inflected,bólmeler,room.Pl,high,front,-0.9385872094694486,-0.9890581419891418,Speaker_1,male
Speaker_1_male,318.91630103441827,бөлмелер,ie,NA,0.08514795314295043,354.3866178693869,1343.3558713362538,2587.412811574693,s2,Kaz,inflected,bólmeler,room.Pl,high,front,-0.8129174121884937,-0.3085821189001292,Speaker_1,male
Speaker_1_male,319.090717002953,бөлмелер,ie,NA,0.08514795314295043,433.5798416015852,1451.1626336444654,2498.232304126207,s3,Kaz,inflected,bólmeler,room.Pl,high,front,-0.28151139797122154,-0.037848852113628206,Speaker_1,male
Speaker_2_female,283.48389376162123,бөлмелер,ɵ,NA,0.08552389826036233,357.1942014216418,951.177113577386,2785.269728675159,s1,Kaz,inflected,bólmeler,room.Pl,high,front,-1.2625065071158965,-1.0623967728875021,Speaker_2,female
Speaker_2_female,283.74076979871865,бөлмелер,ie,NA,0.07194788930053164,411.81275342359913,2575.864883873465,3238.90333031752,s2,Kaz,inflected,bólmeler,room.Pl,high,front,-0.9259320102774115,2.097800798336124,Speaker_2,female
Speaker_2_female,283.9051210002333,бөлмелер,ie,NA,0.08842365372981931,448.2767890327044,1521.6511088302775,2377.6974974644236,s3,Kaz,inflected,bólmeler,room.Pl,high,front,-0.7012306224157303,0.04723830112791129,Speaker_2,female
Speaker_3_male,340.6101041558336,бөлмелер,ɵ,NA,0.09397218563771048,382.73732895444914,1207.7115920082088,2097.170283036141,s1,Kaz,inflected,bólmeler,room.Pl,high,front,-0.673262645313006,-0.6001841087225588,Speaker_3,male
Speaker_3_male,340.8276017895714,бөлмелер,ie,NA,0.08585273080763045,349.689822292859,1747.0071686687031,2295.226301608321,s2,Kaz,inflected,bólmeler,room.Pl,high,front,-0.9391683604024837,1.0418105317414517,Speaker_3,male
Speaker_3_male,340.9469673827524,бөлмелер,ie,NA,0.07878148932940121,398.2649600889917,1627.3610741999223,2261.6286387024097,s3,Kaz,inflected,bólmeler,room.Pl,high,front,-0.5483247520323904,0.677523757711658,Speaker_3,male
Speaker_4_female,415.1328348834071,бөлмелер,ɵ,NA,0.08240124497706347,426.0364486166801,1038.4386092796988,2734.5028602118155,s1,Kaz,inflected,bólmeler,room.Pl,high,front,-0.8139649125614082,-1.4798895976492437,Speaker_4,female
Speaker_4_female,415.4040723147898,бөлмелер,ie,NA,0.09750813988949858,499.9854957431016,2470.424128743457,3043.072557804635,s2,Kaz,inflected,bólmeler,room.Pl,high,front,-0.45919086810491455,1.6683145437723417,Speaker_4,female
Speaker_4_female,415.5530812327899,бөлмелер,ie,NA,0.10712161847015976,564.687661117169,1975.8754248631617,2872.9436599046967,s3,Kaz,inflected,bólmeler,room.Pl,high,front,-0.1487791753672367,0.5810547520157483,Speaker_4,female
Speaker_1_male,92.56212523961484,вечердің,ɪ,NA,0.04326211249025391,373.8595817190082,1375.8505077010366,2230.846422642786,s3,CS,inflected,vecherdiń,evening.GEN,high,front,-0.6822490340540527,-0.2269788978431234,Speaker_1,male
Speaker_2_female,50.61317856559434,вечердің,ɪ,NA,0.04436594444229769,566.9594375408187,1809.7807032604956,2795.4576235304357,s3,CS,inflected,vecherdiń,evening.GEN,high,front,0.030124406982446915,0.6076822591384329,Speaker_2,female
Speaker_3_male,66.19909126497433,вечердің,ɪ,NA,0.05145346480013302,415.4309543728816,1502.6579839627814,2113.3661165185813,s3,CS,inflected,vecherdiń,evening.GEN,high,front,-0.4102043173496486,0.2978399355549076,Speaker_3,male
Speaker_4_female,199.25609460150008,вечердің,ɪ,NA,0.05506784539471709,336.40068597745244,1157.1208995560737,2633.373504926972,s3,CS,inflected,vecherdiń,evening.GEN,high,front,-1.2439967152037845,-1.2189679104652844,Speaker_4,female
Speaker_1_male,479.4223178942031,винолар,ɑ,NA,0.08377459906000695,581.3560204274621,1189.531753040394,2719.6297463507017,s3,CS,inflected,vinolar,vine.Pl,non-high,back,0.7101031175796816,-0.6948779798010479,Speaker_1,male
Speaker_2_female,60.846684589291314,винолар,ɑ,NA,0.12090404252820974,752.3851091446475,975.9997276676966,1417.9610627020777,s3,CS,inflected,vinolar,vine.Pl,non-high,back,1.1727682492937612,-1.0141140405411353,Speaker_2,female
Speaker_3_male,92.55056300850266,винолар,ɑ,NA,0.08548298650666197,581.1432103097164,1193.4858944117505,2430.2627677492464,s3,CS,inflected,vinolar,vine.Pl,non-high,back,0.9231439550387295,-0.64349712707678,Speaker_3,male
Speaker_4_female,257.51492913186325,винолар,ɑ,NA,0.1038779810855317,842.7522065855389,1587.1029694105648,3023.3861548806835,s3,CS,inflected,vinolar,vine.Pl,non-high,back,1.1852486079403755,-0.2736571411497891,Speaker_4,female
Speaker_1_male,181.98092968902716,воляға,ɑ,NA,0.14142757031768838,534.8502132260201,1282.9321501339286,2801.5965139720633,s3,CS,inflected,volyaǵa,will.DAT,non-high,back,0.3980377099831064,-0.46032317003877593,Speaker_1,male
Speaker_2_female,160.9210763314274,воляға,ɑ,NA,0.10320047026837642,649.1128619005859,1489.5714065158563,2803.041943365781,s3,CS,inflected,volyaǵa,will.DAT,non-high,back,0.5363763388618622,-0.015160271196625792,Speaker_2,female
Speaker_3_male,204.6634247496725,воляға,ɑ,NA,0.12795706616748248,576.5563657079528,1306.978060564312,2266.49842464092,s3,CS,inflected,volyaǵa,will.DAT,non-high,back,0.8862374432608271,-0.2979472345463741,Speaker_3,male
Speaker_4_female,108.42506206077286,воляға,ɑ,NA,0.10312046391716478,577.8532760930281,1042.9150859177007,2134.110524251617,s3,CS,inflected,volyaǵa,will.DAT,non-high,back,-0.08561651601941057,-1.470048113849874,Speaker_4,female
Speaker_1_male,55.86242727324688,вопросқа,ɑ,NA,0.1629006122870038,487.3367933489929,1366.0229363091812,2791.682084586477,s3,CS,inflected,voprosqa,question.DAT,non-high,back,0.07921097344230008,-0.2516587087429996,Speaker_1,male
Speaker_2_female,248.36259772883528,вопросқа,ɑ,NA,0.10523840497796756,817.6086249398219,1382.2522768902847,1497.206180762076,s3,CS,inflected,voprosqa,question.DAT,non-high,back,1.5746934414887341,-0.22390785888035597,Speaker_2,female
Speaker_3_male,300.3768984017925,вопросқа,ɑ,NA,0.17244316067854015,501.32731679335546,1166.6796985751212,2441.532085775098,s3,CS,inflected,voprosqa,question.DAT,non-high,back,0.28093204906033237,-0.7251140210397048,Speaker_3,male
Speaker_4_female,392.5603865387776,вопросқа,ɑ,NA,0.18495963415409733,936.0103394399418,1712.674484168247,3117.2368549098337,s3,CS,inflected,voprosqa,question.DAT,non-high,back,1.6326589026890725,0.0024104289697439796,Speaker_4,female
Speaker_1_male,258.4976345827539,выходқа,ɑ,NA,0.1600394197516266,544.1340930499993,1120.2225642646044,2584.444129321659,s3,CS,inflected,vyhodqa,exit.DAT,non-high,back,0.46033482760539446,-0.8689329527344346,Speaker_1,male
Speaker_2_female,68.31188998853526,выходқа,ɑ,NA,0.07925003975579159,699.0964980210266,1149.227375220977,1422.7472960599805,s3,CS,inflected,vyhodqa,exit.DAT,non-high,back,0.8443892128903127,-0.6771670892097444,Speaker_2,female
Speaker_3_male,97.34991312484816,выходқа,ɑ,NA,0.17210604703191734,577.8638605677203,1344.865740167496,2413.081875563572,s3,CS,inflected,vyhodqa,exit.DAT,non-high,back,0.8967577635749276,-0.1825905182289885,Speaker_3,male
Speaker_4_female,98.57039203769163,выходқа,ɑ,NA,0.06056278574489227,608.8141297419651,1601.753764764824,2979.2197424868045,s3,CS,inflected,vyhodqa,exit.DAT,non-high,back,0.06291964091146666,-0.24144753149768117,Speaker_4,female
Speaker_1_male,186.3415447088048,гораның,ə,NA,0.05081410106916451,470.368036136213,1120.7669112449505,3004.080610779989,s3,CS,inflected,goranyń,mountain.GEN,non-high,back,-0.034653562078530264,-0.8675659435311238,Speaker_1,male
Speaker_2_female,206.16668732980645,гораның,ə,NA,0.04027420033986573,696.1730910917703,1201.3657900981505,2229.938924502428,s3,CS,inflected,goranyń,mountain.GEN,non-high,back,0.8263743776337258,-0.5757521003886821,Speaker_2,female
Speaker_3_male,246.06792632395184,гораның,ə,NA,0.06059315607271287,438.0472948441323,1197.7605365250731,2021.672786351504,s3,CS,inflected,goranyń,mountain.GEN,non-high,back,-0.22822949403553036,-0.6304821131516867,Speaker_3,male
Speaker_4_female,581.2652867763568,гораның,ə,NA,0.06678905802027657,330.30056428667035,1579.8647718396076,3448.1246370933786,s3,CS,inflected,goranyń,mountain.GEN,non-high,back,-1.2732623369800293,-0.2895702375181438,Speaker_4,female
Speaker_1_male,426.1874854578016,городты,ə,NA,0.1645072086606092,422.3260695142056,1542.966464162275,2804.1011286361277,s3,CS,inflected,gorodty,city.ACC,non-high,back,-0.35702697731027194,0.19269652748458435,Speaker_1,male
Speaker_2_female,193.97043849539395,городты,ə,NA,0.06106942519107861,486.3024378953125,1765.2131011182316,2994.6602245710205,s3,CS,inflected,gorodty,city.ACC,non-high,back,-0.4669061454059666,0.5209933391993257,Speaker_2,female
Speaker_3_male,216.8528107984556,городты,ə,NA,0.23964867699098136,498.9003333902777,1406.9708885861664,2566.592841131552,s3,CS,inflected,gorodty,city.ACC,non-high,back,0.2614041384099427,0.006501188178380414,Speaker_3,male
Speaker_1_male,230.91461616630647,группалар,ɑ,NA,0.09064136947475276,589.2403405961278,1188.3304753131686,2540.1541233295216,s3,CS,inflected,gruppalar,group.PL,non-high,back,0.7630088455976711,-0.6978947278829523,Speaker_1,male
Speaker_2_female,109.61220729855206,группалар,ɑ,NA,0.07440267868292949,669.7409132372572,1291.3322016094617,1800.0654503887988,s3,CS,inflected,gruppalar,group.PL,non-high,back,0.6634920485414191,-0.4007574704371445,Speaker_2,female
Speaker_3_male,120.84930562293876,группалар,ɑ,NA,0.06726708167609274,573.1039920684486,1164.3042694020712,2342.703877344457,s3,CS,inflected,gruppalar,group.PL,non-high,back,0.858459072844902,-0.7323464964015515,Speaker_3,male
Speaker_4_female,158.79549380081687,группалар,ɑ,NA,0.10137489720395364,658.451166847905,1585.4011062043185,3092.1656324810724,s3,CS,inflected,gruppalar,group.PL,non-high,back,0.30105566961249725,-0.2773986683658214,Speaker_4,female
Speaker_1_male,505.5312480077017,доляға,ɑ,NA,0.19979577304616217,569.0703701134132,1312.4505036725886,2931.824735312667,s3,CS,inflected,dolyaǵa,share.DAT,non-high,back,0.627663381478858,-0.38619423681997744,Speaker_1,male
Speaker_3_male,281.6251750560773,доляға,ɑ,NA,0.17801490906754225,574.2473321790552,1330.2483140345512,2404.852338955869,s3,CS,inflected,dolyaǵa,share.DAT,non-high,back,0.8676585768442362,-0.2270962334738657,Speaker_3,male
Speaker_4_female,175.1234090105346,доляға,ɑ,NA,0.13141190378289025,724.944769433692,1641.0850550317641,2915.0334954271393,s3,CS,inflected,dolyaǵa,share.DAT,non-high,back,0.6200618669406818,-0.15497812994102012,Speaker_4,female
Speaker_1_male,406.73584285503136,душаның,ə,NA,0.06592099598162804,477.4852009240239,1191.861943475104,3182.0178882744403,s3,CS,inflected,dushanyń,soul.GEN,non-high,back,0.013104364599739148,-0.6890262126658834,Speaker_1,male
Speaker_2_female,180.562759233792,душаның,ə,NA,0.05333996408174357,541.9714814575217,1236.7150459556003,1906.090204966123,s3,CS,inflected,dushanyń,soul.GEN,non-high,back,-0.12385823147081107,-0.5069938844731909,Speaker_2,female
Speaker_3_male,234.39845347460704,душаның,ə,NA,0.05813750716498589,380.3350477413997,1263.0160371985014,2057.378894173012,s3,CS,inflected,dushanyń,soul.GEN,non-high,back,-0.6925917980488872,-0.43179852106648947,Speaker_3,male
Speaker_4_female,310.1697457796728,душаның,ə,NA,0.07826878342842747,728.8497007583107,1504.974766105894,3686.018092299092,s3,CS,inflected,dushanyń,soul.GEN,non-high,back,0.6387959593082472,-0.4542150771463074,Speaker_4,female
Speaker_1_male_additional,98.27364890258602,ерік,ie,NA,0.22119386526809137,225.8011121370776,2167.9740035680147,2764.7485246170672,s1,Kaz,uninflected,erik,will,high,front,-1.8273502495700855,1.5687858574438045,Speaker_1,male
Speaker_1_male_additional,98.4589601288348,ерік,ɪ,NA,0.04980952907649794,384.76657294643286,1725.2690422784945,2254.7372835815468,s2,Kaz,uninflected,erik,will,high,front,-0.48066417243721593,0.5513039309358925,Speaker_1,male
Speaker_2_female_additional,92.16172938754922,ерік,ie,NA,0.263414051033692,308.9267046848758,2458.1738737208484,3404.876644053032,s1,Kaz,uninflected,erik,will,high,front,-1.6859642425587238,1.9539641652584072,Speaker_2,female
Speaker_2_female_additional,92.38143324776787,ерік,ɪ,NA,0.06309207016357732,494.79032916791306,1735.6218988058506,2816.385603702311,s2,Kaz,uninflected,erik,will,high,front,-0.36644072614806433,0.6226026547861331,Speaker_2,female
Speaker_3_male_additional,110.6171351048703,ерік,ie,NA,0.24154759457236707,286.27377933360674,2095.727149966849,3018.9036984091645,s1,Kaz,uninflected,erik,will,high,front,-1.5147815222264844,1.9078998655110557,Speaker_3,male
Speaker_3_male_additional,110.8186333573374,ерік,ɪ,NA,0.05882247121711259,400.9002706759258,1519.9582167739848,2098.5040621956696,s2,Kaz,uninflected,erik,will,high,front,-0.5382127688261175,0.30465092998438736,Speaker_3,male
Speaker_4_female_additional,59.898776777629614,ерік,ie,NA,0.22527754934210975,396.0337692802749,2513.9660527445253,3119.431005982348,s1,Kaz,uninflected,erik,will,high,front,-1.1276905024117851,1.586294648320716,Speaker_4,female
Speaker_4_female_additional,60.07837304613291,ерік,ɪ,NA,0.05631938733552744,447.06995620724194,1894.4207338271517,2915.112546851986,s2,Kaz,uninflected,erik,will,high,front,-0.8659130857820014,0.23526414748684865,Speaker_4,female
Speaker_1_male,146.66173575809688,ерікке,ie,NA,0.1780643786483438,335.25789438149195,2202.3947440271977,2746.491661742142,s1,Kaz,inflected,erikke,will.DAT,high,front,-0.9412758528063574,1.848707417681174,Speaker_1,male
Speaker_1_male,146.8118278170594,ерікке,ɪ,NA,0.06060538407862737,1883.49172189788,2510.7128888754487,3034.789250823583,s2,Kaz,inflected,erikke,will.DAT,high,front,9.447754023525427,2.6229814685582458,Speaker_1,male
Speaker_1_male,147.1213984995403,ерікке,ie,NA,0.15553947594898432,394.5909883797219,2012.125422231603,2515.321540099548,s3,Kaz,inflected,erikke,will.DAT,high,front,-0.5431361950573482,1.3708873444681067,Speaker_1,male
Speaker_2_female,122.62377640421354,ерікке,ie,NA,0.17510411249733693,341.2957690387772,1838.92151342898,2683.3886399147464,s1,Kaz,inflected,erikke,will.DAT,high,front,-1.3604770076811912,0.6643643608946066,Speaker_2,female
Speaker_2_female,122.7748335836986,ерікке,ɪ,NA,0.07196315755336968,341.81194074492015,1950.2555140822512,2508.711177173489,s2,Kaz,inflected,erikke,will.DAT,high,front,-1.3572962160653481,0.8809213171859434,Speaker_2,female
Speaker_2_female,123.13495599321384,ерікке,ie,NA,0.12701122687479938,404.36670562072266,2042.330535995973,2337.6490155228066,s3,Kaz,inflected,erikke,will.DAT,high,front,-0.9718165989534102,1.06001742779991,Speaker_2,female
Speaker_3_male,152.99333580250283,ерікке,ie,NA,0.1208880672900534,327.1725624766562,1916.446305167724,2345.167875097596,s1,Kaz,inflected,erikke,will.DAT,high,front,-1.1203459643468676,1.5577023099367515,Speaker_3,male
Speaker_3_male,153.12218649099137,ерікке,ɪ,NA,0.05241707604818657,324.15701872535584,1793.0873851347812,2004.6221702107712,s2,Kaz,inflected,erikke,will.DAT,high,front,-1.1446095290927396,1.1821110862856892,Speaker_3,male
Speaker_3_male,153.46894212150215,ерікке,ie,NA,0.1887189315988849,408.9922342935053,1788.4595516232753,2388.718109456753,s3,Kaz,inflected,erikke,will.DAT,high,front,-0.4620113261052421,1.1680207095948447,Speaker_3,male
Speaker_4_female,104.81942805053352,ерікке,ie,NA,0.25477180003748856,363.0807407670331,2548.5623575157733,2777.5714269724062,s1,Kaz,inflected,erikke,will.DAT,high,front,-1.1159978928817258,1.840100565405069,Speaker_4,female
Speaker_4_female,104.982521156709,ерікке,ɪ,NA,0.02746708165901168,1683.7450343294745,2512.789128385763,3416.1890090400766,s2,Kaz,inflected,erikke,will.DAT,high,front,5.2199513992765,1.761453521445228,Speaker_4,female
Speaker_4_female,105.24296686290909,ерікке,ie,NA,0.08416481402183251,482.2530437226032,2263.1684988978736,3014.1002528132385,s3,Kaz,inflected,erikke,will.DAT,high,front,-0.544263143758284,1.2126653606317588,Speaker_4,female
Speaker_1_male_additional,130.12313625980144,жебе,ie,NA,0.11642294184804314,338.2595598753823,1961.547887287108,2428.6559874092677,s1,Kaz,uninflected,jebe,arrow,high,front,-0.8746513107309345,1.0943505995617846,Speaker_1,male
Speaker_1_male_additional,130.3276052287997,жебе,ie,NA,0.13272308843107794,340.5827305176352,1847.104411096425,2501.213647598715,s2,Kaz,uninflected,jebe,arrow,high,front,-0.8549704219215231,0.8313217681441799,Speaker_1,male
Speaker_2_female_additional,212.6250905727432,жебе,ie,NA,0.09630576465985996,370.2688890315977,2598.058341599672,2739.7939424864408,s1,Kaz,uninflected,jebe,arrow,high,front,-1.2504704496305405,2.211712815753301,Speaker_2,female
Speaker_2_female_additional,212.8475768068409,жебе,ie,NA,0.116222234511838,427.8194988326038,954.149466797523,2443.045903462274,s2,Kaz,uninflected,jebe,arrow,high,front,-0.8418946283668598,-0.8173246495347022,Speaker_2,female
Speaker_3_male_additional,242.1896572283136,жебе,ie,NA,0.08885947779603498,336.9107189814242,1809.787491341168,2480.989567423047,s1,Kaz,uninflected,jebe,arrow,high,front,-1.0833764216359014,1.1116907842494212,Speaker_3,male
Speaker_3_male_additional,242.38538872204265,жебе,ie,NA,0.14991539288570266,358.7100627268113,1764.5421053638888,2420.584785839721,s2,Kaz,uninflected,jebe,arrow,high,front,-0.8976553226379144,0.9857034085441957,Speaker_3,male
Speaker_4_female_additional,382.5237888634046,жебе,ie,NA,0.118896484375,449.56807502925824,2405.635059607072,3095.148323873702,s1,Kaz,uninflected,jebe,arrow,high,front,-0.853099607130129,1.350059345679614,Speaker_4,female
Speaker_4_female_additional,382.7997538613487,жебе,ie,NA,0.22527754934208133,399.5459529750189,2367.7495750774956,3038.304263975447,s2,Kaz,uninflected,jebe,arrow,high,front,-1.1096756304219357,1.267443201911843,Speaker_4,female
Speaker_1_male,208.3146936270228,жебеге,ie,NA,0.0865213072258939,343.2646773258653,2006.4539926826255,2597.379353214936,s1,Kaz,inflected,jebege,arrow.DAT,high,front,-0.8875483694352979,1.356644781049363,Speaker_1,male
Speaker_1_male,208.48361617922575,жебеге,ie,NA,0.07828118272820461,312.3671480938811,2061.8624916342305,2122.662630420163,s2,Kaz,inflected,jebege,arrow.DAT,high,front,-1.094878391936386,1.4957911908637855,Speaker_1,male
Speaker_1_male,208.63713543674265,жебеге,ie,NA,0.10020128767510528,375.5868851160783,1929.6787942717815,2404.3239828596775,s3,Kaz,inflected,jebege,arrow.DAT,high,front,-0.6706584033116426,1.1638405466125186,Speaker_1,male
Speaker_2_female,340.1794181097025,жебеге,ie,NA,0.11202359211819156,330.6224134823465,2688.8044629859764,3421.166118855314,s1,Kaz,inflected,jebege,arrow.DAT,high,front,-1.4262491518393738,2.317480782473221,Speaker_2,female
Speaker_2_female,340.37074322648965,жебеге,ie,NA,0.10159357864188225,388.273041164496,2134.536501035283,2706.311584504139,s2,Kaz,inflected,jebege,arrow.DAT,high,front,-1.0709901730981033,1.239368237288958,Speaker_2,female
Speaker_2_female,340.6008568797517,жебеге,ie,NA,0.15350066120367956,411.5207086768935,1895.2937419543991,2392.1005197968907,s3,Kaz,inflected,jebege,arrow.DAT,high,front,-0.9277316701012979,0.7740145859578675,Speaker_2,female
Speaker_3_male,373.4343389627643,жебеге,ie,NA,0.0806442406051815,335.9549397539425,1856.5937626883735,2422.4799718905915,s1,Kaz,inflected,jebege,arrow.DAT,high,front,-1.049681501396124,1.375469118673054,Speaker_3,male
Speaker_3_male,373.5754754593796,жебеге,ie,NA,0.13011685919531146,342.3731663876752,1847.8919171356404,2321.7375087381392,s2,Kaz,inflected,jebege,arrow.DAT,high,front,-0.9980393863002641,1.3489745869577894,Speaker_3,male
Speaker_3_male,373.7996575879813,жебеге,ie,NA,0.16200255179785472,362.5183624981944,1668.8715453880263,2266.749990402923,s3,Kaz,inflected,jebege,arrow.DAT,high,front,-0.835947800019981,0.8039107969602881,Speaker_3,male
Speaker_4_female,534.0886921128181,жебеге,ie,NA,0.08523228897740864,419.3700292785719,2309.9937621357844,3227.110239211749,s1,Kaz,inflected,jebege,arrow.DAT,high,front,-0.845947374033567,1.31561017791172,Speaker_4,female
Speaker_4_female,534.2589458511868,жебеге,ie,NA,0.10712161847015976,429.5902420210284,2313.637530553362,3072.1301291321083,s2,Kaz,inflected,jebege,arrow.DAT,high,front,-0.7969154209422933,1.3236209620060273,Speaker_4,female
Speaker_4_female,534.4834892437492,жебеге,ie,NA,0.1744159685347313,519.6973656519701,2247.7294274332103,2974.1388691803672,s3,Kaz,inflected,jebege,arrow.DAT,high,front,-0.36462224169091834,1.1787227347712972,Speaker_4,female
Speaker_1_male_additional,102.1726247688624,жеңге,ie,NA,0.10314040076096376,424.07980665840427,1811.328550412249,2303.732472863155,s1,Kaz,uninflected,jeńge,daughter-in-law,high,front,-0.14761959648070888,0.7490970477674671,Speaker_1,male
Speaker_1_male_additional,102.44224292558565,жеңге,ie,NA,0.10932215538039712,363.5906218326551,1845.1456756788928,2495.932988373684,s2,Kaz,uninflected,jeńge,daughter-in-law,high,front,-0.6600575978377892,0.8268199485116533,Speaker_1,male
Speaker_2_female_additional,24.64291460498056,жеңге,ie,NA,0.06257709703947256,529.3025399799642,2820.0877512830784,3229.48246156489,s1,Kaz,uninflected,jeńge,daughter-in-law,high,front,-0.1214241238059538,2.620820285537938,Speaker_2,female
Speaker_2_female_additional,24.94075183380381,жеңге,ie,NA,0.14024268732555356,431.2343769613401,2362.8158151761586,2972.65065289272,s2,Kaz,uninflected,jeńge,daughter-in-law,high,front,-0.8176509819348211,1.778259090374767,Speaker_2,female
Speaker_3_male_additional,32.419368751234884,жеңге,ie,NA,0.11398838888489848,406.70256659755,1858.6446885317032,2289.2463192040577,s1,Kaz,uninflected,jeńge,daughter-in-law,high,front,-0.4887796855249921,1.2477353758778198,Speaker_3,male
Speaker_3_male_additional,32.66899778313005,жеңге,ie,NA,0.15179948080382388,396.4954150322779,1732.536791178887,2355.701560253494,s2,Kaz,uninflected,jeńge,daughter-in-law,high,front,-0.575740257755177,0.8965834804964057,Speaker_3,male
Speaker_4_female_additional,300.60274888199837,жеңге,ie,NA,0.10262643914472848,559.6049870574167,2455.756553265312,3185.8039207924494,s1,Kaz,uninflected,jeńge,daughter-in-law,high,front,-0.2886926578831095,1.4593583180259204,Speaker_4,female
Speaker_4_female_additional,300.99047751747577,жеңге,ie,NA,0.23843863027730097,458.3561597436396,2366.2189541434886,2986.8763838529803,s2,Kaz,uninflected,jeńge,daughter-in-law,high,front,-0.8080233141667363,1.264105406428743,Speaker_4,female
Speaker_1_male,164.22363496994743,жеңгелер,ie,NA,0.08260176809210407,351.313478842674,2042.1647059547345,2801.0943486060387,s1,Kaz,inflected,jeńgeler,daughter-in-law.Pl,high,front,-0.8335389311058639,1.4463244806937487,Speaker_1,male
Speaker_1_male,164.4539186870527,жеңгелер,ie,NA,0.06758326480260735,367.246869558113,1924.8071916210315,2479.6342830190724,s2,Kaz,inflected,jeńgeler,daughter-in-law.Pl,high,front,-0.726621959501191,1.1516065747179478,Speaker_1,male
Speaker_1_male,164.59972332315468,жеңгелер,ie,NA,0.08135022615130083,429.0185005746624,1703.0823544972022,2396.5725730083373,s3,Kaz,inflected,jeńgeler,daughter-in-law.Pl,high,front,-0.3121191184347747,0.5947928072232639,Speaker_1,male
Speaker_2_female,46.44892684497526,жеңгелер,ie,NA,0.10275420404418156,530.0822288946503,2751.4376957385875,3189.692382375285,s1,Kaz,inflected,jeńgeler,daughter-in-law.Pl,high,front,-0.19712306644832422,2.439309353871044,Speaker_2,female
Speaker_2_female,46.68419265820198,жеңгелер,ie,NA,0.08323729425808324,349.36060760469394,2216.9611812689445,2661.228612706062,s2,Kaz,inflected,jeńgeler,daughter-in-law.Pl,high,front,-1.3107792606169748,1.399693365012319,Speaker_2,female
Speaker_2_female,46.88180826597234,жеңгелер,ie,NA,0.10500273039978224,474.6003367213961,1859.0302744883077,2236.7159137330864,s3,Kaz,inflected,jeńgeler,daughter-in-law.Pl,high,front,-0.539017702197564,0.7034781272574954,Speaker_2,female
Speaker_3_male,49.86155970048364,жеңгелер,ie,NA,0.08092099018918475,365.4559596555659,1936.8667650914872,2444.527634531286,s1,Kaz,inflected,jeńgeler,daughter-in-law.Pl,high,front,-0.8123114064858341,1.6198765372097816,Speaker_3,male
Speaker_3_male,50.047396405537526,жеңгелер,ie,NA,0.09567863966123724,369.8143559308701,1783.8528123128206,2429.4993516237405,s2,Kaz,inflected,jeńgeler,daughter-in-law.Pl,high,front,-0.7772430278000966,1.153994558472631,Speaker_3,male
Speaker_3_male,50.17773485498168,жеңгелер,ie,NA,0.08242480297928267,437.6378432403447,1646.4101146405749,2279.004065540134,s3,Kaz,inflected,jeńgeler,daughter-in-law.Pl,high,front,-0.2315240094921599,0.7355224205288473,Speaker_3,male
Speaker_4_female,420.5122394489152,жеңгелер,ie,NA,0.07828118272817619,504.4594151822794,2349.2602957877734,3092.7774266143792,s1,Kaz,inflected,jeńgeler,daughter-in-law.Pl,high,front,-0.4377270283978776,1.4019372127750012,Speaker_4,female
Speaker_4_female,420.75263262425017,жеңгелер,ie,NA,0.08091546925697912,485.5240063053086,2440.0193103531483,3130.233452436408,s2,Kaz,inflected,jeńgeler,daughter-in-law.Pl,high,front,-0.5285705463574226,1.601469890754212,Speaker_4,female
Speaker_4_female,420.90845210184654,жеңгелер,ie,NA,0.09064136947472434,532.7039180264028,2115.7684813309083,3026.357438252983,s3,Kaz,inflected,jeńgeler,daughter-in-law.Pl,high,front,-0.3022226926822064,0.8886080713347919,Speaker_4,female
Speaker_1_male,254.09729893459857,жительдің,ɪ,NA,0.03708056023967288,423.89658234659834,1544.0097328288862,2717.024082402949,s3,CS,inflected,jiteldiń,resident.GEN,high,front,-0.3464884498301791,0.19531647013196782,Speaker_1,male
Speaker_2_female,14.255414847357695,жительдің,ɪ,NA,0.05670973361199394,394.3184179969996,962.8644059572111,2319.6074172318795,s3,CS,inflected,jiteldiń,resident.GEN,high,front,-1.03373690308234,-1.0396636953890648,Speaker_2,female
Speaker_3_male,26.288397153008347,жительдің,ɪ,NA,0.07033389206388208,424.8412878082171,1515.042288532348,1968.0058563144064,s3,CS,inflected,jiteldiń,resident.GEN,high,front,-0.334487215089054,0.33554645978606035,Speaker_3,male
Speaker_4_female,367.1901702475892,жительдің,ɪ,NA,0.03982726840558825,363.1513270523281,1113.5009723015714,2968.7232465693164,s3,CS,inflected,jiteldiń,resident.GEN,high,front,-1.1156592518458994,-1.314865832451644,Speaker_4,female
Speaker_1_male_additional,184.4439488517511,жылқы,ə,NA,0.0813555641582866,422.6692458431598,784.4493955305469,2793.4193534975525,s1,Kaz,uninflected,jylqy,horse,non-high,back,-0.15956925272155148,-1.6110097325054378,Speaker_1,male
Speaker_1_male_additional,184.72327159874385,жылқы,ə,NA,0.09631109236261182,486.3060301151479,1220.7032041273742,2972.3067644911825,s2,Kaz,uninflected,jylqy,horse,non-high,back,0.37953383883222663,-0.6083546813296622,Speaker_1,male
Speaker_2_female_additional,51.45817620107984,жылқы,ə,NA,0.06257709703947967,563.8114397036711,1160.6221693564137,1832.097478382487,s1,Kaz,uninflected,jylqy,horse,non-high,back,0.1235689717367641,-0.4368816936041814,Speaker_2,female
Speaker_2_female_additional,51.80409886780288,жылқы,ə,NA,0.090474908148785,578.0813219460921,1309.8192725332424,2852.9727133558317,s2,Kaz,uninflected,jylqy,horse,non-high,back,0.22487682714772866,-0.16197374574761625,Speaker_2,female
Speaker_3_male_additional,54.57372686649612,жылқы,ə,NA,0.05491930633520781,457.2278591503058,1105.9613189828358,2334.6696108721376,s1,Kaz,uninflected,jylqy,horse,non-high,back,-0.058325770503891275,-0.8481380578033068,Speaker_3,male
Speaker_3_male_additional,54.81530727901253,жылқы,ə,NA,0.07262864872492258,444.9892623571775,1199.5622616929895,2427.1345820911547,s2,Kaz,uninflected,jylqy,horse,non-high,back,-0.16259338851849345,-0.5875029260462422,Speaker_3,male
Speaker_4_female_additional,236.25816256130275,жылқы,ə,NA,0.06007401315790162,475.0194367553094,1519.4033071861447,3006.8478660765036,s1,Kaz,uninflected,jylqy,horse,non-high,back,-0.7225531826511604,-0.5825291055097075,Speaker_4,female
Speaker_4_female_additional,236.65601580784167,жылқы,ə,NA,0.20247561314363335,594.163882386524,1585.2214419697527,2833.719389798564,s2,Kaz,uninflected,jylqy,horse,non-high,back,-0.11143140688528828,-0.4390007712854469,Speaker_4,female
Speaker_1_male,295.9062890577292,жылқыға,ə,NA,0.06592099598162804,405.8686458793724,916.2856937985654,2770.005227061923,s1,Kaz,inflected,jylqyǵa,horse.DAT,non-high,back,-0.4674603387257141,-1.3810761056995318,Speaker_1,male
Speaker_1_male,296.1150388783377,жылқыға,ə,NA,0.068667704147515,543.4556102621749,1089.982123648149,2795.237059759244,s2,Kaz,inflected,jylqyǵa,horse.DAT,non-high,back,0.45578204117998,-0.9448752508042895,Speaker_1,male
Speaker_1_male,296.3521468083407,жылқыға,ɑ,NA,0.232505541406681,468.8666494698179,1248.0495482491335,2917.602245172239,s3,Kaz,inflected,jylqyǵa,horse.DAT,non-high,back,-0.04472823597848398,-0.5479232478083335,Speaker_1,male
Speaker_2_female,74.19992425338285,жылқыға,ə,NA,0.0625845168222412,475.8480957372351,987.9291159959946,2924.6353533396555,s1,Kaz,inflected,jylqyǵa,horse.DAT,non-high,back,-0.5313286689380106,-0.9909100596221426,Speaker_2,female
Speaker_2_female,74.44908398444817,жылқыға,ə,NA,0.05981353207474171,635.1162111457812,1123.7404983979618,3095.3328059713285,s2,Kaz,inflected,jylqyǵa,horse.DAT,non-high,back,0.45012513826149514,-0.7267418861071754,Speaker_2,female
Speaker_2_female,74.63760697541107,жылқыға,ɑ,NA,0.13944451445856032,810.24219478919,1121.9396953746923,1491.4908853921606,s3,Kaz,inflected,jylqyǵa,horse.DAT,non-high,back,1.5292994786213931,-0.7302446473419395,Speaker_2,female
Speaker_3_male,88.3212509653724,жылқыға,ə,NA,0.1065141714435498,470.7221767587952,1082.5154266939824,2332.3946224646165,s1,Kaz,inflected,jylqyǵa,horse.DAT,non-high,back,0.034678020590404146,-0.9813691978448834,Speaker_3,male
Speaker_3_male,88.53892529694815,жылқыға,ə,NA,0.06982223000838417,536.1077875288025,1036.3344216763246,2429.4787752115944,s2,Kaz,inflected,jylqyǵa,horse.DAT,non-high,back,0.5607814802673978,-1.1219766235534252,Speaker_3,male
Speaker_3_male,88.67851135472904,жылқыға,ɑ,NA,0.11140903657364731,608.2931973369359,1198.2814620363545,2335.301677646278,s3,Kaz,inflected,jylqyǵa,horse.DAT,non-high,back,1.1415972498385336,-0.6288960498969097,Speaker_3,male
Speaker_4_female,349.99287122684336,жылқыға,ə,NA,0.05356080923507989,464.93110519666664,1478.0118719208358,3129.33709772529,s1,Kaz,inflected,jylqyǵa,horse.DAT,non-high,back,-0.6273659615426334,-0.5134926983124066,Speaker_4,female
Speaker_4_female,350.23252151431825,жылқыға,ə,NA,0.08514795314295043,543.2844252226444,1205.3871365793752,3059.705324889008,s2,Kaz,inflected,jylqyǵa,horse.DAT,non-high,back,-0.2514622099406987,-1.1128551284418349,Speaker_4,female
Speaker_4_female,350.43989798084385,жылқыға,ɑ,NA,0.2087498206084888,956.8894234269196,1679.4662191646607,3100.357636766348,s3,Kaz,inflected,jylqyǵa,horse.DAT,non-high,back,1.7328272937427598,-0.07059757005867216,Speaker_4,female
Speaker_1_male,416.56087621989025,законды,ə,NA,0.1839674583209785,417.9597304763138,1495.699572388919,2772.1443625608745,s3,CS,inflected,zakondy,law.ACC,non-high,back,-0.38632618645338934,0.07399599565653628,Speaker_1,male
Speaker_2_female,18.01249625566446,законды,ə,NA,0.11916951711882716,503.0044881944346,1554.2559529681712,1855.8869179702851,s3,CS,inflected,zakondy,law.ACC,non-high,back,-0.3639835308445875,0.11065833243393827,Speaker_2,female
Speaker_3_male,35.159838744933396,законды,ə,NA,0.15753819450036133,457.4001950895975,1317.0892713237326,2010.0435541473505,s3,CS,inflected,zakondy,law.ACC,non-high,back,-0.07251285158132637,-0.2671616049323145,Speaker_3,male
Speaker_4_female,251.57347361312137,законды,ə,NA,0.23132270789764675,287.7112198544067,1827.5158201000147,3157.9185362691287,s3,CS,inflected,zakondy,law.ACC,non-high,back,-1.4775867273829757,0.2548878210052216,Speaker_4,female
Speaker_1_male,329.19525899637574,звездалар,ɑ,NA,0.07278776639640228,567.6124623076224,1176.3632936602396,2369.1595477683436,s3,CS,inflected,zvezdalar,star.Pl,non-high,back,0.6178804614301502,-0.7279477052079021,Speaker_1,male
Speaker_2_female,374.55807238609486,звездалар,ɑ,NA,0.07568549105161537,749.513519773569,1258.6807621279709,2256.7133024593336,s3,CS,inflected,zvezdalar,star.Pl,non-high,back,1.1550727280418824,-0.4642681348447176,Speaker_2,female
Speaker_3_male,426.8629995877566,звездалар,ɑ,NA,0.06812097433413555,585.7213306372026,1178.6177914081998,2404.737171206903,s3,CS,inflected,zvezdalar,star.Pl,non-high,back,0.9599802698600461,-0.6887660788395091,Speaker_3,male
Speaker_4_female,77.35012373571419,звездалар,ɑ,NA,0.08377459905999274,786.9358851616852,1640.8640994845923,3200.497976471019,s3,CS,inflected,zvezdalar,star.Pl,non-high,back,0.917467171022454,-0.15546389823910794,Speaker_4,female
Speaker_1_male,195.90667825766832,землялар,ɑ,NA,0.09201472355769624,594.6557536283747,1169.8712750418892,2592.138320100707,s3,CS,inflected,zemlyalar,land.Pl,non-high,back,0.7993475993342051,-0.7442509998338915,Speaker_1,male
Speaker_2_female,25.424147769195173,землялар,ɑ,NA,0.1355130636412447,799.4423198942841,1052.7749352184046,1399.469109114823,s3,CS,inflected,zemlyalar,land.Pl,non-high,back,1.4627476876009855,-0.8647777626003454,Speaker_2,female
Speaker_4_female,299.34026117534125,землялар,ɑ,NA,0.07258943256579187,776.5383539459386,1599.5721246873516,3208.91702358935,s3,CS,inflected,zemlyalar,land.Pl,non-high,back,0.8675845241850065,-0.24624384279666817,Speaker_4,female
Speaker_1_male_additional,152.7766786340336,кеме,ie,NA,0.08797540958732952,329.07628355849977,2314.9653784341926,2929.9315708175404,s1,Kaz,uninflected,keme,boat,high,front,-0.9524480239002265,1.9066204885336409,Speaker_1,male
Speaker_1_male_additional,152.97566422429497,кеме,ie,NA,0.12084239087857895,336.5715513932946,1762.273185156337,2620.4754588424257,s2,Kaz,uninflected,keme,boat,high,front,-0.88895138264175,0.6363516486629548,Speaker_1,male
Speaker_2_female_additional,116.1375578044562,кеме,ie,NA,0.09131746997358904,412.1865241752616,2733.6540833472,3563.6933310450045,s1,Kaz,uninflected,keme,boat,high,front,-0.9528796462755015,2.4615591352071156,Speaker_2,female
Speaker_2_female_additional,116.36105130769066,кеме,ie,NA,0.13780636377831,559.169905045155,2454.8945659968335,3229.576899398543,s2,Kaz,uninflected,keme,boat,high,front,0.0906167781529891,1.947921770750716,Speaker_2,female
Speaker_3_male_additional,149.6330327534076,кеме,ie,NA,0.07133789062498863,358.1684103981229,1916.1772437013335,2499.516275779699,s1,Kaz,uninflected,keme,boat,high,front,-0.902269969158185,1.407936808286369,Speaker_3,male
Speaker_3_male_additional,149.83063797028126,кеме,ie,NA,0.1713228361171275,367.85176001695953,1748.7507084711262,2431.6785436766213,s2,Kaz,uninflected,keme,boat,high,front,-0.8197719658147294,0.9417317060099776,Speaker_3,male
Speaker_4_female_additional,10.286557493319426,кеме,ie,NA,0.08652130722589035,498.0746448737115,2523.806803402757,3201.984579320899,s1,Kaz,uninflected,keme,boat,high,front,-0.604297231638717,1.6077541830543567,Speaker_4,female
Speaker_4_female_additional,10.535134582333493,кеме,ie,NA,0.21012317469144648,619.5082060992385,2357.8586249749933,2995.5715439104565,s2,Kaz,uninflected,keme,boat,high,front,0.018565992748768263,1.2458741982204622,Speaker_4,female
Speaker_1_male,239.6979280325579,кемеге,ie,NA,0.07122608715647516,299.89543703521724,2209.7770329324003,2730.2485499311592,s1,Kaz,inflected,kemege,boat.DAT,high,front,-1.178566641407905,1.8672464327566225,Speaker_1,male
Speaker_1_male,239.85233620431137,кемеге,ie,NA,0.0947614317235832,333.1163054013604,2145.5034806557937,2725.049918427527,s2,Kaz,inflected,kemege,boat.DAT,high,front,-0.9556464417329024,1.7058373670982874,Speaker_1,male
Speaker_1_male,240.0655879270228,кемеге,ie,NA,0.1696862319110437,360.5817068886736,2215.8976502002024,2642.956627981446,s3,Kaz,inflected,kemege,boat.DAT,high,front,-0.7713468407644412,1.882617033562948,Speaker_1,male
Speaker_2_female,173.1168652603294,кемеге,ie,NA,0.05411012223672173,404.483999919752,750.483911165698,2794.450659225987,s1,Kaz,inflected,kemege,boat.DAT,high,front,-0.9710937993142617,-1.4527672689409852,Speaker_2,female
Speaker_2_female,173.2987099249297,кемеге,ie,NA,0.11236833108924316,449.3953755800202,2806.580320989558,3419.9778191075297,s2,Kaz,inflected,kemege,boat.DAT,high,front,-0.6943375853333922,2.5465678644445893,Speaker_2,female
Speaker_2_female,173.53385181775036,кемеге,e,NA,0.14387973906821117,417.55662577552766,1688.1269300597871,2492.17808128463,s3,Kaz,inflected,kemege,boat.DAT,NA,NA,-0.8905366935600157,0.3710522028113593,Speaker_2,female
Speaker_3_male,220.77979577708072,кемеге,ie,NA,0.06577547419260554,356.1941983003711,2036.4378465971631,3105.1965154315394,s1,Kaz,inflected,kemege,boat.DAT,high,front,-0.8868330731688921,1.9230408672232855,Speaker_3,male
Speaker_3_male,220.92509476194545,кемеге,ie,NA,0.1060070873116672,350.5071514626193,2099.1325182884884,2815.8647898047707,s2,Kaz,inflected,kemege,boat.DAT,high,front,-0.9325919944583263,2.113927496667335,Speaker_3,male
Speaker_3_male,221.1357257737471,кемеге,e,NA,0.16909999620011718,352.92510752274717,1861.7118940535909,2380.1731972226935,s3,Kaz,inflected,kemege,boat.DAT,NA,NA,-0.9131367193052837,1.3910523065102653,Speaker_3,male
Speaker_4_female,33.83754694777021,кемеге,ie,NA,0.07004105823047979,1487.811859358217,2925.9172181454283,3465.7021940167524,s1,Kaz,inflected,kemege,boat.DAT,high,front,4.279952743054211,2.6697110041088883,Speaker_4,female
Speaker_4_female,33.99479599026806,кемеге,ie,NA,0.07690782864523271,406.5503782814597,2574.3043215522143,3211.9914620834447,s2,Kaz,inflected,kemege,boat.DAT,high,front,-0.9074502548616449,1.8966939853009608,Speaker_4,female
Speaker_4_female,34.179115482330516,кемеге,ie,NA,0.11044841653019688,454.32573932698426,2085.329772509018,3006.228371562105,s3,Kaz,inflected,kemege,boat.DAT,high,front,-0.6782457049434615,0.8216889105820447,Speaker_4,female
Speaker_1_male_additional,244.80184425707495,кесе,ie,NA,0.08633651706594492,339.9085572343149,2080.0387223728344,2782.710684746331,s1,Kaz,uninflected,kese,cup,high,front,-0.8606817240471539,1.3666815958202856,Speaker_1,male
Speaker_1_male_additional,245.06818999917851,кесе,ie,NA,0.1316498584542103,307.11806378344784,1935.1039284756575,2738.7847967043544,s2,Kaz,uninflected,kese,cup,high,front,-1.138468488340297,1.0335736656923347,Speaker_1,male
Speaker_2_female_additional,155.19487203927028,кесе,ie,NA,0.06597835836271315,380.4244545060844,1521.609325664126,2640.204345339638,s1,Kaz,uninflected,kese,cup,high,front,-1.178371847748082,0.22826686645541255,Speaker_2,female
Speaker_2_female_additional,155.48301492789005,кесе,ie,NA,0.14067494467676056,454.89384865608304,1404.284140243981,2362.09389045792,s2,Kaz,uninflected,kese,cup,high,front,-0.6496825084161372,0.012085551476957775,Speaker_2,female
Speaker_3_male_additional,188.77158396021116,кесе,ie,NA,0.07163347488884142,331.9755482683641,1784.382585725466,2661.5582195211437,s1,Kaz,uninflected,kese,cup,high,front,-1.1254219684779325,1.0409499270453622,Speaker_3,male
Speaker_3_male_additional,189.10067028575313,кесе,ie,NA,0.263641355471691,331.75225651150356,1685.3101991970689,2459.4674124485623,s2,Kaz,uninflected,kese,cup,high,front,-1.1273243188865363,0.7650793666785113,Speaker_3,male
Speaker_4_female_additional,263.6239377366712,кесе,ie,NA,0.11639340049345036,342.1173891775475,2506.9428720234546,3075.607412079497,s1,Kaz,uninflected,kese,cup,high,front,-1.4042411529828938,1.570979333883968,Speaker_4,female
Speaker_4_female_additional,263.96748599941793,кесе,ie,NA,0.22027138157892523,541.4432355961194,2196.959100631587,2918.6734137582503,s2,Kaz,uninflected,kese,cup,high,front,-0.3818488410794379,0.8950037157552486,Speaker_4,female
Speaker_1_male,410.9117564022963,кесеге,ie,NA,0.06592099598162804,333.4174035562014,2003.855999317027,2760.9953143500343,s1,Kaz,inflected,kesege,cup.DAT,high,front,-0.9536259990382938,1.350120485022855,Speaker_1,male
Speaker_1_male,411.116386160656,кесеге,ie,NA,0.07965453681111967,337.1766035359809,2061.5689933840977,2668.378990338178,s2,Kaz,inflected,kesege,cup.DAT,high,front,-0.9284008423423672,1.4950541337594507,Speaker_1,male
Speaker_1_male,411.3190766819047,кесеге,ie,NA,0.16367072389812165,365.733061978708,2046.035232004383,2584.979802213911,s3,Kaz,inflected,kesege,cup.DAT,high,front,-0.7367799807832119,1.4560444661489078,Speaker_1,male
Speaker_2_female,233.39765008488672,кесеге,ie,NA,0.04690224887607996,339.61774918034416,1534.0203991945027,2669.6443614463997,s1,Kaz,inflected,kesege,cup.DAT,high,front,-1.3708174262539292,0.07129794020530815,Speaker_2,female
Speaker_2_female,233.60242985181307,кесеге,ie,NA,0.09645799447764604,379.67821255383024,2419.822158422048,2622.182780268776,s2,Kaz,inflected,kesege,cup.DAT,high,front,-1.1239538641704003,1.7942804229172722,Speaker_2,female
Speaker_2_female,233.807718543774,кесеге,ie,NA,0.13462223094853698,398.43493650461687,2332.584068239369,2903.8840633923046,s3,Kaz,inflected,kesege,cup.DAT,high,front,-1.008369787063264,1.624592679983596,Speaker_2,female
Speaker_3_male,291.853388608327,кесеге,ie,NA,0.0624553143771891,314.71341559957017,1848.3904647272896,2629.1114585634523,s1,Kaz,inflected,kesege,cup.DAT,high,front,-1.2205943247960063,1.350492516102644,Speaker_3,male
Speaker_3_male,292.03653199660005,кесеге,ie,NA,0.07774585454859562,314.5359395068118,1993.897189281513,2584.973167527997,s2,Kaz,inflected,kesege,cup.DAT,high,front,-1.2220223268489128,1.7935172176012015,Speaker_3,male
Speaker_3_male,292.2213655791056,кесеге,ie,NA,0.15170495324292688,331.6920566219786,1861.6139879703856,2397.4647339530516,s3,Kaz,inflected,kesege,cup.DAT,high,front,-1.083981365502519,1.3907542116048937,Speaker_3,male
Speaker_4_female,377.6509329581827,кесеге,ie,NA,0.08240124497706347,400.30617237749584,2461.2332293179757,3169.1449861894753,s1,Kaz,inflected,kesege,cup.DAT,high,front,-0.9374071274523246,1.6481084542264608,Speaker_4,female
Speaker_4_female,377.88234312115986,кесеге,ie,NA,0.1112416807189902,430.874199533273,2315.4064788712317,3104.157820746545,s2,Kaz,inflected,kesege,cup.DAT,high,front,-0.7907555741663022,1.3275099750893185,Speaker_4,female
Speaker_4_female,378.1094678127294,кесеге,ie,NA,0.1864453369637431,506.2149914412804,2171.074361747562,3039.346352872136,s3,Kaz,inflected,kesege,cup.DAT,high,front,-0.42930456842090425,1.0101974305888413,Speaker_4,female
Speaker_1_male,70.36598110087877,книгалар,ɑ,NA,0.07953459783938399,573.3413790033192,1241.501455858146,2551.437663102338,s3,CS,inflected,knigalar,book.Pl,non-high,back,0.656322901876039,-0.564367359534494,Speaker_1,male
Speaker_2_female,71.54814642838195,книгалар,ɑ,NA,0.08168368783262281,644.4892284210713,1361.9524612400455,2372.0216066633534,s3,CS,inflected,knigalar,book.Pl,non-high,back,0.5078842413072172,-0.26339324757290616,Speaker_2,female
Speaker_3_male,76.11049943415506,книгалар,ɑ,NA,0.07212262152462756,589.9823189122873,1224.897417140416,2347.6280744478972,s3,CS,inflected,knigalar,book.Pl,non-high,back,0.9942648876339832,-0.5478583823856616,Speaker_3,male
Speaker_4_female,464.67859307040607,книгалар,ɑ,NA,0.100123355263122,681.5818560263741,1636.3349969754167,2725.352509756526,s3,CS,inflected,knigalar,book.Pl,non-high,back,0.41202624286251444,-0.16542107942739878,Speaker_4,female
Speaker_1_male,470.79098005528783,кожаға,ɑ,NA,0.1147800646085102,573.0578112335735,1136.0060306333196,2889.120845075765,s3,CS,inflected,kojaǵa,skin.DAT,non-high,back,0.6544200923782137,-0.8292962052825389,Speaker_1,male
Speaker_2_female,10.764029832925075,кожаға,ɑ,NA,0.1026092683902089,635.7469356548562,1381.4386443986705,2750.3122220576156,s3,CS,inflected,kojaǵa,skin.DAT,non-high,back,0.4540118356656666,-0.22549046414819737,Speaker_2,female
Speaker_3_male,17.794278811812234,кожаға,ɑ,NA,0.26159721677042214,600.4799495643355,1294.4710574834469,1893.63728915338,s3,CS,inflected,kojaǵa,skin.DAT,non-high,back,1.0787305634824553,-0.3360273392529919,Speaker_3,male
Speaker_4_female,345.33752158192016,кожаға,ɑ,NA,0.1342101657173771,720.0520922239924,1654.8049674651445,3036.357451403491,s3,CS,inflected,kojaǵa,skin.DAT,non-high,back,0.5965890170615241,-0.12481505597440322,Speaker_4,female
Speaker_1_male_additional,139.72346516847716,кісі,ɪ,NA,0.04150794089707688,379.8862800146613,1688.838381085838,2538.305042246592,s1,Kaz,uninflected,kisi,person,high,front,-0.5220078864118428,0.4675742631537874,Speaker_1,male
Speaker_1_male_additional,139.99243662549026,кісі,ɪ,NA,0.14776826959359823,391.53349892187504,1570.7108647294326,2629.467035765786,s2,Kaz,uninflected,kisi,person,high,front,-0.4233377258637321,0.1960782930932519,Speaker_1,male
Speaker_2_female_additional,215.68235951984212,кісі,ɪ,NA,0.03379163240131788,405.53105895226656,1489.3566267347,2167.788424300218,s1,Kaz,uninflected,kisi,person,high,front,-1.000129574274171,0.16883861291207486,Speaker_2,female
Speaker_2_female_additional,215.92294813029963,кісі,ɪ,NA,0.0905832759432883,526.1053141478905,976.146849320782,2011.735030604636,s2,Kaz,uninflected,kisi,person,high,front,-0.14412256565777493,-0.7767926609174849,Speaker_2,female
Speaker_3_male_additional,246.0986109145524,кісі,ɪ,NA,0.068834806743439,565.1701764173362,1736.4726218701442,2324.753332111269,s1,Kaz,uninflected,kisi,person,high,front,0.8612966743444507,0.907542940103195,Speaker_3,male
Speaker_3_male_additional,246.38274974629795,кісі,ɪ,NA,0.14650802944512975,366.1025885552268,1515.7457340872336,2408.530386495199,s2,Kaz,uninflected,kisi,person,high,front,-0.8346741596607097,0.292921123122446,Speaker_3,male
Speaker_4_female_additional,257.9801754207519,кісі,ɪ,NA,0.06007401315787319,519.6147674192011,1874.8333203296277,2971.0152683738106,s1,Kaz,uninflected,kisi,person,high,front,-0.4938125349289832,0.19255025350756214,Speaker_4,female
Speaker_4_female_additional,258.30244747050517,кісі,ɪ,NA,0.22652909128288456,623.492375729665,1917.5407558629088,2987.4470251083753,s2,Kaz,uninflected,kisi,person,high,front,0.039001799106331565,0.28568153261832235,Speaker_4,female
Speaker_1_male,217.2860608400596,кісілер,ɪ,NA,0.03982726840555983,752.8565763726575,1687.1521205623378,2351.8369591921087,s1,Kaz,inflected,kisiler,person.Pl,high,front,1.8609140402297268,0.554787484908427,Speaker_1,male
Speaker_1_male,217.4989307229169,кісілер,ɪ,NA,0.04532068473739059,419.5816016942669,1755.2850858296415,2871.88699596984,s2,Kaz,inflected,kisiler,person.Pl,high,front,-0.3754430315710889,0.7258886279882366,Speaker_1,male
Speaker_1_male,217.65068634908295,кісілер,ie,NA,0.07965453681111967,453.39885517923005,1679.53469749291,2494.7281634181863,s3,Kaz,inflected,kisiler,person.Pl,high,front,-0.14852094102721175,0.5356579814531139,Speaker_1,male
Speaker_2_female,347.0732924253281,кісілер,ɪ,NA,0.02618961801232444,471.4787781411445,2005.7798302372385,2908.0651914877026,s1,Kaz,inflected,kisiler,person.Pl,high,front,-0.5582536022716337,0.9889222588221733,Speaker_2,female
Speaker_2_female,347.25151093536147,кісілер,ɪ,NA,0.05083997745106217,364.1852691175542,1291.3930956127008,2176.143915699174,s2,Kaz,inflected,kisiler,person.Pl,high,front,-1.2194256306395088,-0.4006390248596885,Speaker_2,female
Speaker_2_female,347.4168733025345,кісілер,ie,NA,0.09247299346543514,439.16087855966725,2018.2843635501588,2335.1295436951004,s3,Kaz,inflected,kisiler,person.Pl,high,front,-0.7574053628331842,1.0132449604065978,Speaker_2,female
Speaker_3_male,380.16953582587394,кісілер,ɪ,NA,0.02603895479802531,660.0502076389648,1577.972844309002,2382.810206884245,s1,Kaz,inflected,kisiler,person.Pl,high,front,1.5580427316772612,0.5271512861162758,Speaker_3,male
Speaker_3_male,380.30820430586107,кісілер,ɪ,NA,0.01428772862408322,583.3882737857697,1619.1168435772925,2334.620650756709,s2,Kaz,inflected,kisiler,person.Pl,high,front,0.9412081078092939,0.6524225273605151,Speaker_3,male
Speaker_3_male,380.4604260035736,кісілер,ie,NA,0.12794690095114447,411.3112665141245,1605.2770772147987,2313.999535686254,s3,Kaz,inflected,kisiler,person.Pl,high,front,-0.44335200855811874,0.6102845548349314,Speaker_3,male
Speaker_4_female,372.3187947708419,кісілер,ɪ,NA,0.0247203734930963,955.4102951468092,1897.8850177589748,2775.6322696789744,s1,Kaz,inflected,kisiler,person.Pl,high,front,1.7257311059946248,0.40959371466636135,Speaker_4,female
Speaker_4_female,372.484970614879,кісілер,ɪ,NA,0.05218745515213641,493.6915102369524,1802.5602461379324,3113.9822176335542,s2,Kaz,inflected,kisiler,person.Pl,high,front,-0.4893865606869935,0.200023270888541,Speaker_4,female
Speaker_4_female,372.6573265522893,кісілер,ie,NA,0.09750813988944174,501.6678156865975,2055.3410702800365,2992.0267147899635,s3,Kaz,inflected,kisiler,person.Pl,high,front,-0.45111985875974303,0.7557590842884856,Speaker_4,female
Speaker_1_male_additional,220.9168792718072,кітап,ɪ,NA,0.02856092027687395,402.63293001164106,1784.5818553622148,2578.56606951432,s1,Kaz,uninflected,kitap,book,high,front,-0.32930818487677604,0.6876243262331115,Speaker_1,male
Speaker_1_male_additional,221.10832547078,кітап,æ,NA,0.08978205119223048,584.4816455323894,1464.5683317607356,2674.8120888751164,s2,Kaz,uninflected,kitap,book,non-high,front,1.211234849373816,-0.04787223462353765,Speaker_1,male
Speaker_2_female_additional,67.48419906549704,кітап,ɪ,NA,0.0290555586279595,479.5288620979676,1526.8874752442894,2527.2749924081145,s1,Kaz,uninflected,kitap,book,high,front,-0.47478825649313083,0.23799229167256972,Speaker_2,female
Speaker_2_female_additional,67.67389035539671,кітап,æ,NA,0.11124128160419389,806.7486278933414,1045.1266369583427,1606.8655966683948,s2,Kaz,uninflected,kitap,book,non-high,front,1.8482815598968416,-0.649691722231374,Speaker_2,female
Speaker_3_male_additional,75.12470077923818,кітап,ɪ,NA,0.05854609063962357,588.2251124379486,1648.0554201162215,2267.67652576103,s1,Kaz,uninflected,kitap,book,high,front,1.0577148833092267,0.6613421181725337,Speaker_3,male
Speaker_3_male_additional,75.30088015205487,кітап,æ,NA,0.07689266276888418,581.022870030476,1383.4674746351202,2146.3747167139372,s2,Kaz,uninflected,kitap,book,non-high,front,0.9963548538152763,-0.07541236351408094,Speaker_3,male
Speaker_4_female_additional,23.68142860219114,кітап,ɪ,NA,0.05506784539473486,505.2673656506496,1688.7625466255747,2100.7571697872795,s1,Kaz,uninflected,kitap,book,high,front,-0.5674039608655567,-0.21321068586523367,Speaker_4,female
Speaker_4_female_additional,23.864153725546405,кітап,æ,NA,0.13266344572368638,836.677758940046,1629.459166519362,3121.915059227936,s2,Kaz,uninflected,kitap,book,non-high,front,1.13248315499023,-0.3425324204980525,Speaker_4,female
Speaker_1_male,373.3145158579289,кітаптың,ɪ,NA,0.03570720615670098,829.8593799979946,1914.5925984301,2782.478781456783,s1,Kaz,inflected,kitaptyń,book.GEN,high,front,2.3776217966467517,1.1259548426348538,Speaker_1,male
Speaker_1_male,373.46558480705346,кітаптың,æ,NA,0.08240124497700663,620.4483687485907,1439.5174725917225,2576.9517080559767,s2,Kaz,inflected,kitaptyń,book.GEN,non-high,front,0.9724223922435565,-0.06709314464743588,Speaker_1,male
Speaker_1_male,373.7672185327819,кітаптың,ə,NA,0.05612885818948143,307.00740760681174,1306.46587508242,2662.747232565463,s3,Kaz,inflected,kitaptyń,book.GEN,non-high,back,-1.1308435691983196,-0.40122333160058204,Speaker_1,male
Speaker_2_female,100.04792265346316,кітаптың,ɪ,NA,0.02395560754249004,1130.1718817780093,2311.289438435162,3168.718377447056,s1,Kaz,inflected,kitaptyń,book.GEN,high,front,3.5007939521126907,1.5831722676325524,Speaker_2,female
Speaker_2_female,100.20654635303508,кітаптың,æ,NA,0.07677480097979128,793.6084314134396,1467.0555316299758,1642.1490822713592,s2,Kaz,inflected,kitaptyń,book.GEN,non-high,front,1.42679766680985,-0.05895614042715963,Speaker_2,female
Speaker_2_female,100.49470109315376,кітаптың,ə,NA,0.02654147784701877,572.6836715795843,1316.6845456914073,2681.346304985625,s3,Kaz,inflected,kitaptyń,book.GEN,non-high,back,0.06539870702822981,-0.35144435461428725,Speaker_2,female
Speaker_3_male,112.5865941348485,кітаптың,ɪ,NA,0.02748898292863089,720.4956141466859,1682.1183225274597,2375.3591170944997,s1,Kaz,inflected,kitaptyń,book.GEN,high,front,2.044396489190548,0.8442432936610053,Speaker_3,male
Speaker_3_male,112.7098344598297,кітаптың,æ,NA,0.08603523121480805,595.5208940869784,1396.4943637411843,2298.507092287364,s2,Kaz,inflected,kitaptyń,book.GEN,non-high,front,1.038829181318347,-0.025396714179120677,Speaker_3,male
Speaker_3_male,112.94062820863704,кітаптың,ə,NA,0.06555113234054488,396.3190531723254,1282.170808554407,2086.7519221263005,s3,Kaz,inflected,kitaptyń,book.GEN,non-high,back,-0.5639818415511919,-0.37347793905750604,Speaker_3,male
Speaker_4_female,50.709847636935685,кітаптың,ɪ,NA,0.04806739290327755,774.6693372561393,2041.5287791719952,2951.764561249914,s1,Kaz,inflected,kitaptyń,book.GEN,high,front,0.8586178283861653,0.7253929168392924,Speaker_4,female
Speaker_4_female,50.86984338759943,кітаптың,æ,NA,0.08240124497703505,606.7457414961492,1818.231479276635,2843.8045538686715,s2,Kaz,inflected,kitaptyń,book.GEN,non-high,front,0.05299645066102485,0.23447630159161795,Speaker_4,female
Speaker_4_female,51.153061611826146,кітаптың,ə,NA,0.05431959704026212,618.5785695075192,1694.9854215363846,3252.981546319731,s3,Kaz,inflected,kitaptyń,book.GEN,non-high,back,0.10976500163065478,-0.0364787772956583,Speaker_4,female
Speaker_1_male_additional,70.71525117519849,күрес,ʏ,NA,0.04109286148811009,398.0203108056013,1497.605180220594,2298.775989539613,s1,Kaz,uninflected,kúres,fight,high,front,-0.3683842837492165,0.02805733282195472,Speaker_1,male
Speaker_1_male_additional,70.84153197615812,күрес,ie,NA,0.11184968227817647,370.0798904257527,1752.4639072179923,2336.765740668616,s2,Kaz,uninflected,kúres,fight,high,front,-0.6050833435525723,0.6138066946030629,Speaker_1,male
Speaker_2_female_additional,260.8591068878246,күрес,ʏ,NA,0.03296049799081402,401.92115559934416,1435.305683662394,2351.151111435434,s1,Kaz,uninflected,kúres,fight,high,front,-1.0257577862462532,0.06924529961490744,Speaker_2,female
Speaker_2_female_additional,260.99781565020265,күрес,ie,NA,0.1483222409586915,427.4137991505717,1611.7810267412144,2367.2910237865553,s2,Kaz,uninflected,kúres,fight,high,front,-0.8447748598943071,0.3944156506476777,Speaker_2,female
Speaker_3_male_additional,310.5861928911406,күрес,ʏ,NA,0.02190198396385767,390.1151980710694,1409.203496003595,2184.697688525713,s1,Kaz,uninflected,kúres,fight,high,front,-0.6300969815043485,-0.003749502798604027,Speaker_3,male
Speaker_3_male_additional,310.6856904754334,күрес,ie,NA,0.11263877467104066,382.5046755912088,1604.62207205938,2064.4536965883403,s2,Kaz,uninflected,kúres,fight,high,front,-0.6949353828533658,0.5404004260733436,Speaker_3,male
Speaker_4_female_additional,55.296895399559105,күрес,ʏ,NA,0.04630705180921524,483.5045220779241,1446.6082749389795,2960.228266207524,s1,Kaz,uninflected,kúres,fight,high,front,-0.6790310496435374,-0.7412718251657355,Speaker_4,female
Speaker_4_female_additional,55.44082272274989,күрес,ie,NA,0.16144891036184106,411.88750700857395,2331.4174143872165,2907.124137414723,s2,Kaz,uninflected,kúres,fight,high,front,-1.0463727011352293,1.1882143614138796,Speaker_4,female
Speaker_1_male,96.71852496527475,күресті,ʏ,NA,0.03158714390787054,415.6510996066175,1459.391419425008,2318.91504837982,s1,Kaz,inflected,kúresti,fight.ACC,high,front,-0.4018176675542586,-0.017184044003692594,Speaker_1,male
Speaker_1_male,96.82427322966194,күресті,ie,NA,0.06454764189867035,386.74856656501566,1795.0304945009796,2538.024293866559,s2,Kaz,inflected,kúresti,fight.ACC,high,front,-0.5957607748125126,0.8257005887499621,Speaker_1,male
Speaker_1_male,97.1399699350682,күресті,ɪ,NA,0.12187904603779032,427.8949640252261,1573.2889633534696,2520.876208352891,s3,Kaz,inflected,kúresti,fight.ACC,high,front,-0.31965832509193004,0.2688448978409199,Speaker_1,male
Speaker_2_female,428.8180925553662,күресті,ʏ,NA,0.04227036176212095,422.6285192613168,1668.77182334834,2672.179430247002,s1,Kaz,inflected,kúresti,fight.ACC,high,front,-0.8592822949092296,0.3334043775869823,Speaker_2,female
Speaker_2_female,428.9286870372651,күресті,ie,NA,0.12955796141000064,409.9448218886328,2443.826783497364,2867.085175388149,s2,Kaz,inflected,kúresti,fight.ACC,high,front,-0.9374427166851445,1.8409720760755426,Speaker_2,female
Speaker_2_female,429.2982215655559,күресті,ɪ,NA,0.09100657044331228,433.23640437862304,1957.517052081574,2823.660868899453,s3,Kaz,inflected,kúresti,fight.ACC,high,front,-0.7939135975525172,0.8950458124695055,Speaker_2,female
Speaker_3_male,486.3332239654832,күресті,ʏ,NA,0.043286314399210823,637.6799451026362,1398.9399068145767,2255.483183907536,s1,Kaz,inflected,kúresti,fight.ACC,high,front,1.3780478922065005,-0.017950762843120478,Speaker_3,male
Speaker_3_male,486.4310880147035,күресті,ie,NA,0.08414044012152999,374.92738295537464,1710.8884157384618,2227.6513945725965,s2,Kaz,inflected,kúresti,fight.ACC,high,front,-0.7361027650521387,0.9318396710513859,Speaker_3,male
Speaker_3_male,486.6926457206814,күресті,ɪ,NA,0.06131853596144765,348.1136396351414,1483.2074261672008,2377.1950563567357,s3,Kaz,inflected,kúresti,fight.ACC,high,front,-0.9518505872646741,0.23861877180617402,Speaker_3,male
Speaker_4_female,101.498577951841,күресті,ʏ,NA,0.04182658525942884,814.3964838416844,1475.58869637387,2735.5046654699263,s1,Kaz,inflected,kúresti,fight.ACC,high,front,1.0492106895054543,-0.5188200226384275,Speaker_4,female
Speaker_4_female,101.62317947773349,күресті,ie,NA,0.10849497255310324,440.72065722003686,2021.236455503101,2734.8654120438378,s2,Kaz,inflected,kúresti,fight.ACC,high,front,-0.7435167285983404,0.6807804703130155,Speaker_4,female
Speaker_4_female,101.92170403777806,күресті,ɪ,NA,0.08073443246668432,467.7059722698021,1865.734509279092,3135.8660901057942,s3,Kaz,inflected,kúresti,fight.ACC,high,front,-0.6140534057678114,0.3389111815196018,Speaker_4,female
Speaker_1_male_additional,41.92600256041975,кәсіп,æ,NA,0.09060937030224636,620.5548455449704,1589.2847818807245,2447.0049404366005,s1,Kaz,uninflected,kásip,craft,non-high,front,1.5168312724410409,0.23876727708576578,Speaker_1,male
Speaker_1_male_additional,42.131527897433614,кәсіп,ɪ,NA,0.04814921144061657,390.3783454256595,1568.6040524952407,2575.1240612692836,s2,Kaz,uninflected,kásip,craft,high,front,-0.4331236826519833,0.19123614412660833,Speaker_1,male
Speaker_2_female_additional,34.7546431887981,кәсіп,æ,NA,0.08965715233770055,735.3753808210926,1357.9817246305274,1855.6847737510411,s1,Kaz,uninflected,kásip,craft,non-high,front,1.341573062113211,-0.07323046194462986,Speaker_2,female
Speaker_2_female_additional,34.976295593188524,кәсіп,ɪ,NA,0.04150794089708398,538.6341888915889,1482.4263297785285,1957.6364609480725,s2,Kaz,uninflected,kásip,craft,high,front,-0.055174849801827665,0.15606897011277945,Speaker_2,female
Speaker_3_male_additional,36.18765366320963,кәсіп,æ,NA,0.08908607051170492,602.3997728198616,1435.693549211344,2078.0996913746285,s1,Kaz,uninflected,kásip,craft,non-high,front,1.1784769362774117,0.07001298621214283,Speaker_3,male
Speaker_3_male_additional,36.373147436848015,кәсіп,ɪ,NA,0.02884043574196226,350.4942311646507,1330.8678837164907,2306.3565606894354,s2,Kaz,uninflected,kásip,craft,high,front,-0.9676506988624715,-0.2218777826915046,Speaker_3,male
Speaker_4_female_additional,268.6661388530632,кәсіп,æ,NA,0.15644274259869917,823.4056729315779,1904.1174340807947,2870.249430692003,s1,Kaz,uninflected,kásip,craft,non-high,front,1.0644072935714122,0.2564095542877713,Speaker_4,female
Speaker_4_female_additional,268.9270957817213,кәсіп,ɪ,NA,0.04753772574298409,511.1207214581876,1684.203084454998,3057.5136877187683,s2,Kaz,uninflected,kásip,craft,high,front,-0.5373806293007412,-0.22315341688386475,Speaker_4,female
Speaker_1_male,60.632899619277346,кәсіптер,æ,NA,0.08496219820263207,632.02949926189,1567.0579029802082,2548.9991384830673,s1,Kaz,inflected,kásipter,craft.Pl,non-high,front,1.050134627156658,0.25319694316462504,Speaker_1,male
Speaker_1_male,60.79322743474114,кәсіптер,ɪ,NA,0.0307388921388565,544.3710752389763,1743.900357704027,2861.4923987363486,s2,Kaz,inflected,kásipter,craft.Pl,high,front,0.4619250363953619,0.6972983561821704,Speaker_1,male
Speaker_1_male,60.99041218133935,кәсіптер,ie,NA,0.07272612021151303,431.8692538085378,1735.4960408039638,2596.4412179393335,s3,Kaz,inflected,kásipter,craft.Pl,high,front,-0.29298986289829654,0.6761927397927443,Speaker_1,male
Speaker_2_female,56.99459196223684,кәсіптер,æ,NA,0.07927539386280813,733.4245033577777,1979.989369397217,2917.4859978514573,s1,Kaz,inflected,kásipter,craft.Pl,non-high,front,1.0559277963970994,0.9387569574039684,Speaker_2,female
Speaker_2_female,57.18120325355109,кәсіптер,ɪ,NA,0.01091534599334664,474.9942665406142,1912.5602936648409,2813.9343237362345,s2,Kaz,inflected,kásipter,craft.Pl,high,front,-0.5365901986143811,0.8075999404957436,Speaker_2,female
Speaker_2_female,57.49141491862554,кәсіптер,ie,NA,0.09053462909688648,420.1428367798965,2123.044154077368,2269.3990728560443,s3,Kaz,inflected,kásipter,craft.Pl,high,front,-0.8745997520702008,1.217014350217202,Speaker_2,female
Speaker_3_male,61.57258255947882,кәсіптер,æ,NA,0.08556026467024225,600.3404857591745,1490.0797866976038,2047.2965774028712,s1,Kaz,inflected,kásipter,craft.Pl,non-high,front,1.0776084145947897,0.2595430657307321,Speaker_3,male
Speaker_3_male,61.72458743066311,кәсіптер,ɪ,NA,0.0068233402239386,1034.028431415844,2106.354490288496,3275.64918667783,s2,Kaz,inflected,kásipter,craft.Pl,high,front,4.567133494244912,2.135916253539819,Speaker_3,male
Speaker_3_male,61.891226475740446,кәсіптер,ie,NA,0.06121120840684568,407.6997950799261,1562.1794424887455,2196.8380192728264,s3,Kaz,inflected,kásipter,craft.Pl,high,front,-0.4724105061951546,0.4790650746473444,Speaker_3,male
Speaker_4_female,387.2926461963108,кәсіптер,æ,NA,0.12634857563142532,688.0186576924305,1781.9714384952192,2204.707102482299,s1,Kaz,inflected,kásipter,craft.Pl,non-high,front,0.44290710271358325,0.1547590076633133,Speaker_4,female
Speaker_4_female,387.4759889663847,кәсіптер,ɪ,NA,0.02884043574192674,1653.5285092576194,2735.7906195021847,3890.5890515061983,s2,Kaz,inflected,kásipter,craft.Pl,high,front,5.074986193831236,2.251719804402341,Speaker_4,female
Speaker_4_female,387.7204459931499,кәсіптер,ie,NA,0.08926801539183771,507.26552152325024,1722.521859051917,2892.4421717614064,s3,Kaz,inflected,kásipter,craft.Pl,high,front,-0.42426460076092226,0.024059772464858426,Speaker_4,female
Speaker_1_male_additional,295.0394434725967,көмек,ɵ,NA,0.06285377074061671,351.7301019274433,1136.1666874157404,2355.7596772599063,s1,Kaz,uninflected,kómek,help,high,front,-0.7605347514445178,-0.8026474618611407,Speaker_1,male
Speaker_1_male_additional,295.2186386275606,көмек,ie,NA,0.10958096396831252,378.02670441388153,2220.113077647751,2326.8088381542507,s2,Kaz,uninflected,kómek,help,high,front,-0.5377614001512167,1.6886186358849185,Speaker_1,male
Speaker_2_female_additional,239.6873062318982,көмек,ɵ,NA,0.06386129927699358,392.8542019069816,995.4689189100156,2304.450497523539,s1,Kaz,uninflected,kómek,help,high,front,-1.0901278783100221,-0.7411901566729996,Speaker_2,female
Speaker_2_female_additional,239.86025368384105,көмек,ie,NA,0.09336365703464368,335.7734163739931,1593.4619715443755,2964.1099791151814,s2,Kaz,uninflected,kómek,help,high,front,-1.4953682208217205,0.3606612830118303,Speaker_2,female
Speaker_3_male_additional,284.22283659619404,көмек,ɵ,NA,0.05704066012617659,398.49752033771273,1036.7876977834565,2085.9480809731954,s1,Kaz,uninflected,kómek,help,high,front,-0.5586831755797679,-1.0407544498330605,Speaker_3,male
Speaker_3_male_additional,284.37743247557023,көмек,ie,NA,0.0888594777960634,364.05475126583485,1848.6278041509197,2370.2618610980007,s2,Kaz,uninflected,kómek,help,high,front,-0.8521208588089542,1.2198430074380564,Speaker_3,male
Speaker_4_female_additional,190.5993668938512,көмек,ɵ,NA,0.09762027138157237,556.8893059451325,1267.4994586393675,2797.8632208213407,s1,Kaz,uninflected,kómek,help,high,front,-0.30262206814609327,-1.1318509586048797,Speaker_4,female
Speaker_4_female_additional,190.79711052049592,көмек,ie,NA,0.11263877467104066,571.0373907692763,2470.843905844419,3134.1829059904708,s2,Kaz,uninflected,kómek,help,high,front,-0.23005298886077477,1.4922590161489042,Speaker_4,female
Speaker_1_male,483.5278613455962,көмекті,ɵ,NA,0.04257397657147521,340.80781926283277,1244.694684195635,2237.880558668684,s1,Kaz,inflected,kómekti,help.ACC,high,front,-0.9040344914700404,-0.5563482601673129,Speaker_1,male
Speaker_1_male,483.659016660518,көмекті,ie,NA,0.05218745515213641,322.35327820303013,1792.5977674803044,2278.40230291689,s2,Kaz,inflected,kómekti,help.ACC,high,front,-1.0278690021342585,0.8195913232511594,Speaker_1,male
Speaker_1_male,484.0062328656665,көмекті,ɪ,NA,0.14234406895064922,437.0154652968268,1663.25956282179,2585.400149385764,s3,Kaz,inflected,kómekti,help.ACC,high,front,-0.2584575177501989,0.49478651585519995,Speaker_1,male
Speaker_2_female,389.1766424195772,көмекті,ɵ,NA,0.07791869966075637,363.5649949962278,1031.1691036862778,2519.199897510039,s1,Kaz,inflected,kómekti,help.ACC,high,front,-1.2232479298883037,-0.9068034967631938,Speaker_2,female
Speaker_2_female,389.3600184495776,көмекті,ie,NA,0.09426324345508874,439.5683272080615,2541.2812821222615,3200.8622702053717,s2,Kaz,inflected,kómekti,help.ACC,high,front,-0.7548945525170138,2.0305318644175774,Speaker_2,female
Speaker_2_female,389.7761050782302,көмекті,ɪ,NA,0.1759753095948895,549.4366725407039,641.1210950661358,1951.5679275747536,s3,Kaz,inflected,kómekti,help.ACC,high,front,-0.07785567665143138,-1.6654900530590868,Speaker_2,female
Speaker_3_male,440.98012099779794,көмекті,ɵ,NA,0.0784163926272754,366.008595815543,1135.1128541168948,2082.2307761896527,s1,Kaz,inflected,kómekti,help.ACC,high,front,-0.8078648043621764,-0.8212256742035118,Speaker_3,male
Speaker_3_male,441.1019713026432,көмекті,ie,NA,0.07815762422058015,373.6121787923224,1759.4352644942048,2115.308696368593,s2,Kaz,inflected,kómekti,help.ACC,high,front,-0.7466851156980203,1.0796503873230854,Speaker_3,male
Speaker_3_male,441.37559273492946,көмекті,ɪ,NA,0.16257870247665096,418.43821448013864,1482.4483220812856,2346.605195011418,s3,Kaz,inflected,kómekti,help.ACC,high,front,-0.386007404176479,0.23630752562769533,Speaker_3,male
Speaker_4_female,293.8794783619177,көмекті,ɵ,NA,0.0538163034539707,331.11756857105786,1403.3765508341062,2623.434213149754,s1,Kaz,inflected,kómekti,help.ACC,high,front,-1.2693427203578582,-0.6775776165939554,Speaker_4,female
Speaker_4_female,294.01589643346375,көмекті,ie,NA,0.05381630345391386,487.0933283157848,2194.953404467149,2749.110345544129,s2,Kaz,inflected,kómekti,help.ACC,high,front,-0.5210416499301378,1.0626952388146809,Speaker_4,female
Speaker_4_female,294.24873020448547,көмекті,ɪ,NA,0.06780695346299126,496.071666232647,1866.0321748370332,2994.324104055548,s3,Kaz,inflected,kómekti,help.ACC,high,front,-0.4779676499390789,0.3395655959180239,Speaker_4,female
Speaker_1_male,334.5936033833352,лицоны,ə,NA,0.16214627665243597,498.0956494006108,1465.686423165797,3168.7868422123697,s3,CS,inflected,litsony,face.ACC,non-high,back,0.15140554442303794,-0.001375509449017491,Speaker_1,male
Speaker_2_female,187.2174945512823,лицоны,ə,NA,0.1542048948175534,652.9699953476969,1618.2214884923935,3252.31978188479,s3,CS,inflected,litsony,face.ACC,non-high,back,0.5601450530004894,0.2350783802126126,Speaker_2,female
Speaker_3_male,250.64461147114685,лицоны,ə,NA,0.15985616437151862,443.31108917959523,1359.862124343611,2333.1228505005993,s3,CS,inflected,litsony,face.ACC,non-high,back,-0.18587613251909255,-0.13693098844756427,Speaker_3,male
Speaker_4_female,528.4292450187479,лицоны,ə,NA,0.17051061490076336,915.4538254641916,1527.612417279871,3408.160035450581,s3,CS,inflected,litsony,face.ACC,non-high,back,1.5340380564916152,-0.4044464543430133,Speaker_4,female
Speaker_1_male,461.4166911092677,личностьқа,ɑ,NA,0.16170391373736948,613.5686712537,1439.124459080652,3141.031042889116,s3,CS,inflected,lichnostqa,personality.DAT,non-high,back,0.9262579295220572,-0.06808011271386508,Speaker_1,male
Speaker_2_female,412.32442166585366,личностьқа,ɑ,NA,0.05904193518688316,644.3128697171785,1487.8778568561247,2868.4375467172986,s3,CS,inflected,lichnostqa,personality.DAT,non-high,back,0.5067974706066012,-0.01845441276602723,Speaker_2,female
Speaker_3_male,471.4343529744799,личностьқа,ɑ,NA,0.09847278322962438,541.1948351617312,1282.5825275622444,2238.665069781647,s3,CS,inflected,lichnostqa,personality.DAT,non-high,back,0.6017127085255438,-0.372224377126899,Speaker_3,male
Speaker_4_female,47.726134970408175,личностьқа,ɑ,NA,0.11387945916699492,752.2436012934468,1698.5863595895485,2879.2738067181986,s3,CS,inflected,lichnostqa,personality.DAT,non-high,back,0.7510293014671318,-0.028562155278266457,Speaker_4,female
Speaker_1_male,65.79874930361657,лошадьты,ə,NA,0.14071505771580917,447.880621177524,1531.6350759705797,2887.4086017098025,s3,CS,inflected,loshad'ty,horse.ACC,non-high,back,-0.18554964876464633,0.164240207336567,Speaker_1,male
Speaker_2_female,280.79787497757565,лошадьты,ə,NA,0.03970117241237858,456.2073750291912,1839.836837839745,2961.3643140648733,s3,CS,inflected,loshad'ty,horse.ACC,non-high,back,-0.6523601765037583,0.6661447682028082,Speaker_2,female
Speaker_3_male,333.23797057428965,лошадьты,ə,NA,0.12368836340721144,378.0474026358426,1388.722362001242,2327.7272742309387,s3,CS,inflected,loshad'ty,horse.ACC,non-high,back,-0.7109985696668835,-0.049060148026819926,Speaker_3,male
Speaker_4_female,330.0713600593878,лошадьты,ə,NA,0.06222329291369988,526.7328363596672,1693.9142846035766,3120.6150523396695,s3,CS,inflected,loshad'ty,horse.ACC,non-high,back,-0.33086923885157443,-0.038833659857011746,Speaker_4,female
Speaker_1_male,496.76582112646014,местолар,ɑ,NA,0.10309739488036485,605.9860516417019,1209.2310585164107,2658.1094402848335,s3,CS,inflected,mestolar,place.Pl,non-high,back,0.8753766864631345,-0.6454074529921654,Speaker_1,male
Speaker_2_female,203.1674057820869,местолар,a,NA,0.08074710440979516,649.0916653852017,1270.1131945703655,1606.0388963704795,s3,CS,inflected,mestolar,place.Pl,NA,NA,0.5362457201208177,-0.44203078813837177,Speaker_2,female
Speaker_3_male,229.7443632744851,местолар,a,NA,0.06314672888191808,564.7974115664962,1147.0446201966006,2414.121806560243,s3,CS,inflected,mestolar,place.Pl,NA,NA,0.7916229495954845,-0.7848969950857134,Speaker_3,male
Speaker_4_female,278.2891215725164,местолар,ɑ,NA,0.07712270982813152,732.250867929375,1609.0806429214103,3119.643139146715,s3,CS,inflected,mestolar,place.Pl,non-high,back,0.6551132193682485,-0.22533947185410702,Speaker_4,female
Speaker_1_male,475.18354495059015,народқа,ɑ,NA,0.1797950523897498,567.0741680362219,1371.8620204757094,3034.0286424404685,s3,CS,inflected,narodqa,people.DAT,non-high,back,0.6142683744388656,-0.23699511716860444,Speaker_1,male
Speaker_2_female,408.825723528487,народқа,ɑ,NA,0.16699464608541348,786.267629880634,973.5130631708174,1518.9738273476412,s3,CS,inflected,narodqa,people.DAT,non-high,back,1.3815616345143276,-1.0189508782690722,Speaker_2,female
Speaker_3_male,452.48724266943987,народқа,ɑ,NA,0.14648760843874695,554.9171936362253,1351.5445090039707,2491.1819257449088,s3,CS,inflected,narodqa,people.DAT,non-high,back,0.7121250788214071,-0.16225565343684978,Speaker_3,male
Speaker_4_female,436.7583379938322,народқа,ɑ,NA,0.1060741784421566,773.5688593092127,1525.0496223210362,1541.9914746122872,s3,CS,inflected,narodqa,people.DAT,non-high,back,0.8533382334861949,-0.41008073038376486,Speaker_4,female
Speaker_1_male,363.5911584283306,небоны,ə,NA,0.15505703320968678,432.6928027098753,1485.342339502437,3043.818763688434,s3,CS,inflected,nebony,sky.ACC,non-high,back,-0.2874636471623049,0.04798605496089324,Speaker_1,male
Speaker_2_female,43.42580700564602,небоны,ə,NA,0.22347869245612628,704.1762915295114,1463.5335214787365,2988.9706693287812,s3,CS,inflected,nebony,sky.ACC,non-high,back,0.8756922936475693,-0.0658068400688164,Speaker_2,female
Speaker_3_male,70.7250389622809,небоны,ə,NA,0.17984333824414023,328.67594689315894,1666.3869838989622,2540.5612288559205,s3,CS,inflected,nebony,sky.ACC,non-high,back,-1.1082494841973027,0.7963460461529309,Speaker_3,male
Speaker_4_female,452.286689611125,небоны,ə,NA,0.15143657483554307,712.4808947967842,1647.1618297796922,3324.486858699273,s3,CS,inflected,nebony,sky.ACC,non-high,back,0.5602658399956018,-0.14161840865342123,Speaker_4,female
Speaker_1_male_additional,260.6210934045242,неке,ie,NA,0.10605962136025936,373.2307802831086,2275.342483070721,3412.075711883504,s1,Kaz,uninflected,neke,marriage,high,front,-0.5783903784274675,1.8155540143951658,Speaker_1,male
Speaker_1_male_additional,260.8611752587542,неке,ie,NA,0.13461693286018317,326.0739896142154,1988.1258919271804,2199.0184203875756,s2,Kaz,uninflected,neke,marriage,high,front,-0.9778821492356474,1.155435614929913,Speaker_1,male
Speaker_2_female_additional,95.47000583579106,неке,ie,NA,0.0929777876094704,428.5545463900042,644.2481278749968,2906.355122803655,s1,Kaz,uninflected,neke,marriage,high,front,-0.8366762186841274,-1.3883433845313264,Speaker_2,female
Speaker_2_female_additional,95.7394662189399,неке,ie,NA,0.13712389841390404,483.4378091089917,2434.246022175761,3140.4937914937213,s2,Kaz,uninflected,neke,marriage,high,front,-0.447037008663999,1.9098751285089448,Speaker_2,female
Speaker_3_male_additional,106.64299743038217,неке,ie,NA,0.10512952302632073,344.1025259597201,1927.924147658249,2677.6412285732804,s1,Kaz,uninflected,neke,marriage,high,front,-1.0221052975419416,1.4406464773548635,Speaker_3,male
Speaker_3_male_additional,106.93654686687849,неке,ie,NA,0.1988694658231509,358.41515962423443,1676.8253006552695,2409.737218647337,s2,Kaz,uninflected,neke,marriage,high,front,-0.9001677711294009,0.7414528669301568,Speaker_3,male
Speaker_4_female_additional,200.56819745954743,неке,ie,NA,0.1494285872294938,424.9682895610232,1662.2907464079478,3070.6321292877196,s1,Kaz,uninflected,neke,marriage,high,front,-0.979278083173738,-0.27093722888631694,Speaker_4,female
Speaker_4_female_additional,200.8670546340064,неке,ie,NA,0.1494285872294938,529.6008976158099,2168.748719685411,2857.549484444175,s2,Kaz,uninflected,neke,marriage,high,front,-0.4425911658886635,0.8334858833470769,Speaker_4,female
Speaker_1_male,430.0690766019512,некені,ie,NA,0.09476143172361162,307.7511954335396,2355.7591359174944,2709.464903256994,s1,Kaz,inflected,nekeni,marriage.ACC,high,front,-1.1258525698956348,2.23384877557188,Speaker_1,male
Speaker_1_male,430.2915599633892,некені,ie,NA,0.08926801539178086,379.3116890769468,2170.178369635475,2581.801625677161,s2,Kaz,inflected,nekeni,marriage.ACC,high,front,-0.6456640523646555,1.7678029911281126,Speaker_1,male
Speaker_1_male,430.51379799973466,некені,ɪ,NA,0.16843190201791458,474.7590984290089,1775.4543762128576,3142.631591516719,s3,Kaz,inflected,nekeni,marriage.ACC,high,front,-0.005188453812635938,0.7765394198059381,Speaker_1,male
Speaker_2_female,133.22354150811282,некені,ie,NA,0.0934812607672768,463.9310444307922,2843.7508126605544,3544.760187991014,s1,Kaz,inflected,nekeni,marriage.ACC,high,front,-0.6047648073973511,2.6188685856339067,Speaker_2,female
Speaker_2_female,133.4645444476351,некені,ie,NA,0.08838306546931562,550.2540808495104,2310.286061365113,3041.17878851617,s2,Kaz,inflected,nekeni,marriage.ACC,high,front,-0.07281858247437781,1.5812205881543389,Speaker_2,female
Speaker_2_female,133.68196522313264,некені,ɪ,NA,0.13474353383725202,570.0810384600011,1919.331461199716,2983.880593668541,s3,Kaz,inflected,nekeni,marriage.ACC,high,front,0.04936056796061973,0.8207706109404167,Speaker_2,female
Speaker_3_male,149.20330402840395,некені,ie,NA,0.09702459625333404,338.5895798523814,2016.813275914095,2810.894674524281,s1,Kaz,inflected,nekeni,marriage.ACC,high,front,-1.0284827505628862,1.8632898859848634,Speaker_3,male
Speaker_3_male,149.38734902979178,некені,ie,NA,0.09351774340203178,422.8535793155019,1798.958228325416,2336.052190996611,s2,Kaz,inflected,nekeni,marriage.ACC,high,front,-0.35048064701592185,1.1999860577692687,Speaker_3,male
Speaker_3_male,149.53880328403056,некені,ɪ,NA,0.1025381247366397,411.13083435446936,1611.502900980429,2512.2743048499706,s3,Kaz,inflected,nekeni,marriage.ACC,high,front,-0.44480379561514355,0.6292403365955411,Speaker_3,male
Speaker_4_female,304.5020679644151,некені,ie,NA,0.08510485197371054,481.99440538798945,2478.1723974821734,3360.5110866680407,s1,Kaz,inflected,nekeni,marriage.ACC,high,front,-0.5455039733779753,1.685349025895603,Speaker_4,female
Speaker_4_female,304.70919815561575,некені,ie,NA,0.08635639391445693,506.32149055242866,2334.281548813531,3050.024343999941,s2,Kaz,inflected,nekeni,marriage.ACC,high,front,-0.42879363390773206,1.369006605155956,Speaker_4,female
Speaker_4_female,304.89943253061574,некені,ɪ,NA,0.14643040707238697,647.3809054808461,1853.3829403502632,3097.37527201525,s3,Kaz,inflected,nekeni,marriage.ACC,high,front,0.24794556811696725,0.31175639543674083,Speaker_4,female
Speaker_1_male_additional,224.78141427412095,нұсқа,ʊ,NA,0.07969524652239102,234.1752007182,984.5273493639994,2934.3537547296996,s1,Kaz,uninflected,nusqa,version,high,back,-1.7564086221029749,-1.1511646444241053,Speaker_1,male
Speaker_1_male_additional,225.1246986100764,нұсқа,ɑ,NA,0.11874004043872333,469.1341068558626,1221.6738425091994,2646.657581242672,s2,Kaz,uninflected,nusqa,version,non-high,back,0.23406079171158675,-0.6061238343840908,Speaker_1,male
Speaker_2_female_additional,112.20265881962575,нұсқа,ʊ,NA,0.06025075392227563,502.4652115802957,1042.946223384378,3049.4189150216753,s1,Kaz,uninflected,nusqa,version,high,back,-0.31195352965120626,-0.6537093137819739,Speaker_2,female
Speaker_2_female_additional,112.58588363610043,нұсқа,ɑ,NA,0.13243342995389185,670.4159511898115,1085.75018679472,2097.4023930470985,s2,Kaz,uninflected,nusqa,version,non-high,back,0.880398933773098,-0.574839486615704,Speaker_2,female
Speaker_3_male_additional,122.01056111669416,нұсқа,ʊ,NA,0.06007401315788741,561.1243260106488,708.3765684023748,2294.589778993898,s1,Kaz,uninflected,nusqa,version,high,back,0.8268277567161194,-1.9552268418663434,Speaker_3,male
Speaker_3_male_additional,122.37647224265092,нұсқа,ɑ,NA,0.2437208950056089,530.9637863529287,1308.1779434395903,2309.9559561452143,s2,Kaz,uninflected,nusqa,version,non-high,back,0.5698728393099716,-0.2850587229940251,Speaker_3,male
Speaker_4_female_additional,6.046655427568394,нұсқа,ɑ,NA,0.21846142324252504,803.2671973602442,1545.100306053537,2692.287577820277,s1,Kaz,uninflected,nusqa,version,non-high,back,0.9611119961098342,-0.5264921568157728,Speaker_4,female
Speaker_1_male,378.2545684453533,нұсқалар,ʊ,NA,0.04962019057461475,406.030553713158,1082.2942434038612,3178.8367766521,s1,Kaz,inflected,nusqalar,version.Pl,high,back,-0.4663738973287394,-0.9641816921502316,Speaker_1,male
Speaker_1_male,378.5178987064012,нұсқалар,ɑ,NA,0.05218745515213641,589.4846655278471,989.8081689544842,2663.8447886536383,s2,Kaz,inflected,nusqalar,version.Pl,non-high,back,0.7646483259978875,-1.1964403791920941,Speaker_1,male
Speaker_1_male,378.6458638684842,нұсқалар,ɑ,NA,0.08597763897319055,588.6350542661105,1158.0713413728747,2601.3571786664907,s3,Kaz,inflected,nusqalar,version.Pl,non-high,back,0.7589472254118027,-0.7738839701752427,Speaker_1,male
Speaker_2_female,163.4853660729245,нұсқалар,ʊ,NA,0.09093441342278652,322.65806087323955,1156.919047027074,2302.717536736432,s1,Kaz,inflected,nusqalar,version.Pl,high,back,-1.475327676878968,-0.662205936054854,Speaker_2,female
Speaker_2_female,163.81861023986633,нұсқалар,ɑ,NA,0.07679818682453288,682.3876241946294,1061.2336469105694,2877.362117343596,s2,Kaz,inflected,nusqalar,version.Pl,non-high,back,0.7414245498824793,-0.8483246319533482,Speaker_2,female
Speaker_2_female,163.98632956346216,нұсқалар,ɑ,NA,0.0878909856291159,754.0168356914411,1398.5474155549764,2084.45948943071,s3,Kaz,inflected,nusqalar,version.Pl,non-high,back,1.1828233957840122,-0.19221201025491438,Speaker_2,female
Speaker_3_male,178.2405811168752,нұсқалар,ʊ,NA,0.04882873975546431,459.9033748986742,1051.0282802319553,2430.24991147528,s1,Kaz,inflected,nusqalar,version.Pl,high,back,-0.052371852021329456,-1.0772381943130334,Speaker_3,male
Speaker_3_male,178.4815827272327,нұсқалар,ɑ,NA,0.0788637060363726,521.019074308832,935.8636757896784,2420.9204126468094,s2,Kaz,inflected,nusqalar,version.Pl,non-high,back,0.4393751932630137,-1.4278801640401861,Speaker_3,male
Speaker_3_male,178.59762606115515,нұсқалар,ɑ,NA,0.06508271643591002,568.4443758242655,1150.5004727930009,2385.1889315988647,s3,Kaz,inflected,nusqalar,version.Pl,non-high,back,0.8209670283726901,-0.77437495172563,Speaker_3,male
Speaker_4_female,17.513289123538122,нұсқалар,ʊ,NA,0.05369878355244495,382.7887282397185,1396.0054956664476,2894.267834813618,s1,Kaz,inflected,nusqalar,version.Pl,high,back,-1.021447892638594,-0.6937827989020556,Speaker_4,female
Speaker_4_female,17.774982063498896,нұсқалар,ɑ,NA,0.08789466130884094,672.5112463747358,1210.038053717979,2984.63356945097,s2,Kaz,inflected,nusqalar,version.Pl,non-high,back,0.3685095648680519,-1.102630139153784,Speaker_4,female
Speaker_4_female,17.92879772078937,нұсқалар,ɑ,NA,0.08514795314293977,723.1249167632506,1515.9424177286826,2857.81306863759,s3,Kaz,inflected,nusqalar,version.Pl,non-high,back,0.6113310378455656,-0.430102817775513,Speaker_4,female
Speaker_1_male,438.54817860395474,огоньды,ə,NA,0.1474002992870851,426.8376270192866,1568.3761982785752,2706.458764682092,s3,CS,inflected,ogon'dy,fire.ACC,non-high,back,-0.32675331652592954,0.2565075554590173,Speaker_1,male
Speaker_2_female,94.76791237290684,огоньды,ə,NA,0.12054633595236908,497.2943381594907,1673.0443032079456,2532.1469007106866,s3,CS,inflected,ogon'dy,fire.ACC,non-high,back,-0.3991710413962154,0.3417148238907464,Speaker_2,female
Speaker_3_male,137.9485656923768,огоньды,ə,NA,0.19922462431668464,420.9670448657776,1456.1755085785624,2375.871717149659,s3,CS,inflected,ogon'dy,fire.ACC,non-high,back,-0.3656600158267591,0.15631462223968906,Speaker_3,male
Speaker_4_female,551.5609634461971,огоньды,ə,NA,0.11398838888487715,422.9155672826273,1838.4661463131688,3085.871566652865,s3,CS,inflected,ogon'dy,fire.ACC,non-high,back,-0.8289374880870649,0.27896199065679644,Speaker_4,female
Speaker_1_male,530.2443334809805,окноның,ə,NA,0.06042757964985412,356.64391985696756,1122.183673949743,2661.149145778619,s3,CS,inflected,oknonyń,window.GEN,non-high,back,-0.7977703605144595,-0.8640080517336393,Speaker_1,male
Speaker_2_female,115.61155985994844,окноның,ə,NA,0.08107973449332917,417.4959377025698,1070.1072842935816,2174.370788614077,s3,CS,inflected,oknonyń,window.GEN,non-high,back,-0.89091067010958,-0.831064424904086,Speaker_2,female
Speaker_3_male,163.864358067664,окноның,ə,NA,0.05941607108997004,415.2924175323843,1211.7954383528731,1993.5234822271864,s3,CS,inflected,oknonyń,window.GEN,non-high,back,-0.4113190077260177,-0.5877500111689664,Speaker_3,male
Speaker_4_female,575.1162688715788,окноның,ə,NA,0.07416112047928891,364.4134175033241,1263.4871775283316,3313.2447805422667,s3,CS,inflected,oknonyń,window.GEN,non-high,back,-1.1096043133285132,-0.985122838522616,Speaker_4,female
Speaker_1_male_additional,2.829949899852365,олжа,ɑ,NA,0.09438184217698307,511.57863934642353,1328.4803011659303,2183.498047983657,s1,Kaz,uninflected,olja,trophy,non-high,back,0.5936323657153417,-0.36064738659143136,Speaker_1,male
Speaker_2_female_additional,70.76714846055756,олжа,o,NA,0.16206354764067044,413.9573555212189,745.3385761837378,2968.0557598269347,s1,Kaz,uninflected,olja,trophy,non-high,back,-0.9403077747697831,-1.2020759094884717,Speaker_2,female
Speaker_2_female_additional,71.15516269437315,олжа,ɑ,NA,0.1643588949547734,726.387688124729,1378.346486269012,1609.075481328514,s2,Kaz,uninflected,olja,trophy,non-high,back,1.2777656769720354,-0.0357067117415938,Speaker_2,female
Speaker_3_male_additional,87.12566374790114,олжа,o,NA,0.10172804246714406,567.6033480349666,2108.9038002834195,3247.3410098423024,s1,Kaz,uninflected,olja,trophy,non-high,back,0.8820262574069072,1.9445907138287999,Speaker_3,male
Speaker_3_male_additional,87.4713581102846,олжа,ɑ,NA,0.1858945819123079,559.37414231192,1297.0103263740612,1996.1921200127952,s2,Kaz,uninflected,olja,trophy,non-high,back,0.8119169390432219,-0.31615534724811917,Speaker_3,male
Speaker_4_female_additional,348.77737634889206,олжа,o,NA,0.19899516858555444,451.9561411851086,909.2616215739326,2991.4155871327916,s1,Kaz,uninflected,olja,trophy,non-high,back,-0.8408506162344317,-1.9130532849720712,Speaker_4,female
Speaker_4_female_additional,349.2197964249612,олжа,a,NA,0.2478053042763122,904.4102704710112,1675.2395971307803,2842.236387300053,s2,Kaz,uninflected,olja,trophy,NA,NA,1.4799002125340468,-0.24269992042297184,Speaker_4,female
Speaker_1_male,8.55770287596693,олжаның,o,NA,0.158115127088422,490.05107067313935,682.6572936312664,2915.81215681739,s1,Kaz,inflected,oljanyń,trophy.GEN,non-high,back,0.09742444204893978,-1.9677830862001324,Speaker_1,male
Speaker_1_male,8.865739505898336,олжаның,ɑ,NA,0.0948297128084974,729.9103249337653,1145.721691867554,1962.873202283386,s2,Kaz,inflected,oljanyń,trophy.GEN,non-high,back,1.706939047879323,-0.804897432435477,Speaker_1,male
Speaker_1_male,9.03655753562922,олжаның,ə,NA,0.04491082906098498,404.1894918787996,1134.9232112804275,2638.698228635539,s3,Kaz,inflected,oljanyń,trophy.GEN,non-high,back,-0.47872787517199983,-0.8320154708876966,Speaker_1,male
Speaker_2_female,103.10446150026256,олжаның,o,NA,0.1391273488663245,406.200573509938,834.7814023329412,3159.2882843125853,s1,Kaz,inflected,oljanyń,trophy.GEN,non-high,back,-0.9605158020729145,-1.2887993166258032,Speaker_2,female
Speaker_2_female,103.38533695173253,олжаның,ɑ,NA,0.12763095635769162,746.4812298534092,1393.7455945339686,1571.9673029966657,s2,Kaz,inflected,oljanyń,trophy.GEN,non-high,back,1.136386925933661,-0.20155208371732117,Speaker_2,female
Speaker_2_female,103.58316627962404,олжаның,ə,NA,0.05407868143865357,519.066061225025,1090.5673174959256,2092.856112405058,s3,Kaz,inflected,oljanyń,trophy.GEN,non-high,back,-0.2650077128658937,-0.7912673953361099,Speaker_2,female
Speaker_3_male,124.46979979601188,олжаның,o,NA,0.13867295570503302,396.93709402625,787.6275119167757,2533.340197730218,s1,Kaz,inflected,oljanyń,trophy.GEN,non-high,back,-0.559008982421449,-1.8792151965088129,Speaker_3,male
Speaker_3_male,124.7243789654376,олжаның,ɑ,NA,0.12611832438877002,624.479573210459,1132.9141214776148,2292.768202325391,s2,Kaz,inflected,oljanyń,trophy.GEN,non-high,back,1.2718355124533243,-0.8279201611708764,Speaker_3,male
Speaker_3_male,124.88179891918315,олжаның,ə,NA,0.06774813976467442,414.5149840074069,1260.9617509393154,2060.569938742616,s3,Kaz,inflected,oljanyń,trophy.GEN,non-high,back,-0.417574366700918,-0.4380532117658827,Speaker_3,male
Speaker_4_female,480.9974035790075,олжаның,o,NA,0.1591893113963465,474.59918746792334,887.6278639864976,3219.109323006583,s1,Kaz,inflected,oljanyń,trophy.GEN,non-high,back,-0.5809828804510264,-1.8114453336881988,Speaker_4,female
Speaker_4_female,481.30978503569247,олжаның,ɑ,NA,0.12014802631580324,771.4476426912956,1519.3210358638428,2928.8092163465535,s2,Kaz,inflected,oljanyń,trophy.GEN,non-high,back,0.8431615966267608,-0.42267496361021634,Speaker_4,female
Speaker_4_female,481.4731112589656,олжаның,ə,NA,0.0588224712171268,333.85620755896906,1241.3332674198302,2445.599607104142,s3,Kaz,inflected,oljanyń,trophy.GEN,non-high,back,-1.2562039705320966,-1.0338279620062552,Speaker_4,female
Speaker_1_male,51.52120346902419,опытқа,ɑ,NA,0.16785336994092148,548.1964824444553,1296.658500453868,2743.306557908128,s3,CS,inflected,opytqa,experience.DAT,non-high,back,0.48759445986391453,-0.425852422716369,Speaker_1,male
Speaker_2_female,354.65816513001596,опытқа,ɑ,NA,0.1857543410921494,727.4235941046636,1409.847417962333,1815.8304795418703,s3,CS,inflected,opytqa,experience.DAT,non-high,back,1.0189485478009832,-0.17023225462713484,Speaker_2,female
Speaker_3_male,409.6935468137132,опытқа,ɑ,NA,0.1540827898071484,600.86671831069,1294.89404042319,2383.5360705728035,s3,CS,inflected,opytqa,experience.DAT,non-high,back,1.081842568909273,-0.33473948199970827,Speaker_3,male
Speaker_4_female,153.43856949781565,опытқа,ɑ,NA,0.23028371710526585,421.4650598175187,1659.1201529929629,3156.426399789931,s3,CS,inflected,opytqa,experience.DAT,non-high,back,-0.8358963661241431,-0.11532816887601448,Speaker_4,female
Speaker_1_male_additional,86.42473188151972,пайда,ɑ,NA,0.09810543651758508,586.3697113677168,1234.1594561519976,2336.2117084117094,s1,Kaz,uninflected,paida,benefit,non-high,back,1.2272297199589117,-0.5774277786952102,Speaker_1,male
Speaker_1_male_additional,86.67510762122396,пайда,ɑ,NA,0.15027776223659828,480.6343024605106,1193.6141380673582,2473.891229002455,s2,Kaz,uninflected,paida,benefit,non-high,back,0.3314854349405805,-0.6706142842981044,Speaker_1,male
Speaker_2_female_additional,200.0742922414201,пайда,ɑ,NA,0.0955296354419488,687.1464327612276,1379.486206736797,2019.6071190163675,s1,Kaz,uninflected,paida,benefit,non-high,back,0.9991756117581629,-0.03360668293233794,Speaker_2,female
Speaker_2_female_additional,200.3764685585364,пайда,ɑ,NA,0.15921615125353128,750.9867046875975,1205.055908867109,1534.3532526166096,s2,Kaz,uninflected,paida,benefit,non-high,back,1.4524043720128852,-0.35500886977327234,Speaker_2,female
Speaker_3_male_additional,234.64948515125064,пайда,ɑ,NA,0.09165165144585784,642.8168091859827,1096.6739172609095,2129.1421997142866,s1,Kaz,uninflected,paida,benefit,non-high,back,1.522812825459673,-0.873999156007956,Speaker_3,male
Speaker_3_male_additional,234.919495258743,пайда,ɑ,NA,0.1955570914993814,561.9907428946636,1433.9690314746022,3049.460314585952,s2,Kaz,uninflected,paida,benefit,non-high,back,0.834209258552554,0.06521100564956543,Speaker_3,male
Speaker_4_female_additional,210.61783970327008,пайда,a,NA,0.12884064854455346,827.715937034585,1817.1896395343808,2810.835464123475,s1,Kaz,uninflected,paida,benefit,NA,NA,1.0865157203528235,0.06684779307932627,Speaker_4,female
Speaker_4_female_additional,211.00436164890377,пайда,a,NA,0.12884064854455346,1003.7210900015582,1809.5997840544865,3098.405547303262,s2,Kaz,uninflected,paida,benefit,NA,NA,1.9892903403132933,0.050296741950125644,Speaker_4,female
Speaker_1_male,125.76950188874196,пайданы,ɑ,NA,0.05499877194475289,560.4807190598763,1636.0482140465765,2331.3481484934123,s1,Kaz,inflected,paidany,benefit.ACC,non-high,back,0.5700247096991488,0.4264511239943568,Speaker_1,male
Speaker_1_male,125.96024609681302,пайданы,ɑ,NA,0.08651919626318261,650.874547505309,1353.5422186566657,2732.5532865005785,s2,Kaz,inflected,paidany,benefit.ACC,non-high,back,1.1765895370948156,-0.2830013201855483,Speaker_1,male
Speaker_1_male,126.13555575785662,пайданы,ə,NA,0.08137500246878915,426.725731849211,1287.7676147173956,2803.06391837098,s3,Kaz,inflected,paidany,benefit.ACC,non-high,back,-0.32750416064538473,-0.4481799510506222,Speaker_1,male
Speaker_2_female,319.24717851653946,пайданы,aj,NA,0.10999974286892213,645.0905596084535,1558.5844052568752,2202.085512578762,s1,Kaz,inflected,paidany,benefit.ACC,NA,NA,0.5115898090018572,0.11907765130862095,Speaker_2,female
Speaker_2_female,319.45918936061673,пайданы,a,NA,0.14596868761447013,781.8281466019192,1401.4811303877982,1714.5123922140235,s2,Kaz,inflected,paidany,benefit.ACC,NA,NA,1.354204321001096,-0.18650561013370423,Speaker_2,female
Speaker_2_female,319.67313783384543,пайданы,ə,NA,0.104635361219664,666.5834694572517,1673.5596063787104,3330.9849826461877,s3,Kaz,inflected,paidany,benefit.ACC,non-high,back,0.6440350140247755,0.3427171456035504,Speaker_2,female
Speaker_3_male,352.79839191794065,пайданы,a,NA,0.07572932173513891,624.9204529512779,1263.3370492816323,2036.4057453838557,s1,Kaz,inflected,paidany,benefit.ACC,NA,NA,1.2753829039086428,-0.4308211347447082,Speaker_3,male
Speaker_3_male,352.97811911228087,пайданы,a,NA,0.11146307291983248,629.416951315468,1296.0114297255775,2362.7040140887348,s2,Kaz,inflected,paidany,benefit.ACC,NA,NA,1.3115624748872399,-0.33133736389372753,Speaker_3,male
Speaker_3_male,353.18849243603484,пайданы,ə,NA,0.16142026776407192,387.1635173717738,1365.3492247190522,2559.8511287239285,s3,Kaz,inflected,paidany,benefit.ACC,non-high,back,-0.63764879981835,-0.12022439970831593,Speaker_3,male
Speaker_4_female,319.16763393368143,пайданы,a,NA,0.09837314142521336,737.5220167724663,1364.4760842683925,2922.171874522772,s1,Kaz,inflected,paidany,benefit.ACC,NA,NA,0.6804018047748818,-0.7630998570641471,Speaker_4,female
Speaker_4_female,319.4042833367168,пайданы,a,NA,0.11398838888487715,792.357645366643,1742.6136190135285,3314.1309565809142,s2,Kaz,inflected,paidany,benefit.ACC,NA,NA,0.9434783215474608,0.06823128192487027,Speaker_4,female
Speaker_4_female,319.6314607387159,пайданы,ə,NA,0.17831063332516806,627.4323751093007,1648.731876079901,3379.590052253177,s3,Kaz,inflected,paidany,benefit.ACC,non-high,back,0.1522415519613929,-0.13816667943035485,Speaker_4,female
Speaker_1_male,263.40923604648026,пареньді,ɪ,NA,0.1479063557977156,432.46667404640755,1652.5408917628638,2707.1011171565688,s3,CS,inflected,paren'di,guy.ACC,high,front,-0.2889810261259399,0.4678689016975954,Speaker_1,male
Speaker_2_female,229.94153864576455,пареньді,ɪ,NA,0.06418307544512913,455.286197600945,1609.3155278317463,2371.5256399635,s3,CS,inflected,paren'di,guy.ACC,high,front,-0.6580367244539829,0.21775530081006284,Speaker_2,female
Speaker_3_male,277.8002413392826,пареньді,ɪ,NA,0.1531398288570358,415.393982004845,1414.0913372378682,2392.3665650000735,s3,CS,inflected,paren'di,guy.ACC,high,front,-0.4105018031497727,0.02818083664906276,Speaker_3,male
Speaker_4_female,404.0439036500897,пареньді,ɪ,NA,0.14700345369158185,454.9800805395133,1687.0727033918172,2537.098574347769,s3,CS,inflected,paren'di,guy.ACC,high,front,-0.6751064720872675,-0.05387479959758584,Speaker_4,female
Speaker_1_male_additional,204.40361797995988,пенде,ie,NA,0.10003413756197688,388.7419076247511,2229.810502638163,2922.785219693459,s1,Kaz,uninflected,pende,human,high,front,-0.44698687023598466,1.7109065150012257,Speaker_1,male
Speaker_1_male_additional,204.6801688574347,пенде,ie,NA,0.16114381025215607,333.30040720451086,1930.3092104014177,2605.736801645857,s2,Kaz,uninflected,pende,human,high,front,-0.9166630900334095,1.022553823111331,Speaker_1,male
Speaker_2_female_additional,31.420834271446587,пенде,ie,NA,0.0729034925285994,411.8320263087835,2375.1974519488303,3453.490429478646,s1,Kaz,uninflected,pende,human,high,front,-0.9553963747243107,1.8010732756625762,Speaker_2,female
Speaker_2_female_additional,31.682275111174288,пенде,ie,NA,0.14593941495979834,447.52598708073106,2299.651397816945,2971.916207188431,s2,Kaz,uninflected,pende,human,high,front,-0.7019900357301906,1.6618734502782788,Speaker_2,female
Speaker_3_male_additional,28.738105885501483,пенде,ie,NA,0.0902579511367847,366.74222157839256,1834.1134762594784,2555.6500749600964,s1,Kaz,uninflected,pende,human,high,front,-0.8292247594675096,1.179427348654946,Speaker_3,male
Speaker_3_male_additional,29.011877673879127,пенде,ie,NA,0.17712139269657357,369.7013293928452,1760.14127441817,2393.150403977542,s2,Kaz,uninflected,pende,human,high,front,-0.8040144246164905,0.9734491393010981,Speaker_3,male
Speaker_4_female_additional,185.18896699935027,пенде,ie,NA,0.10512952302630652,478.5602861322783,2386.7960641453255,3171.6113552783313,s1,Kaz,uninflected,pende,human,high,front,-0.7043912771799599,1.3089775124436427,Speaker_4,female
Speaker_4_female_additional,185.529386407245,пенде,ie,NA,0.23028371710526585,501.8616747279846,2157.366425518157,2891.641183831427,s2,Kaz,uninflected,pende,human,high,front,-0.584872604689801,0.8086647344821394,Speaker_4,female
Speaker_1_male,339.4577941477087,пенденің,ie,NA,0.09750813988949858,331.0863766276309,2191.117776407133,2917.4464790919815,s1,Kaz,inflected,pendeniń,human.GEN,high,front,-0.9692677632040472,1.820387762978093,Speaker_1,male
Speaker_1_male,339.70188080358014,пенденің,ie,NA,0.08022366805215597,319.53383137289404,1898.7030688423656,2663.100554925291,s2,Kaz,inflected,pendeniń,human.GEN,high,front,-1.046788183999701,1.0860517404464263,Speaker_1,male
Speaker_1_male,339.85375840081053,пенденің,ɪ,NA,0.07679577250257807,438.1559112722375,1583.2877967051124,2607.213731702569,s3,Kaz,inflected,pendeniń,human.GEN,high,front,-0.25080484468472874,0.29395479595292257,Speaker_1,male
Speaker_2_female,53.53458572680475,пенденің,ie,NA,0.1140480930892025,393.5917141805707,1977.5968019449724,3186.8335400028773,s1,Kaz,inflected,pendeniń,human.GEN,high,front,-1.0382150513012163,0.9341031488446819,Speaker_2,female
Speaker_2_female,53.77226606565026,пенденің,ie,NA,0.11390174524063212,394.8272173879012,1224.4646168693362,2518.0063967315486,s2,Kaz,inflected,pendeniń,human.GEN,high,front,-1.030601541694907,-0.5308223252066397,Speaker_2,female
Speaker_2_female,53.949551637129154,пенденің,ɪ,NA,0.06081913349267154,491.1350726384137,1086.467321371937,1758.480042441443,s3,Kaz,inflected,pendeniń,human.GEN,high,front,-0.43712612474549245,-0.7992423416796118,Speaker_2,female
Speaker_3_male,44.96260396324212,пенденің,ie,NA,0.09801888573032612,353.51729142584816,1919.4391003752617,2617.3364643299788,s1,Kaz,inflected,pendeniń,human.GEN,high,front,-0.9083719094867699,1.5668144812644185,Speaker_3,male
Speaker_3_male,45.17911603164657,пенденің,ie,NA,0.08895674205354709,392.0505270065634,1743.7705158580684,2377.925613829986,s2,Kaz,inflected,pendeniń,human.GEN,high,front,-0.598327110442666,1.0319558865373974,Speaker_3,male
Speaker_3_male,45.29727234054664,пенденің,ɪ,NA,0.05296658678835797,390.2955656788692,1489.6322869329842,2078.8778326305755,s3,Kaz,inflected,pendeniń,human.GEN,high,front,-0.6124478201099186,0.25818056203718365,Speaker_3,male
Speaker_4_female,283.6975740220772,пенденің,ie,NA,0.08635639391451377,465.9946201665724,2388.679293450705,3108.3455878523923,s1,Kaz,inflected,pendeniń,human.GEN,high,front,-0.622263698269809,1.488599438060352,Speaker_4,female
Speaker_4_female,283.9303972384502,пенденің,ie,NA,0.08878664702365313,534.6142208992192,2052.402618927087,2988.1834342036686,s2,Kaz,inflected,pendeniń,human.GEN,high,front,-0.2930579244713693,0.7492989318686584,Speaker_4,female
Speaker_4_female,284.0521644320098,пенденің,ɪ,NA,0.06646420682858434,710.9432335328305,1644.8605594466862,3149.0823044069934,s3,Kaz,inflected,pendeniń,human.GEN,high,front,0.5528888374943478,-0.146677725730603,Speaker_4,female
Speaker_1_male_additional,208.47839249690256,перзент,ie,NA,0.10407262940736928,404.4917604310459,1880.9291750202071,2604.198203161445,s1,Kaz,uninflected,perzent,child,high,front,-0.313560983989121,0.909062225040342,Speaker_1,male
Speaker_1_male_additional,208.71497282333812,перзент,ie,NA,0.1043152112055168,363.94640909170056,1840.709101503008,2645.2444217673465,s2,Kaz,uninflected,perzent,child,high,front,-0.6570435232977075,0.816623238661315,Speaker_1,male
Speaker_2_female_additional,74.16043230546278,перзент,ie,NA,0.07325469808904472,315.9078278772502,1465.9930351255073,2777.5117559523733,s1,Kaz,uninflected,perzent,child,high,front,-1.636402332588876,0.1257892715570373,Speaker_2,female
Speaker_2_female_additional,74.47299686871015,перзент,ie,NA,0.10198091651361096,520.9943973053848,747.8517902871303,2371.8188767810293,s2,Kaz,uninflected,perzent,child,high,front,-0.18040709945433264,-1.197445105558794,Speaker_2,female
Speaker_3_male_additional,79.19211344493192,перзент,ie,NA,0.07474738855403018,407.83431518069375,1700.099813731331,2139.5565922986634,s1,Kaz,uninflected,perzent,child,high,front,-0.47913767092556875,0.80626157084402,Speaker_3,male
Speaker_3_male_additional,79.4272705700009,перзент,ie,NA,0.07552376734902566,398.9785073976011,1651.081831806788,2330.2130998189173,s2,Kaz,uninflected,perzent,child,high,front,-0.5545853712417275,0.6697692684434929,Speaker_3,male
Speaker_4_female_additional,365.66409660535385,перзент,ie,NA,0.10169794266664668,508.8375549511521,2097.613316090171,2996.21511041719,s1,Kaz,uninflected,perzent,child,high,front,-0.5490915635600478,0.6783622838108279,Speaker_4,female
Speaker_4_female_additional,365.9740147584306,перзент,ie,NA,0.09261410361841628,568.9558754295417,2197.646632445545,3068.114796547631,s2,Kaz,uninflected,perzent,child,high,front,-0.2407296036535437,0.8965030030916042,Speaker_4,female
Speaker_1_male,354.55234845855716,перзентке,ie,NA,0.0714144123134588,400.8402005075479,1845.3617127163147,2360.398068470615,s1,Kaz,inflected,perzentke,child.DAT,high,front,-0.5012024442597275,0.9520965108334513,Speaker_1,male
Speaker_1_male,354.75697821691676,перзентке,ie,NA,0.05218745515213641,327.84738908236824,1343.898706564559,1957.4459505450072,s2,Kaz,inflected,perzentke,child.DAT,high,front,-0.9910021664826398,-0.30721890613370084,Speaker_1,male
Speaker_1_male,355.042177391417,перзентке,ie,NA,0.1611388322810967,371.9690297268321,1978.62451222396,2536.566268284372,s3,Kaz,inflected,perzentke,child.DAT,high,front,-0.6949351030317491,1.2867570857301638,Speaker_1,male
Speaker_2_female,106.08343724208092,перзентке,ie,NA,0.0964622936013626,410.0742349486699,1526.7303137109786,2408.5936640924056,s1,Kaz,inflected,perzentke,child.DAT,high,front,-0.9366452379170372,0.05711791690467912,Speaker_2,female
Speaker_2_female,106.31263929996024,перзентке,ie,NA,0.07256249015217975,411.71688490166395,839.4395887367025,2398.3504376873684,s2,Kaz,inflected,perzentke,child.DAT,high,front,-0.9265227784019826,-1.2797386283947403,Speaker_2,female
Speaker_2_female,106.66312228147528,перзентке,ie,NA,0.10134032754577048,433.9498304358309,1312.347124620018,2365.144995186078,s3,Kaz,inflected,perzentke,child.DAT,high,front,-0.7895172705274508,-0.35988111876416506,Speaker_2,female
Speaker_3_male,116.6419677688958,перзентке,ie,NA,0.0742930187782207,352.850129887597,1739.8778478713775,2308.7771510417692,s1,Kaz,inflected,perzentke,child.DAT,high,front,-0.9137400017826723,1.020103870225986,Speaker_3,male
Speaker_3_male,116.80738839741473,перзентке,ie,NA,0.07028394105300606,344.74090291830294,1784.1789147103696,2424.339147465321,s2,Kaz,inflected,perzentke,child.DAT,high,front,-0.9789881858037439,1.1549874432879186,Speaker_3,male
Speaker_3_male,117.09039651158128,перзентке,ie,NA,0.11888614888242444,389.32285647302376,1704.3593472959078,2353.9238497649,s3,Kaz,inflected,perzentke,child.DAT,high,front,-0.6202743995733269,0.9119605994367386,Speaker_3,male
Speaker_4_female,507.7195254847064,перзентке,ie,NA,0.09152010990436564,476.1593579543961,2224.1706665772303,2940.5760320021923,s1,Kaz,inflected,perzentke,child.DAT,high,front,-0.5734978888921585,1.126929062638823,Speaker_4,female
Speaker_4_female,507.94738489204343,перзентке,ie,NA,0.068834806743439,555.5279587889241,2008.3509574807513,2975.205987940066,s2,Kaz,inflected,perzentke,child.DAT,high,front,-0.19272327968346287,0.6524518470924174,Speaker_4,female
Speaker_4_female,508.3020934740848,перзентке,ie,NA,0.1599902520759997,756.6989772837081,2089.21833974682,2902.168132403895,s3,Kaz,inflected,perzentke,child.DAT,high,front,0.7724041781026229,0.8302378821434541,Speaker_4,female
Speaker_1_male,172.97443222854565,письмолар,ɑ,NA,0.09511718749999432,575.5817490591994,1183.659648250618,2459.5122796943288,s3,CS,inflected,pis'molar,letter.Pl,non-high,back,0.6713563361228002,-0.7096244954983073,Speaker_1,male
Speaker_2_female,64.35438579885701,письмолар,ɑ,NA,0.12406335496594068,758.1950292666278,1323.968230964044,2146.9450471091327,s3,CS,inflected,pis'molar,letter.Pl,non-high,back,1.208570570484137,-0.3372767804323572,Speaker_2,female
Speaker_3_male,80.64434416010448,письмолар,ɑ,NA,0.07046196953659489,576.2483500821705,1187.8908138961233,2406.586508969883,s3,CS,inflected,pis'molar,letter.Pl,non-high,back,0.8837590984927618,-0.6605324832288072,Speaker_3,male
Speaker_4_female,204.48277003321408,письмолар,ɑ,NA,0.10638106496710976,843.4024319039239,1533.9962019238264,2958.9576779939175,s3,CS,inflected,pis'molar,letter.Pl,non-high,back,1.1883680946001167,-0.39041177523426757,Speaker_4,female
Speaker_1_male,88.02930824267374,пользаны,ə,NA,0.13896163976454545,322.6096799439388,1487.6118409740047,3190.317258781113,s3,CS,inflected,pol'zany,benefit.ACC,non-high,back,-1.026148483373267,0.05368541494740043,Speaker_1,male
Speaker_2_female,197.07281131492743,пользаны,ə,NA,0.06816303718974837,697.2793388085867,1658.441972662208,3118.058117173774,s3,CS,inflected,pol'zany,benefit.ACC,non-high,back,0.8331913794585425,0.3133116744558029,Speaker_2,female
Speaker_3_male,296.3724304727482,пользаны,ə,NA,0.15987118277513446,356.8841477547009,1247.293799784767,2409.4128868076273,s3,CS,inflected,pol'zany,benefit.ACC,non-high,back,-0.8812816255239057,-0.479668058082378,Speaker_3,male
Speaker_4_female,213.93932328931945,пользаны,ə,NA,0.08652141091752696,653.1752473035165,1503.079558580312,3257.035944594307,s3,CS,inflected,pol'zany,benefit.ACC,non-high,back,0.27574419654118265,-0.458381669684984,Speaker_4,female
Speaker_1_male,33.73825042576412,помощьты,ə,NA,0.10999488621877872,429.96559240444736,1470.6883857828443,2554.805134066852,s3,CS,inflected,pomoshty,help.ACC,non-high,back,-0.3057638992550922,0.01118583318536801,Speaker_1,male
Speaker_2_female,84.03404428485041,помощьты,ə,NA,0.06330502728599186,479.94945550392146,1743.0805153899262,2973.216062197161,s3,CS,inflected,pomoshty,help.ACC,non-high,back,-0.5060549652379088,0.4779430098115792,Speaker_2,female
Speaker_3_male,109.00239789887588,помощьты,ə,NA,0.15376429295122307,412.54414337344105,1441.4612960588036,2389.377586875578,s3,CS,inflected,pomoshty,help.ACC,non-high,back,-0.43343207704102005,0.11151422123194563,Speaker_3,male
Speaker_4_female,475.64723491848633,помощьты,ə,NA,0.09963303782996036,531.5690728342006,1793.4292770190543,2998.0652023196417,s3,CS,inflected,pomoshty,help.ACC,non-high,back,-0.30766716606374006,0.1799489374511406,Speaker_4,female
Speaker_1_male,421.3314684693011,правдаға,ɑ,NA,0.15038777464212671,579.165808516273,1294.110113811125,3148.7711985230058,s3,CS,inflected,pravdaǵa,truth.DAT,non-high,back,0.6954062568236146,-0.4322521422335217,Speaker_1,male
Speaker_2_female,326.6355925094064,правдаға,ɑ,NA,0.1743862353298482,771.7532522938822,1452.3982804373984,2834.929854493977,s3,CS,inflected,pravdaǵa,truth.DAT,non-high,back,1.292120059186411,-0.08746611660009317,Speaker_2,female
Speaker_3_male,398.3319053313676,правдаға,ɑ,NA,0.1556390727146777,621.626416044391,1285.5585302264217,2100.786367298927,s3,CS,inflected,pravdaǵa,truth.DAT,non-high,back,1.248878537082237,-0.36316333409953894,Speaker_3,male
Speaker_4_female,58.716327517334946,правдаға,ɑ,NA,0.1690459725818272,763.4649016023448,1677.5993563972213,2973.9223792016,s3,CS,inflected,pravdaǵa,truth.DAT,non-high,back,0.8048640194161376,-0.07470184696373437,Speaker_4,female
Speaker_1_male,24.217092476441422,рекалар,ɑ,NA,0.0902411783177648,611.4603565424766,1187.1948057935513,2581.9797409617536,s3,CS,inflected,rekalar,river.Pl,non-high,back,0.9121106191259611,-0.7007467152022341,Speaker_1,male
Speaker_2_female,153.67338616195366,рекалар,ɑ,NA,0.11932262268535963,755.7531487277058,1359.815036073713,2716.371618215728,s3,CS,inflected,rekalar,river.Pl,non-high,back,1.1935230329057351,-0.26755077614104794,Speaker_2,female
Speaker_3_male,187.0217237232951,рекалар,ɑ,NA,0.08893362645599723,602.339255948386,1201.5042735832726,2339.7912351555533,s3,CS,inflected,rekalar,river.Pl,non-high,back,1.093690850764764,-0.619083547224379,Speaker_3,male
Speaker_4_female,40.50411551060904,рекалар,ɑ,NA,0.09023813870739872,611.6071932147561,1474.181990165241,1782.897598372895,s3,CS,inflected,rekalar,river.Pl,non-high,back,0.07631949477262238,-0.5219126504978407,Speaker_4,female
Speaker_1_male_additional,156.73337999680268,сабын,ɑ,NA,0.09795874051712872,625.3806238849573,1169.3255740076702,2746.559005652149,s1,Kaz,uninflected,sabyn,soap,non-high,back,1.5577131625617116,-0.7264374105616483,Speaker_1,male
Speaker_1_male_additional,156.90222047080914,сабын,ə,NA,0.05436875428554799,482.0309384887308,1106.4635480666452,2576.5132900826484,s2,Kaz,uninflected,sabyn,soap,non-high,back,0.34331712645677687,-0.8709150669049556,Speaker_1,male
Speaker_2_female_additional,171.87594945645475,сабын,ɑ,NA,0.11398838888487715,757.9596928501475,1231.7012214598767,1475.731395982436,s1,Kaz,uninflected,sabyn,soap,non-high,back,1.5019085280075275,-0.3059126872810907,Speaker_2,female
Speaker_2_female_additional,172.06478564286044,сабын,ə,NA,0.07141441231343038,553.8029237975742,1175.7161492299429,2864.874464334403,s2,Kaz,uninflected,sabyn,soap,non-high,back,0.052514336171587524,-0.40906979281209793,Speaker_2,female
Speaker_3_male_additional,200.1336428362687,сабын,a,NA,0.09011101973686664,601.4079335051072,1110.26923980857,2383.152446707078,s1,Kaz,uninflected,sabyn,soap,NA,NA,1.1700268888944678,-0.8361425000716808,Speaker_3,male
Speaker_3_male_additional,200.28257632722267,сабын,ə,NA,0.05256476151313905,429.9545581826608,1023.337812763354,2596.432868683368,s2,Kaz,uninflected,sabyn,soap,non-high,back,-0.29068264730600785,-1.078206129835761,Speaker_3,male
Speaker_4_female_additional,359.97517927910144,сабын,ɑ,NA,0.168958162006561,1045.0807455587374,1493.135936929801,3260.4921591672028,s1,Kaz,uninflected,sabyn,soap,non-high,back,2.2014343980178697,-0.639809852065957,Speaker_4,female
Speaker_4_female_additional,360.16916827992384,сабын,ə,NA,0.05131321957236423,627.4804805801604,1435.9119734864844,3105.740439901139,s2,Kaz,uninflected,sabyn,soap,non-high,back,0.05945779019566085,-0.7645970429781904,Speaker_4,female
Speaker_1_male,244.1947546332556,сабынды,ɑ,NA,0.0865213072258939,736.9725528060596,1226.930879572389,2586.4657852890773,s1,Kaz,inflected,sabyndy,soap.ACC,non-high,back,1.7543283343389953,-0.6009581969953877,Speaker_1,male
Speaker_1_male,244.34376355125573,сабынды,ə,NA,0.03845391432261635,603.5305205435933,1085.2651953454415,2335.6043414448413,s2,Kaz,inflected,sabyndy,soap.ACC,non-high,back,0.858899468689489,-0.9567207916706291,Speaker_1,male
Speaker_1_male,244.57824283613544,сабынды,ə,NA,0.1558338388466609,435.0264621652635,1542.800713299396,3120.285651232538,s3,Kaz,inflected,sabyndy,soap.ACC,non-high,back,-0.2718042180939552,0.1922802801952756,Speaker_1,male
Speaker_2_female,258.93454291690716,сабынды,ɑ,NA,0.08879440423083906,820.7486914330643,1292.727019115301,2146.673000007315,s1,Kaz,inflected,sabyndy,soap.ACC,non-high,back,1.5940433923985384,-0.39804439597764385,Speaker_2,female
Speaker_2_female,259.10646656405913,сабынды,ə,NA,0.03845944740152163,526.2331633493949,1255.0185058364814,2177.720960841551,s2,Kaz,inflected,sabyndy,soap.ACC,non-high,back,-0.22084206396305603,-0.4713916287548455,Speaker_2,female
Speaker_2_female,259.40665171835917,сабынды,ə,NA,0.10332285492592064,517.8479401925898,1559.0999359556445,2087.8265753645796,s3,Kaz,inflected,sabyndy,soap.ACC,non-high,back,-0.2725141087433523,0.12008041558858155,Speaker_2,female
Speaker_3_male,304.1714713356457,сабынды,ɑ,NA,0.09646348855306996,640.9863576306753,1089.418800346778,2318.7762817863672,s1,Kaz,inflected,sabyndy,soap.ACC,non-high,back,1.4046518353315323,-0.9603504781861705,Speaker_3,male
Speaker_3_male,304.30265253680034,сабынды,ə,NA,0.0613682527868491,479.36836978992665,1105.0537296174416,2472.1460343610843,s2,Kaz,inflected,sabyndy,soap.ACC,non-high,back,0.10424672252872007,-0.9127467684998489,Speaker_3,male
Speaker_3_male,304.5315191631097,сабынды,ə,NA,0.12366414424252524,430.97957311708376,1328.6306037263998,2379.382493090985,s3,Kaz,inflected,sabyndy,soap.ACC,non-high,back,-0.28509755428373584,-0.23202168024325412,Speaker_3,male
Speaker_4_female,502.0734657873881,сабынды,ɑ,NA,0.11263877467104066,769.8200691366161,1463.699739617693,3193.2714016960354,s1,Kaz,inflected,sabyndy,soap.ACC,non-high,back,0.8353532356663153,-0.5449577610360861,Speaker_4,female
Speaker_4_female,502.2385056583022,сабынды,ə,NA,0.05974668261757188,506.4277267535759,1256.2346698775066,3254.5634300337583,s2,Kaz,inflected,sabyndy,soap.ACC,non-high,back,-0.4282839607177008,-1.0010673954414382,Speaker_4,female
Speaker_4_female,502.4764815416266,сабынды,ə,NA,0.1402111959770309,522.2065651501288,1787.8044522249777,3175.2410321379657,s3,Kaz,inflected,sabyndy,soap.ACC,non-high,back,-0.3525842386482546,0.16758282308001615,Speaker_4,female
Speaker_1_male,113.72638706535976,селоның,ə,NA,0.04380396792763008,393.98136803926224,1049.2215892584811,2806.845145805138,s3,CS,inflected,selonyń,village.GEN,non-high,back,-0.5472268975195306,-1.047236479311731,Speaker_1,male
Speaker_2_female,364.317530173916,селоның,ə,NA,0.04932097358829424,461.1118606754808,1040.9787868875717,1888.0091035861135,s3,CS,inflected,selonyń,village.GEN,non-high,back,-0.6221373908723793,-0.8877225769741857,Speaker_2,female
Speaker_3_male,394.46831402442535,селоның,ə,NA,0.05992547290151151,403.79694451706,1103.145230198909,2230.826080678653,s3,CS,inflected,selonyń,village.GEN,non-high,back,-0.5038134885875438,-0.9185575816275299,Speaker_3,male
Speaker_4_female,143.79907493368046,селоның,ə,NA,0.05006167763158942,343.47413331049324,1346.0200530229315,2804.7289542811295,s3,CS,inflected,selonyń,village.GEN,non-high,back,-1.2100615177116147,-0.8036752352445945,Speaker_4,female
Speaker_1_male,109.25176647086022,силаны,ə,NA,0.10518775334348618,373.9404585418502,1418.0664660052091,3001.5296384178746,s3,CS,inflected,silany,strength.ACC,non-high,back,-0.6817063306756125,-0.12096268830762201,Speaker_1,male
Speaker_2_female,274.094929374936,силаны,ə,NA,0.08935958764885754,609.9630197243896,1664.1263651506856,3138.892526056879,s3,CS,inflected,silany,strength.ACC,non-high,back,0.2951242743383065,0.32436844712584967,Speaker_2,female
Speaker_3_male,345.04898584789294,силаны,ə,NA,0.16743268818987644,349.81501931335293,1352.298813558709,2635.847479787586,s3,CS,inflected,silany,strength.ACC,non-high,back,-0.938161004428479,-0.15995902040338855,Speaker_3,male
Speaker_4_female,184.937513146073,силаны,ə,NA,0.1451788651315837,443.9047463888446,1517.5233716149146,2190.0464650563586,s3,CS,inflected,silany,strength.ACC,non-high,back,-0.7282409105016331,-0.4266271083466244,Speaker_4,female
Speaker_1_male,235.307120242328,списоктың,ə,NA,0.03437045501320313,446.4444849091137,1428.907868888439,2809.2656723778505,s3,CS,inflected,spisoktyń,list.GEN,non-high,back,-0.1951864764413366,-0.09373685983190821,Speaker_1,male
Speaker_2_female,382.14815875598123,списоктың,ə,NA,0.05328179165098845,565.9363194994083,1029.3552553044328,2448.379250320613,s3,CS,inflected,spisoktyń,list.GEN,non-high,back,0.023819673016197935,-0.9103316326645492,Speaker_2,female
Speaker_3_male,418.1475789082851,списоктың,ə,NA,0.06703423380372442,394.09764473870655,1348.1766779934894,2173.7732781807604,s3,CS,inflected,spisoktyń,list.GEN,non-high,back,-0.5818556619303177,-0.1725096972460762,Speaker_3,male
Speaker_4_female,134.4468177090404,списоктың,ə,NA,0.04277647049951838,499.9173814070014,1399.729194744009,1729.0921069577823,s3,CS,inflected,spisoktyń,list.GEN,non-high,back,-0.4595176498477869,-0.6855962881461534,Speaker_4,female
Speaker_1_male,368.67602676832047,стеналар,ɑ,NA,0.07965453681117651,611.8421245669435,1222.939576554341,2606.168347176903,s3,CS,inflected,stenalar,wall.Pl,non-high,back,0.914672376492016,-0.6109814875726671,Speaker_1,male
Speaker_3_male,171.40589458100018,стеналар,ɑ,NA,0.06598141928486712,579.6803583649545,1187.0861008025404,2386.3165254605015,s3,CS,inflected,stenalar,wall.Pl,non-high,back,0.9113736058736575,-0.6629825952711802,Speaker_3,male
Speaker_4_female,194.4113855193983,стеналар,ɑ,NA,0.0738409745065951,847.4912539958366,1562.302704971021,3165.107384886364,s3,CS,inflected,stenalar,wall.Pl,non-high,back,1.2079844116045941,-0.3281802450189956,Speaker_4,female
Speaker_1_male,212.9951287709192,странаның,ə,NA,0.03982726840555983,411.434077185759,969.8342125411394,2814.6865270273975,s3,CS,inflected,strananyń,country.GEN,non-high,back,-0.4301149254624772,-1.2466006321730347,Speaker_1,male
Speaker_2_female,293.7676942787081,странаның,ə,NA,0.0635732222816614,676.2644028966553,1288.2977937444302,1781.0405000076623,s3,CS,inflected,strananyń,country.GEN,non-high,back,0.7036915809212645,-0.4066597296530347,Speaker_2,female
Speaker_3_male,326.47457692096236,странаның,ə,NA,0.06916328106774472,443.632178138826,1190.195065399154,2095.4596963604986,s3,CS,inflected,strananyń,country.GEN,non-high,back,-0.18329259754364363,-0.6535167227034074,Speaker_3,male
Speaker_4_female,218.66136888464533,странаның,ə,NA,0.0489141673094764,380.95716871736965,1459.8589070260368,3421.133609886727,s3,CS,inflected,strananyń,country.GEN,non-high,back,-1.030234885908374,-0.5534017885120671,Speaker_4,female
Speaker_1_male_additional,110.11905867641318,сырға,ə,NA,0.06475238779944448,560.0140264671661,1316.691948678915,2455.7912505164995,s1,Kaz,uninflected,syrǵa,earring,non-high,back,1.003955848212403,-0.3877409063114387,Speaker_1,male
Speaker_1_male_additional,110.36202286726837,сырға,ɑ,NA,0.12896008999551611,629.9436953497963,1294.4993817981588,2485.573369046826,s2,Kaz,uninflected,syrǵa,earring,non-high,back,1.59636951457286,-0.43874674017021104,Speaker_1,male
Speaker_2_female_additional,119.49413870044091,сырға,ə,NA,0.04450805494724363,628.0885098994896,1329.2952006094845,1814.1086833811255,s1,Kaz,uninflected,syrǵa,earring,non-high,back,0.5798987453827195,-0.12608774457173483,Speaker_2,female
Speaker_2_female_additional,119.78960773835163,сырға,ɑ,NA,0.14755266542124446,756.8907559058903,1303.0319704584697,1486.370585404376,s2,Kaz,uninflected,syrǵa,earring,non-high,back,1.4943196980821956,-0.17447990870338703,Speaker_2,female
Speaker_3_male_additional,134.3456563283707,сырға,ə,NA,0.02687476419933432,532.2207805108595,1154.624252344672,2295.9081213333757,s1,Kaz,uninflected,syrǵa,earring,non-high,back,0.580581892718718,-0.7126344006689694,Speaker_3,male
Speaker_3_male_additional,134.5750180827842,сырға,ɑ,NA,0.14768194901316178,559.9854607073707,1263.2347804521223,2053.3558011161217,s2,Kaz,uninflected,syrǵa,earring,non-high,back,0.8171251107004458,-0.410204548107037,Speaker_3,male
Speaker_4_female_additional,408.5405119898188,сырға,ə,NA,0.07167905913934192,598.4108683260822,1462.4521387960892,3137.952115712553,s1,Kaz,uninflected,syrǵa,earring,non-high,back,-0.08964754969173484,-0.7067214175225631,Speaker_4,female
Speaker_4_female_additional,408.888352601153,сырға,ɑ,NA,0.2367064989129517,978.8209960843574,1641.4071770066137,2950.8181217317533,s2,Kaz,uninflected,syrǵa,earring,non-high,back,1.861571506835167,-0.3164776249896828,Speaker_4,female
Speaker_1_male,176.98485217368813,сырғаға,ə,NA,0.05506784539474552,618.5449411599509,1359.033086415649,2856.583779534728,s1,Kaz,inflected,syrǵaǵa,earring.DAT,non-high,back,0.9596499248459573,-0.269212198482475,Speaker_1,male
Speaker_1_male,177.22327091340856,сырғаға,ɑ,NA,0.12640573601973415,637.0705160016188,1139.3404782210318,2729.514302147741,s2,Kaz,inflected,syrǵaǵa,earring.DAT,non-high,back,1.0839610896620941,-0.8209224644427127,Speaker_1,male
Speaker_1_male,177.46150730784257,сырғаға,ɑ,NA,0.16984501337466895,558.6572082370112,1063.5698939421798,2733.186499048018,s3,Kaz,inflected,syrǵaǵa,earring.DAT,non-high,back,0.557788503460877,-1.0112038286997025,Speaker_1,male
Speaker_2_female,176.50331383213506,сырғаға,ə,NA,0.03930693834681165,609.3488099327262,1222.9669226159172,2278.1661617595228,s1,Kaz,inflected,syrǵaǵa,earring.DAT,non-high,back,0.29133934515206666,-0.5337355063289595,Speaker_2,female
Speaker_2_female,176.74066328237646,сырғаға,ɑ,NA,0.1040040658158432,771.3096004010314,1361.03040674998,1851.81358907485,s2,Kaz,inflected,syrǵaǵa,earring.DAT,non-high,back,1.2893861545489844,-0.265186745630388,Speaker_2,female
Speaker_2_female,176.9268973458008,сырғаға,ɑ,NA,0.13231689589051143,791.4195654305539,1278.374573321138,1989.6208519824447,s3,Kaz,inflected,syrǵaǵa,earring.DAT,non-high,back,1.4133092743162115,-0.4259614919077538,Speaker_2,female
Speaker_3_male,197.12271976932436,сырғаға,ə,NA,0.03934421727788617,511.6503714938105,1161.3547123200008,2335.9228586885747,s1,Kaz,inflected,syrǵaǵa,earring.DAT,non-high,back,0.36399305787231184,-0.7413270204965067,Speaker_3,male
Speaker_3_male,197.32177761456805,сырғаға,ɑ,NA,0.12340011042704192,578.4632433097161,1170.2488987831844,2081.2631820210204,s2,Kaz,inflected,syrǵaǵa,earring.DAT,non-high,back,0.9015804964441496,-0.7142468679125205,Speaker_3,male
Speaker_3_male,197.50723027354036,сырғаға,ɑ,NA,0.11997373863360394,570.6111669186149,1282.7875647150588,2114.5905148208285,s3,Kaz,inflected,syrǵaǵa,earring.DAT,non-high,back,0.8384013885891035,-0.371600099976135,Speaker_3,male
Speaker_4_female,587.0412576811882,сырғаға,ə,NA,0.05765297508014555,506.9113132889714,1557.8720985245295,3109.303499211717,s1,Kaz,inflected,syrǵaǵa,earring.DAT,non-high,back,-0.42596393148576656,-0.33792088371559165,Speaker_4,female
Speaker_4_female,587.2802352398235,сырғаға,ɑ,NA,0.1538156572905791,842.3565009247633,1397.8940931121178,3017.819749509888,s2,Kaz,inflected,syrǵaǵa,earring.DAT,non-high,back,1.183350191352969,-0.6896307385501019,Speaker_4,female
Speaker_4_female,587.503650887375,сырғаға,ɑ,NA,0.2106143928357369,920.0291105492048,1588.074895122758,3068.394251861822,s3,Kaz,inflected,syrǵaǵa,earring.DAT,non-high,back,1.5559882026696537,-0.27152037334683893,Speaker_4,female
Speaker_1_male_additional,310.2665660185321,сұрақ,ʊ,NA,0.0348666703535514,531.1850654801927,1157.1242973450144,2389.9251604910855,s1,Kaz,uninflected,suraq,question,high,back,0.75972945977747,-0.7544799661463285,Speaker_1,male
Speaker_1_male_additional,310.37256172910895,сұрақ,ɑ,NA,0.11161481310040244,661.7672796452232,1142.4743884497518,2531.0999783576135,s2,Kaz,uninflected,suraq,question,non-high,back,1.8659650460607513,-0.7881502857255323,Speaker_1,male
Speaker_2_female_additional,193.86161072211576,сұрақ,ʊ,NA,0.03845391432261635,610.5161847440713,1198.3362777583948,2316.9841752987427,s1,Kaz,uninflected,suraq,question,high,back,0.4551454681070727,-0.36739034340188825,Speaker_2,female
Speaker_2_female_additional,193.95234414949303,сұрақ,ɑ,NA,0.08635639391445693,775.7035595146909,1161.4490372532662,1314.986192563122,s2,Kaz,uninflected,suraq,question,non-high,back,1.6278796501194666,-0.4353581214179119,Speaker_2,female
Speaker_3_male_additional,238.56056450261292,сұрақ,ʊ,NA,0.03379163240131788,540.5435914529438,1310.4614369655233,2920.8736818941547,s1,Kaz,uninflected,suraq,question,high,back,0.6514886875731939,-0.2787002545986702,Speaker_3,male
Speaker_3_male_additional,238.67758367407671,сұрақ,ɑ,NA,0.08760793585526017,640.5518579210697,1228.0011385092946,2113.2374268402305,s2,Kaz,uninflected,suraq,question,non-high,back,1.5035164079615293,-0.5083138688484611,Speaker_3,male
Speaker_4_female_additional,305.6520945022608,сұрақ,ʊ,NA,0.06257709703947967,535.9403387871521,1372.117761021423,2987.6112858493484,s1,Kaz,uninflected,suraq,question,high,back,-0.4100745804492923,-0.9037118489258547,Speaker_4,female
Speaker_4_female_additional,305.8085372448595,сұрақ,ɑ,NA,0.12014802631580324,985.5448951381796,1583.8844308940618,2794.585613305254,s2,Kaz,uninflected,suraq,question,non-high,back,1.896060073281321,-0.4419163654930953,Speaker_4,female
Speaker_1_male,509.34478119319783,сұрақтың,ʊ,NA,0.04257397657147521,525.1252833759871,1215.794643886195,2566.9152215929194,s1,Kaz,inflected,suraqtyń,question.GEN,high,back,0.3327810381796649,-0.6289244340149929,Speaker_1,male
Speaker_1_male,509.4381692708384,сұрақтың,ɑ,NA,0.07278776639640228,634.5154362904541,1181.6534356463571,2470.6566285846357,s2,Kaz,inflected,suraqtyń,question.GEN,non-high,back,1.066815876204072,-0.7146626626836546,Speaker_1,male
Speaker_1_male,509.76731152262073,сұрақтың,ə,NA,0.08544417072442911,303.1552869101072,1240.8180128617328,2821.0529350601923,s3,Kaz,inflected,suraqtyń,question.GEN,non-high,back,-1.1566922467650007,-0.5660836781690556,Speaker_1,male
Speaker_2_female,297.0006737165171,сұрақтың,ʊ,NA,0.02390298530582413,586.2071952684173,1101.9728252829689,2078.885538919013,s1,Kaz,inflected,suraqtyń,question.GEN,high,back,0.1487343688906901,-0.7690824200650659,Speaker_2,female
Speaker_2_female,297.09523738770383,сұрақтың,ɑ,NA,0.09704965833401502,807.7300636225593,1249.1490642619167,2607.4769650069547,s2,Kaz,inflected,suraqtyń,question.GEN,non-high,back,1.5138190374084757,-0.4828083423828419,Speaker_2,female
Speaker_2_female,297.4611102814931,сұрақтың,ə,NA,0.07103583847163009,449.95668287843137,979.0529337395036,2323.6404396089256,s3,Kaz,inflected,suraqtyń,question.GEN,non-high,back,-0.6908786558193373,-1.0081752167320466,Speaker_2,female
Speaker_3_male,359.62518332643424,сұрақтың,ʊ,NA,0.02178746680812082,554.2013615487842,1137.3028148552285,2423.2353693101536,s1,Kaz,inflected,suraqtyń,question.GEN,high,back,0.7063653752212489,-0.8145578950657011,Speaker_3,male
Speaker_3_male,359.723044202813,сұрақтың,ɑ,NA,0.07840971771247496,616.8572063421485,1130.60761802352,2108.515213641329,s2,Kaz,inflected,suraqtyń,question.GEN,non-high,back,1.2105046854851238,-0.8349427782175199,Speaker_3,male
Speaker_3_male,360.01232610950433,сұрақтың,ə,NA,0.11930877981637876,706.8363843734481,2021.5783358729775,3009.6447712147656,s3,Kaz,inflected,suraqtyń,question.GEN,non-high,back,1.9344920628864093,1.877798076395816,Speaker_3,male
Speaker_4_female,426.066117151806,сұрақтың,ʊ,NA,0.05493416331802336,473.8881031831776,1424.1637267536023,3083.7805719051657,s1,Kaz,inflected,suraqtyń,question.GEN,high,back,-0.5843943408748157,-0.6318772429318509,Speaker_4,female
Speaker_4_female,426.1980484136992,сұрақтың,ɑ,NA,0.13476723998923035,824.3237025886201,1206.7953611350242,2719.9281020176986,s2,Kaz,inflected,suraqtyń,question.GEN,non-high,back,1.0968369900720285,-1.1097591625134882,Speaker_4,female
Speaker_4_female,426.5021570731428,сұрақтың,ə,NA,0.04806739290330597,557.2565082285495,1581.7085199998724,3444.9755259225303,s3,Kaz,inflected,suraqtyń,question.GEN,non-high,back,-0.184430482148283,-0.2855167778183155,Speaker_4,female
Speaker_1_male_additional,232.79941921550017,сәби,æ,NA,0.10792064633241694,555.1840282332871,1698.9107282125144,2335.5316597823794,s1,Kaz,uninflected,sábi,child,non-high,front,0.9630382089904971,0.4907238369219589,Speaker_1,male
Speaker_1_male_additional,233.0326506298023,сәби,ij,NA,0.1376850499030411,279.11573346333284,2144.751941030346,2568.89312929336,s2,Kaz,uninflected,sábi,child,high,front,-1.3756920221656723,1.5154139032206353,Speaker_1,male
Speaker_2_female_additional,229.10480112423295,сәби,æ,NA,0.10638106496710976,625.2741030216985,1232.2183440792342,2218.180165205244,s1,Kaz,uninflected,sábi,child,non-high,front,0.5599180952134215,-0.30495984627378725,Speaker_2,female
Speaker_2_female_additional,229.35986788975208,сәби,ij,NA,0.17096566508433853,350.97615916608464,727.3743869008835,2763.5965531523416,s2,Kaz,uninflected,sábi,child,high,front,-1.3874375986577356,-1.235176407457278,Speaker_2,female
Speaker_3_male_additional,280.233100934856,сәби,æ,NA,0.1038779810855317,579.0599892493489,1499.269469150533,2237.068553714598,s1,Kaz,uninflected,sábi,child,non-high,front,0.9796319478355902,0.24704238132452383,Speaker_3,male
Speaker_3_male_additional,280.44121220263776,сәби,ij,NA,0.11426116211777072,317.695463565803,1870.7998348171436,2496.178735623189,s2,Kaz,uninflected,sábi,child,high,front,-1.2470821916351182,1.28158181013268,Speaker_3,male
Speaker_4_female_additional,226.22049220661023,сәби,æ,NA,0.13457932583619936,915.4250811400932,2019.237011298179,3132.3448211023983,s1,Kaz,uninflected,sábi,child,non-high,front,1.5363979419930411,0.5074485910051613,Speaker_4,female
Speaker_4_female_additional,226.4911726095973,сәби,ij,NA,0.1842915982365412,337.74049510735165,2576.4652121877043,3388.908736787369,s2,Kaz,uninflected,sábi,child,high,front,-1.4266913415950975,1.7225853571776013,Speaker_4,female
Speaker_1_male,396.9427234356534,сәбидің,æ,NA,0.07690782864523271,584.6383308456187,1666.0391471014464,2545.6405339812086,s1,Kaz,inflected,sábidiń,child.GEN,non-high,front,0.7321282279936079,0.5017668380189279,Speaker_1,male
Speaker_1_male,397.1075259256075,сәбидің,ij,NA,0.08789466130883739,289.6812345061582,2092.1024498749266,2746.455198972385,s2,Kaz,inflected,sábidiń,child.GEN,high,front,-1.2471064532575946,1.5717322775516975,Speaker_1,male
Speaker_1_male,397.3203958084648,сәбидің,ɪ,NA,0.07965453681117651,284.5550718595281,1408.3681337782557,2751.3002489754645,s3,Kaz,inflected,sábidiń,child.GEN,high,front,-1.2815042657457814,-0.14531794311693844,Speaker_1,male
Speaker_2_female,377.8401858725556,сәбидің,æ,NA,0.11725641660740392,686.2530075172923,1176.1895229839529,2120.0506334667966,s1,Kaz,inflected,sábidiń,child.GEN,non-high,front,0.7652441020168256,-0.6247227270170005,Speaker_2,female
Speaker_2_female,378.0340349813893,сәбидің,ij,NA,0.11870906896842826,298.6375370605463,1431.1599207918584,2976.941605454525,s2,Kaz,inflected,sábidiń,child.GEN,high,front,-1.6233487323577795,-0.1287770772632475,Speaker_2,female
Speaker_2_female,378.2223190383768,сәбидің,ɪ,NA,0.05897986253273757,309.08249050433665,991.2329116828814,2009.6988910842576,s3,Kaz,inflected,sábidiń,child.GEN,high,front,-1.5589840646580728,-0.9844838112706725,Speaker_2,female
Speaker_3_male,436.9219683694771,сәбидің,æ,NA,0.10014965218971383,584.9976706670409,1541.3212207310844,2463.337759226514,s1,Kaz,inflected,sábidiń,child.GEN,non-high,front,0.9541575818183144,0.4155579927836814,Speaker_3,male
Speaker_3_male,437.0898910281376,сәбидің,ij,NA,0.09003468182322649,297.13952563933924,1941.3843056957085,2686.8642648901155,s2,Kaz,inflected,sábidiń,child.GEN,high,front,-1.3619967556853008,1.633631104799865,Speaker_3,male
Speaker_3_male,437.2365866661123,сәбидің,ɪ,NA,0.07308573338497126,291.95249488658504,1681.0503293287593,2332.215323939972,s3,Kaz,inflected,sábidiń,child.GEN,high,front,-1.403732464694334,0.8409915719999874,Speaker_3,male
Speaker_4_female,339.78286062495897,сәбидің,æ,NA,0.11261503480199052,667.2089721743371,1922.3286045536252,3086.7515876449447,s1,Kaz,inflected,sábidiń,child.GEN,non-high,front,0.34307165409042023,0.4633326667242938,Speaker_4,female
Speaker_4_female,339.9840569981112,сәбидің,ij,NA,0.1057482643872163,392.26979728407,2377.5477673986993,2902.43838144024,s2,Kaz,inflected,sábidiń,child.GEN,high,front,-0.975962016331284,1.4641269025905874,Speaker_4,female
Speaker_4_female,340.1392460094846,сәбидің,ɪ,NA,0.08102789089411999,390.2357360838883,1639.110839529139,1902.227481191134,s3,Kaz,inflected,sábidiń,child.GEN,high,front,-0.9857205209598401,-0.15931842063317087,Speaker_4,female
Speaker_1_male_additional,272.13060481557807,сәуір,æ,NA,0.11124128160417968,615.2858143863448,1583.7513272684575,2609.8837380840064,s1,Kaz,uninflected,sáýir,april,non-high,front,1.472194337693246,0.2260495744362772,Speaker_1,male
Speaker_1_male_additional,272.3209118922229,сәуір,ɪ,NA,0.07285326864268882,397.6726843736936,1264.782936865383,2378.7981006394407,s2,Kaz,uninflected,sáýir,april,high,front,-0.3713292233197999,-0.5070449258311424,Speaker_1,male
Speaker_2_female_additional,81.86412834895408,сәуір,æ,NA,0.10958096396831252,699.854822776757,1423.5385204726017,1740.3375658386003,s1,Kaz,uninflected,sáýir,april,non-high,front,1.089397781522962,0.04756333250080676,Speaker_2,female
Speaker_2_female_additional,82.07249821225744,сәуір,ɪ,NA,0.06807302307122143,425.689423327136,1477.0497003987816,1989.9209043787369,s2,Kaz,uninflected,sáýir,april,high,front,-0.857016924238431,0.14616208775582304,Speaker_2,female
Speaker_3_male_additional,102.9433655972406,сәуір,æ,NA,0.13016036184210122,600.7314057274181,1388.46750590024,2090.0859936104025,s1,Kaz,uninflected,sáýir,april,non-high,front,1.1642631611491465,-0.061489599812764396,Speaker_3,male
Speaker_3_male_additional,103.11294953021756,сәуір,ɪ,NA,0.05631938733552033,401.3024795196859,1162.7854851911172,2223.4998506089373,s2,Kaz,uninflected,sáýir,april,high,front,-0.534786121246158,-0.6899091594839509,Speaker_3,male
Speaker_4_female_additional,160.1663720535167,сәуір,æ,NA,0.15018503289473983,867.6500004077647,1659.6401621501193,2981.6396256208486,s1,Kaz,uninflected,sáýir,april,non-high,front,1.2913475578159264,-0.27671730674020845,Speaker_4,female
Speaker_4_female_additional,160.41230004488182,сәуір,ɪ,NA,0.08385331003287888,526.4309078996541,1685.1151169996745,2899.635243561807,s2,Kaz,uninflected,sáýir,april,high,front,-0.4588508390461769,-0.22116456514374616,Speaker_4,female
Speaker_1_male,456.3191324704842,сәуірді,æ,NA,0.10025484805538554,606.0772835142877,1389.6149386002216,2462.5680975354103,s1,Kaz,inflected,sáýirdi,april.ACC,non-high,front,0.8759888747728862,-0.19241251941743917,Speaker_1,male
Speaker_1_male,456.47294812777466,сәуірді,ɪ,NA,0.06729435006457152,429.5465856632825,1282.0535319862863,2389.170656028762,s2,Kaz,inflected,sáýirdi,april.ACC,high,front,-0.30857553757159206,-0.4625296286715754,Speaker_1,male
Speaker_1_male,456.7536966610555,сәуірді,ɪ,NA,0.175584569252635,438.7185672095405,1683.7030307950702,2829.389576912781,s3,Kaz,inflected,sáýirdi,april.ACC,high,front,-0.24702928492182588,0.5461258451361217,Speaker_1,male
Speaker_2_female,112.12968575409582,сәуірді,æ,NA,0.1162075707919854,659.271313122012,907.5950428152604,2030.0803685595872,s1,Kaz,inflected,sáýirdi,april.ACC,non-high,front,0.598975501292738,-1.147168725190846,Speaker_2,female
Speaker_2_female,112.31060041388182,сәуірді,ɪ,NA,0.06999117451948678,479.5532293353539,1285.4412006773846,1982.8671335769889,s2,Kaz,inflected,sáýirdi,april.ACC,high,front,-0.508496619555568,-0.4122161194021905,Speaker_2,female
Speaker_2_female,112.630367766955,сәуірді,ɪ,NA,0.11998786827682296,446.34104205669144,1006.3530595766638,2153.8357305901086,s3,Kaz,inflected,sáýirdi,april.ACC,high,front,-0.713159226169906,-0.9550734497697885,Speaker_2,female
Speaker_3_male,144.9744649843417,сәуірді,æ,NA,0.10799622588086775,588.8154933287694,1390.656842419041,2190.713141105445,s1,Kaz,inflected,sáýirdi,april.ACC,non-high,front,0.9848764156276937,-0.04317023048331255,Speaker_3,male
Speaker_3_male,145.09058128627703,сәуірді,ɪ,NA,0.04516501076111012,478.2000824604171,1227.3945715311088,2092.3532630037657,s2,Kaz,inflected,sáýirdi,april.ACC,high,front,0.0948464890719469,-0.5402552899380672,Speaker_3,male
Speaker_3_male,145.31500950856417,сәуірді,ɪ,NA,0.19990864083746376,389.0283242732423,1460.688440505103,2406.7096060706176,s3,Kaz,inflected,sáýirdi,april.ACC,high,front,-0.622644254461375,0.17005515777688981,Speaker_3,male
Speaker_4_female,239.16695797384895,сәуірді,æ,NA,0.10638106496710976,729.6870005597775,1704.3325533190643,3034.3377288562483,s1,Kaz,inflected,sáýirdi,april.ACC,non-high,front,0.6428129446316843,-0.015929212660629546,Speaker_4,female
Speaker_4_female,239.3475906321002,сәуірді,ɪ,NA,0.1205783307015622,541.90042646151,1365.6111928106504,2845.03118832358,s2,Kaz,inflected,sáýirdi,april.ACC,high,front,-0.25810200933082444,-0.7606043336352246,Speaker_4,female
Speaker_4_female,239.6253177411204,сәуірді,ɪ,NA,0.1670459120098826,538.1396100320222,1748.5124012545202,3119.1442456630857,s3,Kaz,inflected,sáýirdi,april.ACC,high,front,-0.2761447036858557,0.08119968867760652,Speaker_4,female
Speaker_1_male_additional,10.605193679325088,сөре,ɵ,NA,0.12276315138726446,362.41375471475953,1418.7989535651302,2309.6603915096725,s1,Kaz,uninflected,sóre,shelf,high,front,-0.6700275029620609,-0.153065352328578,Speaker_1,male
Speaker_1_male_additional,10.789303378529675,сөре,ie,NA,0.13100278537046783,403.444766923086,1709.650533285349,2468.953192679024,s2,Kaz,uninflected,sóre,shelf,high,front,-0.32243065651319913,0.5154074490594808,Speaker_1,male
Speaker_2_female_additional,178.2577387489743,сөре,ɵ,NA,0.09338807764063972,387.7804160720683,1706.7382029772525,2760.5157377962187,s1,Kaz,uninflected,sóre,shelf,high,front,-1.1261488035718685,0.5693820668680003,Speaker_2,female
Speaker_2_female_additional,178.43015850266735,сөре,ie,NA,0.143128544336264,394.1324725165468,1413.4308659293993,2485.58436564686,s2,Kaz,uninflected,sóre,shelf,high,front,-1.081052901243642,0.028939146716035983,Speaker_2,female
Speaker_3_male_additional,218.78925114241525,сөре,ɵ,NA,0.08009868421052602,365.7905355373441,1508.5832458466828,2101.6875776841143,s1,Kaz,uninflected,sóre,shelf,high,front,-0.8373327181064921,0.2729769215766865,Speaker_3,male
Speaker_3_male_additional,219.00220051138643,сөре,ie,NA,0.22815511129758193,396.16492522040585,1844.032154505312,2038.6999457051652,s2,Kaz,uninflected,sóre,shelf,high,front,-0.5785558898120595,1.2070462586424664,Speaker_3,male
Speaker_4_female_additional,37.60082336929479,сөре,ɵ,NA,0.13527090911929207,469.3785004733135,1719.7053622136182,2755.4528156258907,s1,Kaz,uninflected,sóre,shelf,high,front,-0.7514869611363599,-0.14573428605290664,Speaker_4,female
Speaker_4_female_additional,37.83890382079272,сөре,ie,NA,0.21093839106252688,531.6959979121482,2237.584658036621,2973.2391774704697,s2,Kaz,uninflected,sóre,shelf,high,front,-0.43184487044263886,0.9835950834755144,Speaker_4,female
Speaker_1_male,19.019064673782104,сөрелер,ɵ,NA,0.10094775879614204,390.6078826834954,1518.7579386904413,2383.7195539625527,s1,Kaz,inflected,sóreler,shelf.Pl,high,front,-0.5698638141955152,0.13190207410571156,Speaker_1,male
Speaker_1_male,19.143719860780372,сөрелер,ie,NA,0.07494606334865139,397.3972190003067,1762.6936184469164,2348.0427356962696,s2,Kaz,inflected,sóreler,shelf.Pl,high,front,-0.5243056972094232,0.7444935484461475,Speaker_1,male
Speaker_1_male,19.311966125440605,сөрелер,ie,NA,0.08412313233011659,427.785409958959,1589.2832026060837,2456.758695366644,s3,Kaz,inflected,sóreler,shelf.Pl,high,front,-0.3203934598288763,0.30901095560866415,Speaker_1,male
Speaker_3_male,336.6709619935983,сөрелер,ɵ,NA,0.06221219408240586,350.99782607851034,1468.4218335160786,2223.4710944915664,s1,Kaz,inflected,sóreler,shelf.Pl,high,front,-0.9286439451863849,0.19360103952740454,Speaker_3,male
Speaker_3_male,336.7901444938593,сөрелер,ie,NA,0.09130956897905662,361.4577963269459,1677.187142265279,2248.606958302559,s2,Kaz,inflected,sóreler,shelf.Pl,high,front,-0.8444812911862996,0.8292293163319087,Speaker_3,male
Speaker_3_male,336.9412301499369,сөрелер,ie,NA,0.11721988153198026,392.5168358862322,1696.6431181761957,2326.9796770327207,s3,Kaz,inflected,sóreler,shelf.Pl,high,front,-0.5945751119221541,0.8884669766304536,Speaker_3,male
Speaker_4_female,72.73436251092625,сөрелер,ɵ,NA,0.08514795314293622,404.50659472378254,1540.314762558408,2773.795540042685,s1,Kaz,inflected,sóreler,shelf.Pl,high,front,-0.9172554029592428,-0.37652049038031055,Speaker_4,female
Speaker_4_female,72.86757785697245,сөрелер,ie,NA,0.07690782864523271,442.03095266905547,2181.3573080770234,2798.4284780964185,s2,Kaz,inflected,sóreler,shelf.Pl,high,front,-0.7372305243273569,1.0328043730337269,Speaker_4,female
Speaker_4_female,73.02414022242883,сөрелер,ie,NA,0.10986832663606094,502.098540372101,1974.7384987112928,2548.159475054834,s3,Kaz,inflected,sóreler,shelf.Pl,high,front,-0.44905343674808296,0.5785552325924342,Speaker_4,female
Speaker_1_male_additional,94.39883195774176,тізім,ɪ,NA,0.07843615899129475,389.0451265071203,1593.027989853309,2581.318525210738,s1,Kaz,uninflected,tizim,list,high,front,-0.44441813206398567,0.24737040285189943,Speaker_1,male
Speaker_1_male_additional,94.58110279434828,тізім,ɪ,NA,0.07192453919282116,350.96189471711443,1494.256967490519,2520.5494557334205,s2,Kaz,uninflected,tizim,list,high,front,-0.7670426680022135,0.020362036322380976,Speaker_1,male
Speaker_2_female_additional,165.19325388535032,тізім,ɪ,NA,0.06317428781571266,424.56571653714616,1232.7216571320528,2100.126284539992,s1,Kaz,uninflected,tizim,list,high,front,-0.864994588179216,-0.304032450529945,Speaker_2,female
Speaker_2_female_additional,165.36163333906683,тізім,ɪ,NA,0.07524731745212421,530.1591410507572,1000.25887430791,1949.0188814307376,s2,Kaz,uninflected,tizim,list,high,front,-0.11534275495157079,-0.7323642694357726,Speaker_2,female
Speaker_3_male_additional,176.74238803211833,тізім,ɪ,NA,0.07133789062498863,366.74886770801373,1483.984211698954,2376.488685920567,s1,Kaz,uninflected,tizim,list,high,front,-0.8291681372814592,0.20448004194542682,Speaker_3,male
Speaker_3_male_additional,176.899424768167,тізім,ɪ,NA,0.06013756819868376,365.1092143358455,1469.6328402856034,2451.7540202412292,s2,Kaz,uninflected,tizim,list,high,front,-0.8431372837755725,0.16451814123256764,Speaker_3,male
Speaker_4_female_additional,165.19431873702783,тізім,ɪ,NA,0.08135022615130083,510.9672649975332,1757.221347294386,2965.392094285418,s1,Kaz,uninflected,tizim,list,high,front,-0.5381677460164302,-0.06392390259053808,Speaker_4,female
Speaker_4_female_additional,165.37704386038308,тізім,ɪ,NA,0.07133789062501705,596.0011808280739,1688.26574608766,2942.0699033485384,s2,Kaz,uninflected,tizim,list,high,front,-0.10200744187992651,-0.2142940491948545,Speaker_4,female
Speaker_1_male,142.27678852519588,тізімнің,ɪ,NA,0.04117804612627651,337.41256557432246,1673.475650934808,2704.5040736968504,s1,Kaz,inflected,tizimniń,list.GEN,high,front,-0.9268174790141399,0.5204420021104016,Speaker_1,male
Speaker_1_male,142.422985841258,тізімнің,ɪ,NA,0.04321494798739422,397.9604024230065,1471.23027337566,2749.8517351655264,s2,Kaz,inflected,tizimniń,list.GEN,high,front,-0.5205265978897365,0.012546666171101,Speaker_1,male
Speaker_1_male,142.585665232912,тізімнің,ɪ,NA,0.04513530434331869,473.38465164824055,1489.624993524257,3436.352422697644,s3,Kaz,inflected,tizimniń,list.GEN,high,front,-0.014411329850512078,0.05874101029967688,Speaker_1,male
Speaker_2_female,251.4644718800434,тізімнің,ɪ,NA,0.04927448819645974,399.3767717165632,1801.6975100537295,2136.3646277836037,s1,Kaz,inflected,tizimniń,list.GEN,high,front,-1.002565940184382,0.5919595535166023,Speaker_2,female
Speaker_2_female,251.6044670694926,тізімнің,ɪ,NA,0.04602759246577648,515.0514418619565,1796.542096616807,1993.0204279923105,s2,Kaz,inflected,tizimniń,list.GEN,high,front,-0.2897468984099264,0.5819317036614593,Speaker_2,female
Speaker_2_female,251.82822522482832,тізімнің,ɪ,NA,0.06341993303863092,549.718485923085,797.8656188709099,2110.4460652580547,s3,Kaz,inflected,tizimniń,list.GEN,high,front,-0.07611906530051345,-1.3606046021516913,Speaker_2,female
Speaker_3_male,273.41893722804934,тізімнің,ɪ,NA,0.03776916145551468,368.90798401165665,1493.0940655600675,2415.3060035994035,s1,Kaz,inflected,tizimniń,list.GEN,high,front,-0.7845358464621346,0.2687206483982517,Speaker_3,male
Speaker_3_male,273.5724190648482,тізімнің,ɪ,NA,0.02268927015251165,375.0918244625102,1480.6100616306876,2201.230870972033,s2,Kaz,inflected,tizimniń,list.GEN,high,front,-0.7347796414351883,0.2307105692677898,Speaker_3,male
Speaker_3_male,273.6974221123894,тізімнің,ɪ,NA,0.07097395375416227,410.28745431453353,1379.462274768087,2084.9083725742685,s3,Kaz,inflected,tizimniń,list.GEN,high,front,-0.45158977117777127,-0.07725435963379143,Speaker_3,male
Speaker_4_female,245.04294645903343,тізімнің,ɪ,NA,0.05256476151313905,406.44664078723497,1885.69349642658,3032.577836194514,s1,Kaz,inflected,tizimniń,list.GEN,high,front,-0.9079479403872606,0.38279079143341704,Speaker_4,female
Speaker_4_female,245.1924350876098,тізімнің,ɪ,NA,0.04644831850518471,545.5574898390619,1648.203536478988,3270.440139642192,s2,Kaz,inflected,tizimniń,list.GEN,high,front,-0.24055707514026312,-0.1393282281311363,Speaker_4,female
Speaker_4_female,245.425918292915,тізімнің,ɪ,NA,0.07509251644736992,510.7527997936211,1707.3230294947116,3460.48063715074,s3,Kaz,inflected,tizimniń,list.GEN,high,front,-0.40753421863700345,-0.009354684250229993,Speaker_4,female
Speaker_1_male_additional,74.74886000943977,тұлға,ʊ,NA,0.07932121016538929,374.3933129805172,730.9952019480282,2906.8010462296593,s1,Kaz,uninflected,tulǵa,individual,high,back,-0.5685419082639428,-1.7338650890567706,Speaker_1,male
Speaker_1_male_additional,74.97178635872208,тұлға,ɑ,NA,0.1093957725930892,570.2041054091468,1068.916348797791,2625.2486565152276,s2,Kaz,uninflected,tulǵa,individual,non-high,back,1.0902817542688625,-0.957210907222105,Speaker_1,male
Speaker_2_female_additional,264.3857284092174,тұлға,ʊ,NA,0.06317428781574108,399.2212400748789,826.9529653688201,3220.3152586656465,s1,Kaz,uninflected,tulǵa,individual,high,back,-1.0449256144684953,-1.0516946770871543,Speaker_2,female
Speaker_2_female_additional,264.6301854359826,тұлға,ɑ,NA,0.15106894912457847,751.9147457608074,1207.2945101999403,1595.360275102099,s2,Kaz,uninflected,tulǵa,individual,non-high,back,1.4589929232891314,-0.3508840624856388,Speaker_2,female
Speaker_3_male_additional,306.7761305583583,тұлға,ʊ,NA,0.05131321957236423,429.2652623303388,863.0933718243886,2654.876532678648,s1,Kaz,uninflected,tulǵa,individual,high,back,-0.29655515359441736,-1.5244124368255916,Speaker_3,male
Speaker_3_male_additional,306.99225824613654,тұлға,ɑ,NA,0.11060909677371455,596.6554151104061,1176.7615363386735,2351.3111178096324,s2,Kaz,uninflected,tulǵa,individual,non-high,back,1.1295374618006453,-0.6509923513106968,Speaker_3,male
Speaker_4_female_additional,154.73549459128924,тұлға,ʊ,NA,0.12265111019738129,480.5040897486187,1022.1283453953296,3218.9048324529176,s1,Kaz,uninflected,tulǵa,individual,high,back,-0.6944210203923715,-1.6669270021064972,Speaker_4,female
Speaker_4_female_additional,155.0684047475392,тұлға,ɑ,NA,0.23528988486842195,938.484904308344,1704.7819132808377,2887.557927149923,s2,Kaz,uninflected,tulǵa,individual,non-high,back,1.6546775647548795,-0.17827756266268766,Speaker_4,female
Speaker_1_male,104.78676510955168,тұлғалар,ʊ,NA,0.05697768081678589,376.88952755845327,868.4207648691444,2938.6701374911786,s1,Kaz,inflected,tulǵalar,individual.Pl,high,back,-0.6619173520495597,-1.5012784779451436,Speaker_1,male
Speaker_1_male,104.96744512248527,тұлғалар,ɑ,NA,0.091450958450352,592.3804392432146,975.7233963469944,2784.350893625501,s2,Kaz,inflected,tulǵalar,individual.Pl,non-high,back,0.7840796800410353,-1.2318112262366334,Speaker_1,male
Speaker_1_male,105.10390739241772,тұлғалар,ɑ,NA,0.07384097450658089,563.9993159727892,1138.2139493002285,2538.1172995054912,s3,Kaz,inflected,tulǵalar,individual.Pl,non-high,back,0.5936353606236676,-0.8237514971335065,Speaker_1,male
Speaker_2_female,436.0275356227377,тұлғалар,ʊ,NA,0.08908529297548284,403.8955295023523,704.8432617646739,3215.115804118894,s1,Kaz,inflected,tulǵalar,individual.Pl,high,back,-0.9747201154171409,-1.5415433845880555,Speaker_2,female
Speaker_2_female,436.2114095330036,тұлғалар,ɑ,NA,0.07787372356040123,695.2403250833546,1049.806440936812,2419.759927047783,s2,Kaz,inflected,tulǵalar,individual.Pl,non-high,back,0.8206264176742728,-0.8705518125996083,Speaker_2,female
Speaker_2_female,436.3658450772241,тұлғалар,ɑ,NA,0.10391326774168874,772.0025011321994,1457.8405397290294,1535.542026491506,s3,Kaz,inflected,tulǵalar,individual.Pl,non-high,back,1.2936559988858232,-0.07688031980281239,Speaker_2,female
Speaker_3_male,482.436944176088,тұлғалар,ʊ,NA,0.06006141886115301,424.2002892875987,846.9248729622209,2512.487194354334,s1,Kaz,inflected,tulǵalar,individual.Pl,high,back,-0.33964479540946074,-1.698672367596319,Speaker_3,male
Speaker_3_male,482.6452127089548,тұлғалар,ɑ,NA,0.09352158533840792,559.2204457856916,981.3458374707224,2427.9305308123853,s2,Kaz,inflected,tulǵalar,individual.Pl,non-high,back,0.7467497587324061,-1.28940050845049,Speaker_3,male
Speaker_3_male,482.77163474620625,тұлғалар,ɑ,NA,0.07048864841868863,526.26320740841,1161.7766373701145,2382.021493518946,s3,Kaz,inflected,tulǵalar,individual.Pl,non-high,back,0.48157035721734603,-0.7400423842025206,Speaker_3,male
Speaker_4_female,233.65160440270807,тұлғалар,ʊ,NA,0.07214590606994875,412.33520621126416,915.5060760128064,3314.1803515458528,s1,Kaz,inflected,tulǵalar,individual.Pl,high,back,-0.8796972697875703,-1.7501553964900067,Speaker_4,female
Speaker_4_female,233.85906235820568,тұлғалар,ɑ,NA,0.09613478580652668,752.7363389658436,1114.06410819984,3340.9575575286844,s2,Kaz,inflected,tulǵalar,individual.Pl,non-high,back,0.7533932337108219,-1.3136277844804776,Speaker_4,female
Speaker_4_female,234.00669792212284,тұлғалар,ɑ,NA,0.10574826438718787,840.7707485865373,1624.527840103876,3117.534552238115,s3,Kaz,inflected,tulǵalar,individual.Pl,non-high,back,1.1757424696526877,-0.1913789816939792,Speaker_4,female
Speaker_1_male_additional,29.62861744230816,тұрғын,ʊ,NA,0.05146984671238286,495.3187448294076,1060.5930544073428,2543.0831931606767,s1,Kaz,uninflected,turǵyn,resident,high,back,0.45588562846670666,-0.9763405812754916,Speaker_1,male
Speaker_1_male_additional,29.832774354753763,тұрғын,ə,NA,0.0638252449184904,652.0338119918024,884.0098766609163,2790.881962640864,s2,Kaz,uninflected,turǵyn,resident,non-high,back,1.7835073517644724,-1.382186929504741,Speaker_1,male
Speaker_2_female_additional,132.60138339599592,тұрғын,ʊ,NA,0.04482857616883962,576.2677933693835,1057.3245188516723,2871.6370757510936,s1,Kaz,uninflected,turǵyn,resident,high,back,0.212001830163754,-0.6272161204395773,Speaker_2,female
Speaker_2_female_additional,132.8227641461912,тұрғын,ə,NA,0.05590749122973193,611.1563094467607,1042.223353266761,3176.8039527741616,s2,Kaz,uninflected,turǵyn,resident,non-high,back,0.4596899807893329,-0.6550412614965714,Speaker_2,female
Speaker_3_male_additional,142.25967084101063,тұрғын,ʊ,NA,0.04505550986843332,495.89551455452386,1110.5287492165828,2564.174594943392,s1,Kaz,uninflected,turǵyn,resident,high,back,0.2711061399804084,-0.835419886956992,Speaker_3,male
Speaker_3_male_additional,142.46278814851345,тұрғын,ə,NA,0.07199281614714437,507.1490234791457,917.7624944570384,2145.439877799846,s2,Kaz,uninflected,turǵyn,resident,non-high,back,0.3669812300508003,-1.3721843334770327,Speaker_3,male
Speaker_4_female_additional,74.80317785827766,тұрғын,ʊ,NA,0.06758326480263577,526.7891979739901,1301.9653161899962,3018.349391600297,s1,Kaz,uninflected,turǵyn,resident,high,back,-0.45701307929743273,-1.0566919292869539,Speaker_4,female
Speaker_4_female_additional,75.03033272053096,тұрғын,ə,NA,0.06132555509869064,730.1484896874813,1215.077506553842,3156.8943938258844,s2,Kaz,uninflected,turǵyn,resident,non-high,back,0.5860677862186291,-1.2461664961745242,Speaker_4,female
Speaker_1_male,46.620909824166176,тұрғынға,ʊ,NA,0.04894436790115719,525.3001823957285,1190.7794253868826,2576.4305058037867,s1,Kaz,inflected,turǵynǵa,resident.DAT,high,back,0.33395465363047117,-0.6917447217102584,Speaker_1,male
Speaker_1_male,46.78915608882642,тұрғынға,ə,NA,0.0520033908949884,456.299490506048,935.779271741148,2804.679407420354,s2,Kaz,inflected,turǵynǵa,resident.DAT,non-high,back,-0.12905696437518613,-1.3321222189047077,Speaker_1,male
Speaker_1_male,47.09538063054986,тұрғынға,ɑ,NA,0.19336293329321563,576.7187266525085,1376.8790450037106,2730.55440125109,s3,Kaz,inflected,turǵynǵa,resident.DAT,non-high,back,0.6789857354910833,-0.22439594981646221,Speaker_1,male
Speaker_2_female,190.0692017929136,тұрғынға,ʊ,NA,0.04146297406327903,547.2641430896084,1050.7992089750933,2889.763445679002,s1,Kaz,inflected,turǵynǵa,resident.DAT,high,back,-0.09124339895580581,-0.8686207688626364,Speaker_2,female
Speaker_2_female,190.2675657558061,тұрғынға,ə,NA,0.03323752221808718,536.6950320309834,998.8836045475258,2109.438196351198,s2,Kaz,inflected,turǵynǵa,resident.DAT,non-high,back,-0.15637315992895112,-0.969602366693404,Speaker_2,female
Speaker_2_female,190.55396265569772,тұрғынға,ɑ,NA,0.15355874321932106,787.8210007199284,1464.2284726638013,1624.2865581675885,s3,Kaz,inflected,turǵynǵa,resident.DAT,non-high,back,1.391133931645536,-0.06445508308060403,Speaker_2,female
Speaker_3_male,211.7261403333817,тұрғынға,ʊ,NA,0.04613067208995858,481.2860338308524,1051.0092596057063,2436.9381098726963,s1,Kaz,inflected,turǵynǵa,resident.DAT,high,back,0.11967656518902557,-1.0772961064630873,Speaker_3,male
Speaker_3_male,211.8996722255572,тұрғынға,ə,NA,0.05664141301687664,743.7825400184523,2337.200769920733,3246.558189843438,s2,Kaz,inflected,turǵynǵa,resident.DAT,non-high,back,2.2317669537637377,2.8387745196401797,Speaker_3,male
Speaker_3_male,212.144218429042,тұрғынға,ɑ,NA,0.189085571177543,613.9912770289563,1257.199417052452,2269.7207504702815,s3,Kaz,inflected,turǵynǵa,resident.DAT,non-high,back,1.18744494330173,-0.4495083995056386,Speaker_3,male
Speaker_4_female,128.62022656897875,тұрғынға,ʊ,NA,0.05131321957239265,451.8803251071268,1223.660872215526,3005.487854763541,s1,Kaz,inflected,turǵynǵa,resident.DAT,high,back,-0.6899776951024027,-1.0726805251186697,Speaker_4,female
Speaker_4_female,128.79213681053997,тұрғынға,ə,NA,0.0672297142079401,566.374209225481,1021.6059973778816,3265.13715307447,s2,Kaz,inflected,turǵynǵa,resident.DAT,non-high,back,-0.14068788120176393,-1.5168959065678473,Speaker_4,female
Speaker_4_female,129.09532323724707,тұрғынға,ɑ,NA,0.19551354624053377,874.1264584901922,1683.7882836356976,3012.992732788568,s3,Kaz,inflected,turǵynǵa,resident.DAT,non-high,back,1.3357680625180905,-0.061095559680589176,Speaker_4,female
Speaker_1_male_additional,18.05645132144863,төбе,ɵ,NA,0.09379467154932895,357.9930381030051,1506.243226081678,2267.7815108011932,s1,Kaz,uninflected,tóbe,hill,high,front,-0.7074778867227156,0.047910409503992134,Speaker_1,male
Speaker_1_male_additional,18.242207565565806,төбе,ie,NA,0.09532853582986787,361.01045317391873,1592.2700535457418,2430.939296026954,s2,Kaz,uninflected,tóbe,hill,high,front,-0.6819156617951034,0.24562841538433763,Speaker_1,male
Speaker_2_female_additional,254.06770207100448,төбе,ɵ,NA,0.07553447456226081,378.5877912286973,1813.947293445254,2824.888408388208,s1,Kaz,uninflected,tóbe,hill,high,front,-1.191411087636903,0.7669236439132068,Speaker_2,female
Speaker_2_female_additional,254.29111928848852,төбе,ie,NA,0.1488165989678123,421.0763469078953,1271.8471084763846,2388.340720234763,s2,Kaz,uninflected,tóbe,hill,high,front,-0.8897670808929039,-0.23194058474295148,Speaker_2,female
Speaker_3_male_additional,295.59645634215565,төбе,ɵ,NA,0.07050922086403943,349.0242138548072,1537.7147022175377,2173.474733265859,s1,Kaz,uninflected,tóbe,hill,high,front,-0.9801746185510158,0.35409449101190665,Speaker_3,male
Speaker_3_male_additional,295.7636799167981,төбе,ie,NA,0.13450714487754567,361.7890203734407,1780.0257792771122,2386.5009365240135,s2,Kaz,uninflected,tóbe,hill,high,front,-0.8714239184002861,1.0288182455704964,Speaker_3,male
Speaker_4_female_additional,388.27464616416046,төбе,ɵ,NA,0.14142423930923087,506.6663154673106,1625.0141107218642,2817.537577595731,s1,Kaz,uninflected,tóbe,hill,high,front,-0.5602283960153793,-0.3522256677504443,Speaker_4,female
Speaker_4_female_additional,388.5621706376271,төбе,ie,NA,0.24589341650562344,472.0326893221259,2320.842612200561,3035.155706379211,s2,Kaz,uninflected,tóbe,hill,high,front,-0.7378729601318578,1.1651540947017978,Speaker_4,female
Speaker_1_male,28.624867260629443,төбенің,ɵ,NA,0.07670955627584419,379.07496761552744,1696.3337177522983,2433.46196283451,s1,Kaz,inflected,tóbeniń,hill.GEN,high,front,-0.6472525116085667,0.5778450719125626,Speaker_1,male
Speaker_1_male,28.775668669468335,төбенің,ie,NA,0.08100903798031567,358.3578495432892,1909.7377687178175,2533.40878949475,s2,Kaz,inflected,tóbeniń,hill.GEN,high,front,-0.7862694706613477,1.1137629923319876,Speaker_1,male
Speaker_1_male,28.91576349782885,төбенің,ɪ,NA,0.0638953587280291,374.0142925262517,1503.4978847778823,2279.0016619694698,s3,Kaz,inflected,tóbeniń,hill.GEN,high,front,-0.6812108864757744,0.09357976334682017,Speaker_1,male
Speaker_2_female,414.781287222985,төбенің,ɵ,NA,0.0854404826075097,356.82392451513334,1684.7337080049035,2782.5206146058713,s1,Kaz,inflected,tóbeniń,hill.GEN,high,front,-1.2647882549640368,0.3644520102743579,Speaker_2,female
Speaker_2_female,414.9445513906294,төбенің,ie,NA,0.1199521262883536,406.4793089889587,2534.6090473752733,3212.2958197644225,s2,Kaz,inflected,tóbeniń,hill.GEN,high,front,-0.958798157606634,2.0175536291975122,Speaker_2,female
Speaker_2_female,415.1183638712306,төбенің,ɪ,NA,0.05368227874015474,718.4600154956476,1921.861740764214,3359.173099220647,s3,Kaz,inflected,tóbeniń,hill.GEN,high,front,0.963712518107379,0.8256922848031959,Speaker_2,female
Speaker_3_male,463.67981074904344,төбенің,ɵ,NA,0.08576490872803788,357.83714588787933,1400.138780252458,2264.0158564657713,s1,Kaz,inflected,tóbeniń,hill.GEN,high,front,-0.8736136446176102,-0.014300549778541638,Speaker_3,male
Speaker_3_male,463.8322971028728,төбенің,ie,NA,0.10975384624413208,341.39981499793885,1827.375355166844,2350.4502397850997,s2,Kaz,inflected,tóbeniń,hill.GEN,high,front,-1.0058711328816787,1.2865077575390877,Speaker_3,male
Speaker_3_male,463.96542564247545,төбенің,ɪ,NA,0.05343474426064176,366.9577254170899,1679.4608259420927,2189.33626075188,s3,Kaz,inflected,tóbeniń,hill.GEN,high,front,-0.8002279503024649,0.8361520069175744,Speaker_3,male
Speaker_4_female,540.1250475502109,төбенің,ɵ,NA,0.1023434636034608,461.0489565915243,1774.131023275295,2946.7695139960997,s1,Kaz,inflected,tóbeniń,hill.GEN,high,front,-0.645990752738021,0.1375219425321846,Speaker_4,female
Speaker_4_female,540.2943277331462,төбенің,ie,NA,0.1181084511337076,506.2374917845415,2272.0305608548924,2962.635052839891,s2,Kaz,inflected,tóbeniń,hill.GEN,high,front,-0.4291966219619493,1.2321485046827327,Speaker_4,female
Speaker_4_female,540.4605454971828,төбенің,ɪ,NA,0.097227639703533,593.0093848799105,1732.9073399471802,3350.8025355021823,s3,Kaz,inflected,tóbeniń,hill.GEN,high,front,-0.012904368649174559,0.046892136005354024,Speaker_4,female
Speaker_1_male_additional,317.8603262479045,халық,ɑ,NA,0.0796952465223626,619.5917183828969,1027.524120379485,2879.768320344312,s1,Kaz,uninflected,halyq,people,non-high,back,1.5086720790346928,-1.0523438919323678,Speaker_1,male
Speaker_1_male_additional,317.9746065637284,халық,ə,NA,0.05879315337870139,435.892753309275,863.1646861613502,2886.916296823223,s2,Kaz,uninflected,halyq,people,non-high,back,-0.047545462743446315,-1.4300960483141243,Speaker_1,male
Speaker_2_female_additional,175.2624753565583,халық,ɑ,NA,0.07965453681111967,765.9775211149678,1155.3489189492525,1285.6928789783285,s1,Kaz,uninflected,halyq,people,non-high,back,1.5588304403795636,-0.44659809169167203,Speaker_2,female
Speaker_2_female_additional,175.42796452355384,халық,ə,NA,0.02884043574195516,562.3839447469904,1002.8125911117036,2491.776563755836,s2,Kaz,uninflected,halyq,people,non-high,back,0.11343458869039412,-0.7276588359455146,Speaker_2,female
Speaker_3_male_additional,203.9999215244705,халық,ɑ,NA,0.05882247121709838,591.8616961250708,908.6176185512834,2627.589740133492,s1,Kaz,uninflected,halyq,people,non-high,back,1.0886970232699036,-1.3976485635113303,Speaker_3,male
Speaker_3_male_additional,204.11568915399351,халық,ə,NA,0.04505550986843332,488.45705102071656,908.9847164236724,2740.8096840993985,s2,Kaz,uninflected,halyq,people,non-high,back,0.20773360737160113,-1.3966263665166472,Speaker_3,male
Speaker_4_female_additional,279.6884213188524,халық,ɑ,NA,0.1351665296052147,907.7690229329982,1204.845627822074,3310.08201204454,s1,Kaz,uninflected,halyq,people,non-high,back,1.4971280972084262,-1.2684789563374193,Speaker_4,female
Speaker_4_female_additional,279.8598825647406,халық,ə,NA,0.03754625822369917,695.0907640926323,1232.497762206351,3289.933540976692,s2,Kaz,uninflected,halyq,people,non-high,back,0.4062479095442962,-1.208178481415588,Speaker_4,female
Speaker_1_male,546.4052239427663,халықты,ɑ,NA,0.0865213072258939,685.152681277491,1052.1315640524317,2871.897008617513,s1,Kaz,inflected,halyqty,people.ACC,non-high,back,1.406604247750869,-1.0399287096935295,Speaker_1,male
Speaker_1_male,546.5137189153193,халықты,ə,NA,0.03433385207370065,515.022508925348,997.4339071700904,2984.404348569885,s2,Kaz,inflected,halyqty,people.ACC,non-high,back,0.2649889361495081,-1.1772899940532904,Speaker_1,male
Speaker_1_male,546.8344976355263,халықты,ə,NA,0.1210562429756692,436.9607863602129,1541.6302529714558,2788.890331367159,s3,Kaz,inflected,halyqty,people.ACC,non-high,back,-0.2588244268668914,0.18934092331781643,Speaker_1,male
Speaker_2_female,266.3341168226664,халықты,ɑ,NA,0.07628249901773643,780.011188764883,1195.3080949409689,2153.120780379828,s1,Kaz,inflected,halyqty,people.ACC,non-high,back,1.3430077284997914,-0.5875349880751264,Speaker_2,female
Speaker_2_female,266.4652206424727,халықты,ə,NA,0.01984328299869275,608.6302141182161,1105.106976376704,1753.3963048609178,s2,Kaz,inflected,halyqty,people.ACC,non-high,back,0.286911160664673,-0.7629861492274606,Speaker_2,female
Speaker_2_female,266.7597834438977,халықты,ə,NA,0.07008068020593328,499.7485774583388,1545.5108591879962,3021.4426435455675,s3,Kaz,inflected,halyqty,people.ACC,non-high,back,-0.38404734574969884,0.09364815692237179,Speaker_2,female
Speaker_3_male,308.5701881643047,халықты,ɑ,NA,0.06632486702045526,642.9533000333998,1026.029384812779,2565.796404313453,s1,Kaz,inflected,halyqty,people.ACC,non-high,back,1.4204781798570683,-1.1533523960092378,Speaker_3,male
Speaker_3_male,308.6674296606943,халықты,ə,NA,0.05370110293910102,654.5708561805998,982.5708114083576,2668.635797406462,s2,Kaz,inflected,halyqty,people.ACC,non-high,back,1.513954961828756,-1.2856708271266408,Speaker_3,male
Speaker_3_male,308.94412025158226,халықты,ə,NA,0.1292816572147899,316.42650947162,1382.1991940891012,2234.579550100055,s3,Kaz,inflected,halyqty,people.ACC,non-high,back,-1.2068104876149623,-0.06892125428121965,Speaker_3,male
Speaker_4_female,397.40337447141553,халықты,ɑ,NA,0.07965453681111967,893.6505944885846,1201.2447955878602,3219.7233647653143,s1,Kaz,inflected,halyqty,people.ACC,non-high,back,1.429436026634337,-1.121962018761195,Speaker_4,female
Speaker_4_female,397.51186944396864,халықты,ə,NA,0.04394733065441869,494.07782177285674,978.036126975461,2794.9561558485875,s2,Kaz,inflected,halyqty,people.ACC,non-high,back,-0.4875332128571198,-1.612683779125014,Speaker_4,female
Speaker_4_female,397.88198836932384,халықты,ə,NA,0.19638963386194064,432.606130419364,1749.7630609112398,3249.6721926192827,s3,Kaz,inflected,halyqty,people.ACC,non-high,back,-0.7824465539820774,0.08394924993872029,Speaker_4,female
Speaker_1_male_additional,90.53360685823532,шалғы,ɑ,NA,0.0921476287915226,634.2667589576492,978.1560128135686,2574.094072609258,s1,Kaz,uninflected,shalǵy,scythe,non-high,back,1.6329926246598832,-1.165808075952136,Speaker_1,male
Speaker_1_male_additional,90.79901819171984,шалғы,ə,NA,0.10649268461529005,481.68481682704834,1156.154647714989,2557.726522312889,s2,Kaz,uninflected,shalǵy,scythe,non-high,back,0.34038493464348196,-0.756708540614349,Speaker_1,male
Speaker_2_female_additional,168.55043826464237,шалғы,ɑ,NA,0.08926801539178086,800.4090997884529,1142.645990571255,1610.5481086990076,s1,Kaz,uninflected,shalǵy,scythe,non-high,back,1.8032746014851906,-0.47000428321822824,Speaker_2,female
Speaker_2_female_additional,168.84106259099144,шалғы,ə,NA,0.10328816633690964,597.8316685848768,1146.442926529709,3038.903443798895,s2,Kaz,uninflected,shalǵy,scythe,non-high,back,0.36509278882191326,-0.46300811606581194,Speaker_2,female
Speaker_3_male_additional,207.86479149623892,шалғы,ɑ,NA,0.08009868421052602,621.6158373826017,959.9545705959388,2316.2057209294703,s1,Kaz,uninflected,shalǵy,scythe,non-high,back,1.342189599864524,-1.2546990068856214,Speaker_3,male
Speaker_3_male_additional,208.0847922056483,шалғы,ə,NA,0.0928856953246111,508.1054148690805,1131.2588095180386,2534.0777145884645,s2,Kaz,uninflected,shalǵy,scythe,non-high,back,0.3751292762528101,-0.7776963016857114,Speaker_3,male
Speaker_4_female_additional,109.432998873895,шалғы,ɑ,NA,0.1254586170236962,913.2666101418508,1332.4018313588942,2898.79903363781,s1,Kaz,uninflected,shalǵy,scythe,non-high,back,1.525326602306188,-0.9903196090116101,Speaker_4,female
Speaker_4_female_additional,109.77326607031736,шалғы,ə,NA,0.18773129111841055,600.7217418807937,1493.4022761883791,2890.984658494302,s2,Kaz,uninflected,shalǵy,scythe,non-high,back,-0.0777944990283667,-0.6392290511932501,Speaker_4,female
Speaker_1_male,138.1382441604023,шалғылар,ɑ,NA,0.09136256167761304,624.8982413697803,951.30827318048,3138.276622500371,s1,Kaz,inflected,shalǵylar,scythe.Pl,non-high,back,1.0022821322813835,-1.2931245048505273,Speaker_1,male
Speaker_1_male,138.3378650999582,шалғылар,ə,NA,0.05006167763158942,435.58863226549727,843.5933158735709,2811.141424027404,s2,Kaz,inflected,shalǵylar,scythe.Pl,non-high,back,-0.2680319184173116,-1.563627223317259,Speaker_1,male
Speaker_1_male,138.4505038746293,шалғылар,ɑ,NA,0.07509251644736992,573.6692828954178,1171.6964338826583,2641.397622300166,s3,Kaz,inflected,shalǵylar,scythe.Pl,non-high,back,0.6585232176623459,-0.7396675098487921,Speaker_1,male
Speaker_2_female,255.30166960362328,шалғылар,ɑ,NA,0.09681043022158065,797.379561313582,1172.5458917090862,2222.024774315471,s1,Kaz,inflected,shalǵylar,scythe.Pl,non-high,back,1.450036403505168,-0.6318099932079497,Speaker_2,female
Speaker_2_female,255.5638557394883,шалғылар,ə,NA,0.10216256252633116,581.3132953858335,1083.422436355292,3221.463146717356,s2,Kaz,inflected,shalǵylar,scythe.Pl,non-high,back,0.11857681563846292,-0.8051649801152441,Speaker_2,female
Speaker_2_female,255.75163728926617,шалғылар,ɑ,NA,0.1310971596045647,831.6450013754303,1382.3887500234341,1556.80835046355,s3,Kaz,inflected,shalǵylar,scythe.Pl,non-high,back,1.661189442629174,-0.22364240352837944,Speaker_2,female
Speaker_3_male,315.60519910440405,шалғылар,ɑ,NA,0.08846160437911976,661.6546229840695,1077.8457547159087,2408.2376020067654,s1,Kaz,inflected,shalǵylar,scythe.Pl,non-high,back,1.5709521234207675,-0.9955869602233591,Speaker_3,male
Speaker_3_male,315.8160426383399,шалғылар,ə,NA,0.06206970241549925,432.3836058245624,908.0512435019366,2554.1724771932877,s2,Kaz,inflected,shalǵylar,scythe.Pl,non-high,back,-0.27380047444911587,-1.5125607487346342,Speaker_3,male
Speaker_3_male,315.9209632208735,шалғылар,ɑ,NA,0.0845234300049924,547.9814645357886,1161.0475152739775,2395.7937310384496,s3,Kaz,inflected,shalǵylar,scythe.Pl,non-high,back,0.6563190531201697,-0.7422623441389887,Speaker_3,male
Speaker_4_female,169.32361145744784,шалғылар,ɑ,NA,0.09636872944076912,790.1151233751348,1275.2789527939422,3010.916282348237,s1,Kaz,inflected,shalǵylar,scythe.Pl,non-high,back,0.9327197164318343,-0.9591987525445613,Speaker_4,female
Speaker_4_female,169.53950244223404,шалғылар,ə,NA,0.06007401315790162,666.210211980454,1148.1140531880949,3158.524290244109,s2,Kaz,inflected,shalǵylar,scythe.Pl,non-high,back,0.3382800549124039,-1.2387693614236972,Speaker_4,female
Speaker_4_female,169.6721658879577,шалғылар,ɑ,NA,0.10012335526317884,765.6517424172312,1474.359048786817,2867.591055544834,s3,Kaz,inflected,shalǵylar,scythe.Pl,non-high,back,0.8153554914584134,-0.5215233890994928,Speaker_4,female
Speaker_1_male_additional,188.3636849477818,шеге,ie,NA,0.09078946104361307,339.1380426102225,2002.1601356733197,2681.4243683976097,s1,Kaz,uninflected,shege,nail,high,front,-0.8672091880082528,1.1876909330594174,Speaker_1,male
Speaker_1_male_additional,188.6037456757346,шеге,ie,NA,0.15251087270669927,364.6603842678576,1975.416144894996,2517.699681119587,s2,Kaz,uninflected,shege,nail,high,front,-0.650995036889064,1.126224426832841,Speaker_1,male
Speaker_2_female_additional,14.483436983530396,шеге,ie,NA,0.06475238779945158,397.69590076170334,2774.3430766101415,3132.537048003848,s1,Kaz,uninflected,shege,nail,high,front,-1.055754635476985,2.536531955725001,Speaker_2,female
Speaker_2_female_additional,14.675306792591211,шеге,ie,NA,0.12830683308349222,491.93245190832954,2232.159547175566,2926.970826948008,s2,Kaz,uninflected,shege,nail,high,front,-0.38672999071785036,1.5375141580279925,Speaker_2,female
Speaker_3_male_additional,6.810872516265761,шеге,ie,NA,0.0837745990599883,350.07996527313605,1885.8036068659085,2234.0214708170606,s1,Kaz,uninflected,shege,nail,high,front,-0.97118006734017,1.3233603434631844,Speaker_3,male
Speaker_3_male_additional,6.975766471136712,шеге,ie,NA,0.09857841909320351,405.93931281349114,1717.1602216591327,2184.9913978545715,s2,Kaz,uninflected,shege,nail,high,front,-0.49528228180703754,0.8537668794375571,Speaker_3,male
Speaker_4_female_additional,310.95828624276135,шеге,ie,NA,0.1239026521381561,431.3228703547043,2471.9647953900844,3118.178244392281,s1,Kaz,uninflected,shege,nail,high,front,-0.9466838428102183,1.4947033183137657,Speaker_4,female
Speaker_4_female_additional,311.2409872286063,шеге,ie,NA,0.23374335738066063,445.45014109242135,2297.6860341781653,2945.927121271332,s2,Kaz,uninflected,shege,nail,high,front,-0.8742215242000675,1.1146569926369077,Speaker_4,female
Speaker_1_male,300.488715413548,шегелер,ie,NA,0.07690782864523271,358.79818897056487,1914.8706748332024,2647.6652266276537,s1,Kaz,inflected,shegeler,nail.PL,high,front,-0.7833146847728155,1.1266531711201573,Speaker_1,male
Speaker_1_male,300.63085756113344,шегелер,ie,NA,0.070041058230458475,344.23582047836476,1998.4564776865425,2412.4871815723895,s2,Kaz,inflected,shegeler,nail.PL,high,front,-0.8810317599631379,1.336560759280177,Speaker_1,male
Speaker_1_male,300.79222666588015,шегелер,ie,NA,0.09064136947472434,426.8496712834886,1665.1746185103543,2192.4713867628975,s3,Kaz,inflected,shegeler,nail.PL,high,front,-0.32667249655002584,0.4995957622470062,Speaker_1,male
Speaker_2_female,21.08015669993854,шегелер,ie,NA,0.07590519422722153,345.5243060782064,2663.622917462395,3108.5956750210134,s1,Kaz,inflected,shegeler,nail.PL,high,front,-1.3344196027474653,2.2684998887543144,Speaker_2,female
Speaker_2_female,21.259395286241975,шегелер,ie,NA,0.10093152283046793,335.5977563509057,2119.3780713831243,2958.1642028771776,s2,Kaz,inflected,shegeler,nail.PL,high,front,-1.3955897245714328,1.209883413530122,Speaker_2,female
Speaker_2_female,21.481957552399916,шегелер,ie,NA,0.1532800988835774,477.3588100974081,2259.742175909074,2983.351817486888,s3,Kaz,inflected,shegeler,nail.PL,high,front,-0.5220192327298945,1.482907135576758,Speaker_2,female
Speaker_3_male,12.671568960427834,шегелер,ie,NA,0.07529766527332349,352.19935651833106,1897.9886122978903,2450.2090362780104,s1,Kaz,inflected,shegeler,nail.PL,high,front,-0.9189762321551432,1.5015041246015932,Speaker_3,male
Speaker_3_male,12.800480221533736,шегелер,ie,NA,0.09491400767067935,370.9851979965634,1760.5712922885054,2334.9396961446,s2,Kaz,inflected,shegeler,nail.PL,high,front,-0.7678222385126291,1.0831092540937173,Speaker_3,male
Speaker_3_male,12.947086559610868,шегелер,ie,NA,0.08773004906437976,451.176734490256,1656.7240952646794,2323.186376341097,s3,Kaz,inflected,shegeler,nail.PL,high,front,-0.12258784688868671,0.7669254240756217,Speaker_3,male
Speaker_4_female,431.6149880244403,шегелер,ie,NA,0.07278776639640228,418.3277357797246,2425.8379161972603,3139.636637331358,s1,Kaz,inflected,shegeler,nail.PL,high,front,-0.8509478262971993,1.5702922543843854,Speaker_4,female
Speaker_4_female,431.737216537823,шегелер,ie,NA,0.08102789089406315,461.1458653987307,2488.2096280931632,3008.6421886155103,s2,Kaz,inflected,shegeler,nail.PL,high,front,-0.6455258281607336,1.7074157650828503,Speaker_4,female
Speaker_4_female,431.890345518072,шегелер,ie,NA,0.10162820213832902,553.7222599511989,2001.5657885371652,3000.2787744797624,s3,Kaz,inflected,shegeler,nail.PL,high,front,-0.20138620509797148,0.6375347290922004,Speaker_4,female
Speaker_1_male_additional,6.717991116549804,шеке,ie,NA,0.07967148164840676,318.9867961479109,1925.7659217947296,2452.1344667606877,s1,Kaz,uninflected,sheke,forehead,high,front,-1.0379217623593153,1.0121118483235416,Speaker_1,male
Speaker_1_male_additional,6.915245686441775,шеке,ie,NA,0.08918763724362488,368.0196352561416,1860.8390559293623,2447.7919974771735,s2,Kaz,uninflected,sheke,forehead,high,front,-0.6225369271054404,0.8628885092166381,Speaker_1,male
Speaker_2_female_additional,125.98750631229322,шеке,ie,NA,0.05977143489180037,395.8814040445264,2646.4229594416574,3050.7434408922372,s1,Kaz,uninflected,sheke,forehead,high,front,-1.068636505694594,2.300828606587718,Speaker_2,female
Speaker_2_female_additional,126.24032614115576,шеке,ie,NA,0.1204459662001085,502.3026881406087,1913.369902025732,2633.6846899405978,s2,Kaz,uninflected,sheke,forehead,high,front,-0.3131073514451771,0.9501179869227472,Speaker_2,female
Speaker_3_male_additional,165.00786347426504,шеке,ie,NA,0.06257709703945125,337.361819329473,1840.4298903043632,2576.95435254022,s1,Kaz,uninflected,sheke,forehead,high,front,-1.0795332393191988,1.1970156267123435,Speaker_3,male
Speaker_3_male_additional,165.26442957212686,шеке,ie,NA,0.20024671052632925,353.44767009401056,1748.346666278611,2404.044489851897,s2,Kaz,uninflected,sheke,forehead,high,front,-0.942488660491467,0.9406066362507157,Speaker_3,male
Speaker_4_female_additional,104.35925327293204,шеке,ie,NA,0.09386564555920528,430.4289508355626,2374.180554341921,3060.6004546404956,s1,Kaz,uninflected,sheke,forehead,high,front,-0.9512689804642269,1.2814671140796428,Speaker_4,female
Speaker_4_female_additional,104.63021210311295,шеке,ie,NA,0.18022203947369064,451.72473147373944,2248.956166780784,2920.035199265126,s2,Kaz,uninflected,sheke,forehead,high,front,-0.8420375747451047,1.0083927127768053,Speaker_4,female
Speaker_1_male,13.71821544174129,шекелер,ie,NA,0.0776421362924804,375.1149576905664,2014.8522441983985,2607.890120714865,s1,Kaz,inflected,shekeler,forehead.Pl,high,front,-0.6738251524395621,1.3777351655436083,Speaker_1,male
Speaker_1_male,13.89163352161572,шекелер,ie,NA,0.06423948287027237,401.45084601551656,1939.9443507002024,2431.3257699519963,s2,Kaz,inflected,shekeler,forehead.Pl,high,front,-0.49710486267134996,1.1896202617968217,Speaker_1,male
Speaker_1_male,14.04398605608066,шекелер,ie,NA,0.09363248235612254,426.42148522074734,1468.3331746646838,2565.0894696824816,s3,Kaz,inflected,shekeler,forehead.Pl,high,front,-0.3295457303725833,0.005271232038470349,Speaker_1,male
Speaker_2_female,183.3606141231259,шекелер,ie,NA,0.05722656424376282,356.73495817680595,2714.006871461266,3102.969954162516,s1,Kaz,inflected,shekeler,forehead.Pl,high,front,-1.2653364899402595,2.366502256942794,Speaker_2,female
Speaker_2_female,183.57250263647381,шекелер,ie,NA,0.06499199032552383,396.70563018639626,1626.2627217600257,2528.797491819712,s2,Kaz,inflected,shekeler,forehead.Pl,high,front,-1.0190262468667728,0.2507194691077317,Speaker_2,female
Speaker_2_female,183.76270455159897,шекелер,ie,NA,0.1297590163233906,485.379357602149,1546.3476841597296,2301.139983903207,s3,Kaz,inflected,shekeler,forehead.Pl,high,front,-0.47259441933168117,0.09527587413152477,Speaker_2,female
Speaker_3_male,241.9433679904436,шекелер,ie,NA,0.06050291467093416,311.0801548444599,1932.865062351506,2254.037837218056,s1,Kaz,inflected,shekeler,forehead.Pl,high,front,-1.2498281429199314,1.6076925425023376,Speaker_3,male
Speaker_3_male,242.0860061038304,шекелер,ie,NA,0.04588149085213899,355.0586868366643,1550.9053507055885,2122.392112237835,s2,Kaz,inflected,shekeler,forehead.Pl,high,front,-0.8959695865779411,0.4447388181653686,Speaker_3,male
Speaker_3_male,242.2220443113951,шекелер,ie,NA,0.08482008754702974,434.15126567394674,1616.8423945905492,2325.5990053276664,s3,Kaz,inflected,shekeler,forehead.Pl,high,front,-0.2595775903720002,0.6454975066337232,Speaker_3,male
Speaker_4_female,164.20387382288965,шекелер,ie,NA,0.04630705180920813,412.8676834618701,2434.5455817721017,2957.8120548714624,s1,Kaz,inflected,shekeler,forehead.Pl,high,front,-0.87714268504146,1.5894359597167518,Speaker_4,female
Speaker_4_female,164.3634454203403,шекелер,ie,NA,0.07258943256579187,414.4202721769834,2403.9585321135323,3028.0587769078497,s2,Kaz,inflected,shekeler,forehead.Pl,high,front,-0.8696940673885971,1.5221906732944173,Speaker_4,female
Speaker_4_female,164.49861194994557,шекелер,ie,NA,0.08510485197371054,539.6938455778709,1809.7560588175868,1992.8746558979328,s3,Kaz,inflected,shekeler,forehead.Pl,high,front,-0.26868818528479893,0.2158431845476297,Speaker_4,female
Speaker_1_male_additional,160.67105983453325,шешім,ie,NA,0.07969524652239102,355.6167040344164,2075.2144474196252,2570.539464181689,s1,Kaz,uninflected,sheshim,solution,high,front,-0.7276091529014919,1.3555938217888013,Speaker_1,male
Speaker_1_male_additional,160.89737376557815,шешім,ɪ,NA,0.06721553478016062,251.74117146003903,1394.8335618423218,2674.6725347496335,s2,Kaz,uninflected,sheshim,solution,high,front,-1.607597376509644,-0.20814572203713644,Speaker_1,male
Speaker_2_female_additional,58.14981025880218,шешім,ie,NA,0.0939813981604729,404.3483658790696,2529.8473136002062,3233.3469832299293,s1,Kaz,uninflected,sheshim,solution,high,front,-1.0085260064814952,2.0860283800019226,Speaker_2,female
Speaker_2_female_additional,58.38888372371088,шешім,ɪ,NA,0.04766867714896961,627.0176743872753,1803.1199929626,2647.2121686541745,s2,Kaz,uninflected,sheshim,solution,high,front,0.5722964367303159,0.7469734512275952,Speaker_2,female
Speaker_3_male_additional,66.81896635183605,шешім,ie,NA,0.06780480057474847,354.247113088275,1822.249563005483,2362.820331688418,s1,Kaz,uninflected,sheshim,solution,high,front,-0.9356777475935751,1.1463918630649697,Speaker_3,male
Speaker_3_male_additional,66.99079712279809,шешім,ɪ,NA,0.0475569515135561,370.73175511450114,1597.731134374032,1876.7924846088497,s2,Kaz,uninflected,sheshim,solution,high,front,-0.7952356375256071,0.52121236664202,Speaker_3,male
Speaker_4_female_additional,371.3618367474585,шешім,ie,NA,0.1176449424342536,415.1049936694685,2260.1578307471304,3059.904886698192,s1,Kaz,uninflected,sheshim,solution,high,front,-1.0298694042228826,1.032819964854299,Speaker_4,female
Speaker_4_female_additional,371.5883658387414,шешім,ɪ,NA,0.0450555098684049,553.904776598139,1758.1078952879964,3011.00427666417,s2,Kaz,uninflected,sheshim,solution,high,front,-0.31793046850581713,-0.061990624518300216,Speaker_4,female
Speaker_1_male,248.7764943120326,шешімге,ie,NA,0.07416112047934575,353.78125915405906,2030.526170616172,2707.825131436936,s1,Kaz,inflected,sheshimge,solution.DAT,high,front,-0.8169795180976039,1.4170968272019313,Speaker_1,male
Speaker_1_male,248.958463728024,шешімге,ɪ,NA,0.03433385207463857,295.6298079562394,1439.3632444587176,2508.571958294398,s2,Kaz,inflected,sheshimge,solution.DAT,high,front,-1.2071900619502272,-0.06748045510352219,Speaker_1,male
Speaker_1_male,249.1691125513844,шешімге,ie,NA,0.12602651888732908,362.8178712009339,1991.952569559637,2634.345763690516,s3,Kaz,inflected,sheshimge,solution.DAT,high,front,-0.7563416280920592,1.320227606735976,Speaker_1,male
Speaker_2_female,86.92101773341994,шешімге,ie,NA,0.05635416577037233,385.9363176337252,2530.0020087220396,3188.812872002483,s1,Kaz,inflected,sheshimge,solution.DAT,high,front,-1.0853897043524592,2.008592429003441,Speaker_2,female
Speaker_2_female,87.13405692067076,шешімге,ɪ,NA,0.06452727105202882,339.38920811003294,1234.8410373353602,2442.382931468284,s2,Kaz,inflected,sheshimge,solution.DAT,high,front,-1.3722257590076823,-0.5106390386981506,Speaker_2,female
Speaker_2_female,87.37274005463256,шешімге,ie,NA,0.14042472032841147,406.64225508370913,2280.306051465362,2484.2564604631275,s3,Kaz,inflected,sheshimge,solution.DAT,high,front,-0.957794039082026,1.5229061500188277,Speaker_2,female
Speaker_3_male,104.55123669875786,шешімге,ie,NA,0.04728254339629245,366.6122873217181,1689.0867922329223,2333.39237468454,s1,Kaz,inflected,sheshimge,solution.DAT,high,front,-0.803007402462338,0.8654602114400449,Speaker_3,male
Speaker_3_male,104.7275385687056,шешімге,ɪ,NA,0.08158377816273799,373.9880708134533,1339.0340536410936,2095.5222340898545,s2,Kaz,inflected,sheshimge,solution.DAT,high,front,-0.7436606262047961,-0.20034626931545996,Speaker_3,male
Speaker_3_male,104.8935311749886,шешімге,ie,NA,0.1256926461022232,410.6725642437642,1707.359914107653,2226.721581911322,s3,Kaz,inflected,sheshimge,solution.DAT,high,front,-0.44849111286842414,0.9210964329878848,Speaker_3,male
Speaker_4_female,513.1846833815267,шешімге,ie,NA,0.07509251644728465,448.12126214566376,2308.516728048459,2983.48745669188,s1,Kaz,inflected,sheshimge,solution.DAT,high,front,-0.7080119771118101,1.3123629349979224,Speaker_4,female
Speaker_4_female,513.3649054210005,шешімге,ɪ,NA,0.04004934210536248,348.2518152641838,1929.141127044002,2816.1373968251723,s2,Kaz,inflected,sheshimge,solution.DAT,high,front,-1.1871403630016715,0.4783099211910591,Speaker_4,female
Speaker_4_female,513.5640964079034,шешімге,ie,NA,0.09801190801647408,442.272089257636,2257.9203717070595,3027.975750549215,s3,Kaz,inflected,sheshimge,solution.DAT,high,front,-0.7360736601604541,1.2011274117263708,Speaker_4,female
Speaker_1_male_additional,180.3459144067755,ыдыс,ə,NA,0.05522845189705094,357.2309237416835,1354.270447438604,2902.200656738463,s1,Kaz,uninflected,ydys,dishes,non-high,back,-0.7139341873200238,-0.3013731294473383,Speaker_1,male
Speaker_1_male_additional,180.521677970427,ыдыс,ə,NA,0.08135111583999333,385.19827484166177,1465.3668284627802,2747.93765517546,s2,Kaz,uninflected,ydys,dishes,non-high,back,-0.4770069821971683,-0.04603702599985305,Speaker_1,male
Speaker_2_female_additional,101.9505418746829,ыдыс,ə,NA,0.10626032869653557,555.773479393044,1081.7209147552942,3061.650012943892,s1,Kaz,uninflected,ydys,dishes,non-high,back,0.06650413356120176,-0.5822637521284304,Speaker_2,female
Speaker_2_female_additional,102.14988035204392,ыдыс,ə,NA,0.08965715233770766,510.23342202837335,1397.5428548350585,2992.340121758318,s2,Kaz,uninflected,ydys,dishes,non-high,back,-0.25680375844032083,-3.3582198285961047e-4,Speaker_2,female
Speaker_3_male_additional,126.11030574401784,ыдыс,ə,NA,0.0679668186736535,508.1833842619629,1008.534832651706,2391.632033251815,s1,Kaz,uninflected,ydys,dishes,non-high,back,0.37579354218225514,-1.1194255509236861,Speaker_3,male
Speaker_3_male_additional,126.25817946996652,ыдыс,ə,NA,0.07258943256579187,432.6375858068584,1188.6362927949858,2511.1278185349206,s2,Kaz,uninflected,ydys,dishes,non-high,back,-0.2678243977720794,-0.617926672440795,Speaker_3,male
Speaker_4_female_additional,46.51486162651512,ыдыс,ə,NA,0.13188379963624186,721.7851754879586,1349.596429492239,3310.0016729682293,s1,Kaz,uninflected,ydys,dishes,non-high,back,0.5431702478749596,-0.9528236812426393,Speaker_4,female
Speaker_4_female_additional,46.71847313982009,ыдыс,ə,NA,0.10763260690789168,491.22362290554486,1672.6052432463675,3268.3888272982263,s2,Kaz,uninflected,ydys,dishes,non-high,back,-0.6394378434298562,-0.2484446050152971,Speaker_4,female
Speaker_1_male,291.4357147728614,ыдысты,ə,NA,0.09348686549139984,503.6380628965475,1365.5880264682526,2513.1910887055255,s1,Kaz,inflected,ydysty,dishes.ACC,non-high,back,0.188596502515356,-0.25275089034154896,Speaker_1,male
Speaker_1_male,291.59809021039996,ыдысты,ə,NA,0.04429027860294354,390.7701324761681,1412.4120643808592,2676.9301600021204,s2,Kaz,inflected,ydysty,dishes.ACC,non-high,back,-0.5687750781702798,-0.13516248979230636,Speaker_1,male
Speaker_1_male,291.89355891393586,ыдысты,ə,NA,0.11266723825644932,438.6085925482104,1301.7157455212916,2634.565147577398,s3,Kaz,inflected,ydysty,dishes.ACC,non-high,back,-0.2477672419551186,-0.41315225021578733,Speaker_1,male
Speaker_2_female,146.4131017230592,ыдысты,ə,NA,0.08842392405313149,583.4027535648378,1010.7841766959806,3014.5145885198967,s1,Kaz,inflected,ydysty,dishes.ACC,non-high,back,0.13145262998151291,-0.9464544364342474,Speaker_2,female
Speaker_2_female,146.60067534734648,ыдысты,ə,NA,0.06258273848965246,525.036647328022,1298.9909837158723,3112.360814108478,s2,Kaz,inflected,ydysty,dishes.ACC,non-high,back,-0.2282153238370697,-0.3858602913891363,Speaker_2,female
Speaker_2_female,146.94099819110832,ыдысты,ə,NA,0.08504589706063825,564.3623313076752,1502.8921178002342,3024.6679511290827,s3,Kaz,inflected,ydysty,dishes.ACC,non-high,back,0.014120326104853104,0.010749986895728026,Speaker_2,female
Speaker_3_male,182.1754935006606,ыдысты,ə,NA,0.04897781219045782,517.3792230660075,1059.1896212022868,2480.5122086992883,s1,Kaz,inflected,ydysty,dishes.ACC,non-high,back,0.41008834698279234,-1.0523893383011471,Speaker_3,male
Speaker_3_male,182.2863161123206,ыдысты,ə,NA,0.06361595915603857,404.526150633722,1138.1989257188711,2396.390108942619,s2,Kaz,inflected,ydysty,dishes.ACC,non-high,back,-0.4979461753319876,-0.8118295039958646,Speaker_3,male
Speaker_3_male,182.57493474168325,ыдысты,ə,NA,0.13127018237634047,406.4399012990668,1307.5669505363348,2348.5293427077063,s3,Kaz,inflected,ydysty,dishes.ACC,non-high,back,-0.4825478203401143,-0.29615423972176946,Speaker_3,male
Speaker_4_female,80.91334204921179,ыдысты,ə,NA,0.09054688943332678,687.6580710038139,1320.789964399209,3301.3487752159554,s1,Kaz,inflected,ydysty,dishes.ACC,non-high,back,0.4411771710529499,-0.8591433027732248,Speaker_4,female
Speaker_4_female,81.05200357156912,ыдысты,ə,NA,0.04394733065441869,449.8062529331906,1554.768621750571,2482.73391265462,s2,Kaz,inflected,ydysty,dishes.ACC,non-high,back,-0.6999281542663196,-0.34474384267696506,Speaker_4,female
Speaker_4_female,81.35963488615005,ыдысты,ə,NA,0.14557553279276192,670.9824673533907,1712.03936282402,3181.311488464639,s3,Kaz,inflected,ydysty,dishes.ACC,non-high,back,0.36117517534501137,0.001014121801114238,Speaker_4,female
Speaker_1_male,38.52786157365501,январьдың,ə,NA,0.0475611674015397,407.615749566112,1337.8822068250656,2702.5737363969756,s3,CS,inflected,yanvar'dyń,january.GEN,non-high,back,-0.45573684316839014,-0.3223280383830895,Speaker_1,male
Speaker_4_female,223.9389948456052,январьдың,ə,NA,0.04881013569078618,376.4235823627843,1472.295717737067,2529.5857802368355,s3,CS,inflected,yanvar'dyń,january.GEN,non-high,back,-1.0519849804587382,-0.5260595993248445,Speaker_4,female
Speaker_1_male_additional,122.31516083178124,қазы,ɑ,NA,0.09915543694009445,662.1995528964271,1131.8766712742688,2703.288131592481,s1,Kaz,uninflected,qazy,judge,non-high,back,1.8696270765795155,-0.8125073330395889,Speaker_1,male
Speaker_1_male_additional,122.5499729105899,қазы,ə,NA,0.11717319759718237,411.1788145306556,1346.1573809201188,2603.796087594998,s2,Kaz,uninflected,qazy,judge,non-high,back,-0.2569111771246059,-0.32001963055514154,Speaker_1,male
Speaker_2_female_additional,88.83912865509927,қазы,ɑ,NA,0.14377231708787974,784.5833332550214,1042.9170054758492,1406.7942888192092,s1,Kaz,uninflected,qazy,judge,non-high,back,1.6909208735076464,-0.6537631501843122,Speaker_2,female
Speaker_2_female_additional,89.09930602373203,қазы,ə,NA,0.10626032869653557,542.1113174137033,1777.7766631207403,2844.82408961359,s2,Kaz,uninflected,qazy,judge,non-high,back,-0.030489261821534382,0.7002762791623957,Speaker_2,female
Speaker_3_male_additional,91.11521322238792,қазы,ɑ,NA,0.12497522154851026,673.2246671385442,1179.1024813710385,2442.8949338874127,s1,Kaz,uninflected,qazy,judge,non-high,back,1.7818747891171538,-0.6444739071660065,Speaker_3,male
Speaker_3_male_additional,91.3885106848951,қазы,ə,NA,0.15793571953932428,437.5147493404475,1289.668731524383,2406.133213546423,s2,Kaz,uninflected,qazy,judge,non-high,back,-0.22627304732636935,-0.3365982774745609,Speaker_3,male
Speaker_4_female_additional,69.95972988645465,қазы,ɑ,NA,0.1539396587171069,894.7389048736327,1669.056811627876,2956.133494238282,s1,Kaz,uninflected,qazy,judge,non-high,back,1.4302933501525201,-0.25618260125273584,Speaker_4,female
Speaker_4_female_additional,70.24007528119148,қазы,ə,NA,0.14142423930921666,573.7140364847493,1656.04702930219,3066.972755960323,s2,Kaz,uninflected,qazy,judge,non-high,back,-0.21632380094882545,-0.28455278208458445,Speaker_4,female
Speaker_1_male,190.5662032332694,қазының,ɑ,NA,0.09888149397244206,745.586082759907,1203.012141344585,2563.7226922856885,s1,Kaz,inflected,qazynyń,judge.GEN,non-high,back,1.8121272394144312,-0.6610249126556842,Speaker_1,male
Speaker_1_male,190.7768090392555,қазының,ə,NA,0.0504060095755392,563.4938599734285,1385.3437211860162,2887.717168443849,s2,Kaz,inflected,qazynyń,judge.GEN,non-high,back,0.5902436265165829,-0.20313875420034908,Speaker_1,male
Speaker_1_male,191.03795036076292,қазының,ə,NA,0.10574826438718787,277.2749943822951,1281.96603805594,2943.905106905677,s3,Kaz,inflected,qazynyń,judge.GEN,non-high,back,-1.3303553766495593,-0.4627493506730478,Speaker_1,male
Speaker_2_female,119.11368450396216,қазының,ɑ,NA,0.158646417354106,799.081403560138,1362.1133125486404,1644.3214095583835,s1,Kaz,inflected,qazynyń,judge.GEN,non-high,back,1.4605236221669249,-0.26308037397094824,Speaker_2,female
Speaker_2_female,119.45374742136984,қазының,ə,NA,0.17240051029349956,559.0831812735771,1358.842065689477,2436.634613211718,s2,Kaz,inflected,qazynyń,judge.GEN,non-high,back,-0.0184112442377248,-0.2694433112492394,Speaker_2,female
Speaker_2_female,119.68171679033456,қазының,ə,NA,0.06083495395637328,601.60362721828,1240.412230672934,1893.835826366696,s3,Kaz,inflected,qazynyń,judge.GEN,non-high,back,0.24361140511177715,-0.49980245090811065,Speaker_2,female
Speaker_3_male,129.07616636518028,қазының,ɑ,NA,0.09902973165151252,647.2621818443855,1120.3904506236895,2229.883811702846,s1,Kaz,inflected,qazynyń,judge.GEN,non-high,back,1.4551481569575755,-0.8660510142893442,Speaker_3,male
Speaker_3_male,129.2456718099187,қазының,ə,NA,0.07760283023495163,393.69121989199687,1093.8943474507714,2213.3823559067446,s2,Kaz,inflected,qazynyń,judge.GEN,non-high,back,-0.5851258235979171,-0.9467237683151051,Speaker_3,male
Speaker_3_male,129.37730467389292,қазының,ə,NA,0.07498074070613825,463.1675766412599,1199.536183622973,2169.5762367642906,s3,Kaz,inflected,qazynyń,judge.GEN,non-high,back,-0.026107543871045143,-0.6250757958290755,Speaker_3,male
Speaker_4_female,111.6263713347896,қазының,ɑ,NA,0.09338807764065392,736.0301697385983,1401.9274341258254,1994.8797931181464,s1,Kaz,inflected,qazynyń,judge.GEN,non-high,back,0.6732445982051887,-0.6807634834623029,Speaker_4,female
Speaker_4_female,111.78774043953632,қазының,ə,NA,0.04257397657147521,307.9734552660805,1259.1604674515827,2956.539360120725,s2,Kaz,inflected,qazynyń,judge.GEN,non-high,back,-1.3803776964885033,-0.9946350622128752,Speaker_4,female
Speaker_4_female,111.88387522534283,қазының,ə,NA,0.0700410582304869,339.65154751727346,1278.747051284165,2864.298117832139,s3,Kaz,inflected,qazynyń,judge.GEN,non-high,back,-1.2284005535050588,-0.9515741768198944,Speaker_4,female
Speaker_1_male_additional,53.9016154801228,қала,ɑ,NA,0.11631258453166991,645.9451020407023,1019.7924039285804,2934.87263405137,s1,Kaz,uninflected,qala,city,non-high,back,1.7319264556559744,-1.070113924883353,Speaker_1,male
Speaker_1_male_additional,54.1008695344138,қала,ɑ,NA,0.11380130089208508,584.6424051701483,1078.890571993359,2677.6844497048855,s2,Kaz,uninflected,qala,city,non-high,back,1.2125967349358284,-0.9342868545914652,Speaker_1,male
Speaker_2_female_additional,236.11474467087305,қала,ɑ,NA,0.05631938733552033,649.3342200868988,819.4329096905534,1251.6307880851612,s1,Kaz,uninflected,qala,city,non-high,back,0.7307309175901995,-1.065550998894081,Speaker_2,female
Speaker_2_female_additional,236.3045290492609,қала,ɑ,NA,0.14232423253346838,739.2238716331401,982.2422051455758,1360.6705666180164,s2,Kaz,uninflected,qala,city,non-high,back,1.3688951061296857,-0.7655614659038417,Speaker_2,female
Speaker_3_male_additional,272.95106184883616,қала,ɑ,NA,0.06854772148602706,612.5324586713617,940.1108447083108,2565.553579383177,s1,Kaz,uninflected,qala,city,non-high,back,1.2648030924278773,-1.3099545626687359,Speaker_3,male
Speaker_3_male_additional,273.1254369923012,қала,ɑ,NA,0.116927942626603,582.4811795596269,1118.5567705993235,2544.208994661791,s2,Kaz,uninflected,qala,city,non-high,back,1.0087790282122895,-0.8130655777988196,Speaker_3,male
Speaker_4_female_additional,246.26053522292557,қала,ɑ,NA,0.13766961348684958,913.5194343009234,1181.325596814287,3179.9315634476015,s1,Kaz,uninflected,qala,city,non-high,back,1.526623400895752,-1.3197686333018195,Speaker_4,female
Speaker_4_female_additional,246.55412662722512,қала,ɑ,NA,0.2392541490595761,900.1952320449145,1621.0686590785026,3027.028565667841,s2,Kaz,uninflected,qala,city,non-high,back,1.4582802221582407,-0.360829437881516,Speaker_4,female
Speaker_1_male,74.47749823484787,қаланы,ɑ,NA,0.07341655185173579,670.39798782261,1052.890923858223,2817.016025761539,s1,Kaz,inflected,qalany,city.Pl,non-high,back,1.3075966247455175,-1.038021742482136,Speaker_1,male
Speaker_1_male,74.6182132925637,қаланы,ɑ,NA,0.08259362083320809,729.9632208068,1257.9607654272218,2970.4157536316247,s2,Kaz,inflected,qalany,city.Pl,non-high,back,1.707293992200733,-0.5230333786850686,Speaker_1,male
Speaker_1_male,74.78549862303552,қаланы,ə,NA,0.08678979844403045,483.9527620086088,1383.9960425624945,3055.01737857927,s3,Kaz,inflected,qalany,city.Pl,non-high,back,0.05650329061502918,-0.2065231563335033,Speaker_1,male
Speaker_2_female,385.7549993690809,қаланы,ɑ,NA,0.12385321977541253,812.4253632513527,1249.7787676193918,1318.9506217848198,s1,Kaz,inflected,qalany,city.Pl,non-high,back,1.5427527614297645,-0.4815834996424293,Speaker_2,female
Speaker_2_female,386.0010871826763,қаланы,ɑ,NA,0.17183432942539412,789.2655618357124,1264.3690605434304,1445.957078804539,s2,Kaz,inflected,qalany,city.Pl,non-high,back,1.4000357134188797,-0.45320376471429286,Speaker_2,female
Speaker_2_female,386.27351965790785,қаланы,ə,NA,0.11795452704905074,627.7475081725465,970.7870331123354,1674.5044573089606,s3,Kaz,inflected,qalany,city.Pl,non-high,back,0.40471716963794324,-1.0242533085128398,Speaker_2,female
Speaker_3_male,422.3505965733238,қаланы,ɑ,NA,0.1026355690762557,662.0343891236171,1027.012534188943,2397.9314532417548,s1,Kaz,inflected,qalany,city.Pl,non-high,back,1.5740077847127742,-1.1503589985546672,Speaker_3,male
Speaker_3_male,422.5070089160989,қаланы,ɑ,NA,0.08246656143569453,639.3115812072377,1201.8198807734616,2670.938954300696,s2,Kaz,inflected,qalany,city.Pl,non-high,back,1.391176306691825,-0.618122617194151,Speaker_3,male
Speaker_3_male,422.6910864493226,қаланы,ə,NA,0.15060106292463615,476.3537966814099,1428.8508764337869,2141.582402840904,s3,Kaz,inflected,qalany,city.Pl,non-high,back,0.0799909677355358,0.07311924390522656,Speaker_3,male
Speaker_4_female,361.21693296332194,қаланы,ɑ,NA,0.07965453681111967,829.2127972881807,1145.915176172468,2894.6552866925226,s1,Kaz,inflected,qalany,city.Pl,non-high,back,1.1202926526896768,-1.2436035679383453,Speaker_4,female
Speaker_4_female,361.39272228593967,қаланы,ɑ,NA,0.10437491030427282,856.4816859070731,1340.746776392853,3348.1809425190786,s2,Kaz,inflected,qalany,city.Pl,non-high,back,1.2511164331045777,-0.815268474910797,Speaker_4,female
Speaker_4_female,361.62619248004125,қаланы,ə,NA,0.20050969611077107,895.4610777333983,1655.2799058963933,3430.7047963610826,s3,Kaz,inflected,qalany,city.Pl,non-high,back,1.438121905467707,-0.12377090914759896,Speaker_4,female
Speaker_1_male_additional,298.8582184254552,апрель,a,unstressed,0.09815944785333386,679.8383830020902,1296.2858412688006,2536.7544753698235,s1,CS,uninflected,aprel',april,non-high,central,2.0190555549374416,-0.4346408674496471,Speaker_1,male
Speaker_1_male_additional,299.15314444026313,апрель,e,stressed,0.10476356281048992,377.94931432438966,1969.7216447925969,2647.4648067631983,s2,CS,uninflected,aprel',april,non-high,front,-0.5384170152483336,1.1131365885628302,Speaker_1,male
Speaker_2_female_additional,209.33982434781063,апрель,a,unstressed,0.10262643914472848,728.7190650401784,809.3462163845662,1316.8646986927022,s1,CS,uninflected,aprel',april,non-high,central,1.2943170956485452,-1.0841365618732834,Speaker_2,female
Speaker_2_female_additional,209.63769132971856,апрель,e,stressed,0.11514185855261871,418.9774131419703,1317.5100530567336,2505.762536749737,s2,CS,uninflected,aprel',april,non-high,front,-0.904668288545718,-0.14780284935546323,Speaker_2,female
Speaker_3_male_additional,265.02531551162764,апрель,a,unstressed,0.13114283628908652,705.1545604494031,1213.3395665914138,2452.7933353628346,s1,CS,uninflected,aprel',april,non-high,central,2.053903844020976,-0.5491395338251024,Speaker_3,male
Speaker_3_male_additional,265.29551403709127,апрель,e,stressed,0.10638106496708132,412.3537532483562,1632.1382191478942,1972.9092477935435,s2,CS,uninflected,aprel',april,non-high,front,-0.4406339886779219,0.6170201097454369,Speaker_3,male
Speaker_4_female_additional,290.09253171877083,апрель,a,unstressed,0.15573454344752236,973.2734731916048,1504.1256613404785,3160.1586056988444,s1,CS,uninflected,aprel',april,non-high,central,1.8331168690771098,-0.6158447724806102,Speaker_4,female
Speaker_4_female_additional,290.38628997528076,апрель,e,stressed,0.12640573601976257,414.9131404942131,2379.024953515454,3003.449147519253,s2,CS,uninflected,aprel',april,non-high,front,-1.0308534673281935,1.2920312017126419,Speaker_4,female
Speaker_1_male,491.8949378746041,апрельдің,a,unstressed,0.08858012364856904,733.0338265182924,1248.8883114667044,2487.1530512272698,s1,CS,inflected,aprel'diń,april.GEN,non-high,central,1.7278985119497319,-0.5458168761755029,Speaker_1,male
Speaker_1_male,492.1545147546812,апрельдің,e,stressed,0.07625314191136567,369.56983781546495,1889.706950527037,2561.145813379647,s2,CS,inflected,aprel'diń,april.GEN,non-high,front,-0.7110342710018942,1.0634599433479868,Speaker_1,male
Speaker_3_male,413.52260293019685,апрельдің,a,unstressed,0.09526613766928448,704.2795221684868,1149.355760297374,2478.6497351653597,s1,CS,inflected,aprel'diń,april.GEN,non-high,central,1.9139191258731092,-0.7778602608289065,Speaker_3,male
Speaker_3_male,413.71878450343866,апрельдің,e,stressed,0.10370638865924776,406.19861723566305,1589.8069484833677,2357.41711918278,s2,CS,inflected,aprel'diń,april.GEN,non-high,front,-0.4844892318988154,0.5631826137776818,Speaker_3,male
Speaker_1_male,312.90696453361204,апреля,a,unstressed,0.05744162360207383,666.6242890221291,1231.9925044466356,2410.486233418755,s1,Rus,inflected,aprelya,april.GEN,non-high,central,1.2822741773957105,-0.5882470255613091,Speaker_1,male
Speaker_1_male,313.16366212318286,апреля,e,stressed,0.1236018674655952,412.262167131994,1822.6010914971575,2691.8736698792113,s2,Rus,inflected,aprelya,april.GEN,non-high,front,-0.42455823819804395,0.8949381544853057,Speaker_1,male
Speaker_1_male,313.386851785563,апреля,æ,unstressed,0.15797496734069227,501.6489966160597,1486.296693727141,2347.595587999807,s3,Rus,inflected,aprelya,april.GEN,NA,NA,0.17524937842678018,0.05038270830056918,Speaker_1,male
Speaker_2_female,243.57485382418017,апреля,a,unstressed,0.1026588925714691,837.2266768639005,1467.464653299893,2814.7450906333443,s1,Rus,inflected,aprelya,april.GEN,non-high,central,1.695585257790664,-0.0581603534881274,Speaker_2,female
Speaker_2_female,243.88463035696287,апреля,e,stressed,0.1763164518092708,427.1940361582687,1722.7811110803789,2666.149589256326,s2,Rus,inflected,aprelya,april.GEN,non-high,front,-0.8311483276750904,0.4384584212222115,Speaker_2,female
Speaker_2_female,244.156763215447,апреля,æ,unstressed,0.184694454174803,424.4961688241792,1276.4795057318047,2513.3831369135414,s3,Rus,inflected,aprelya,april.GEN,NA,NA,-0.8477733260909329,-0.4296476081588933,Speaker_2,female
Speaker_3_male,283.86841970915896,апреля,a,unstressed,0.11047052320259354,686.1070434247332,1179.8970933110584,2379.6030706595857,s1,Rus,inflected,aprelya,april.GEN,non-high,central,1.7677003504360391,-0.6848709850190907,Speaker_3,male
Speaker_3_male,284.09972544778765,апреля,e,stressed,0.11599811069390852,412.6466624821789,1718.871807875409,2388.5461386328093,s2,Rus,inflected,aprelya,april.GEN,non-high,front,-0.4326071913030906,0.9561467257889075,Speaker_3,male
Speaker_3_male,284.2999499852756,апреля,æ,unstressed,0.12500554721151502,464.4060288964076,1440.4810846521898,2156.890149708758,s3,Rus,inflected,aprelya,april.GEN,NA,NA,-0.016142751795158873,0.10852976902088154,Speaker_3,male
Speaker_4_female,207.42794027984272,апреля,a,unstressed,0.08635639391448535,952.7866301964176,1514.9808444390103,2938.7437595196498,s1,Rus,inflected,aprelya,april.GEN,non-high,central,1.713143949541373,-0.4322168258933886,Speaker_4,female
Speaker_4_female,207.7157949262243,апреля,e,stressed,0.15393965871712112,433.31162857824984,2327.66436358869,2939.5576230155507,s2,Rus,inflected,aprelya,april.GEN,non-high,front,-0.7790618932608019,1.3544587974817552,Speaker_4,female
Speaker_4_female,207.9391951626552,апреля,æ,unstressed,0.16770662006578618,804.0109101845031,1913.9198339749612,2966.458212127491,s3,Rus,inflected,aprelya,april.GEN,NA,NA,0.9993854096196969,0.44484607869655507,Speaker_4,female
Speaker_1_male,158.40749934109152,болезни,ʌ,unstressed,0.06768743957388779,587.5001547358022,1300.3126353103023,2490.9952633513,s1,Rus,inflected,bolezni,disease.Pl,non-high,back,0.7513317703574963,-0.4166758567405489,Speaker_1,male
Speaker_1_male,158.59903734541797,болезни,e,stressed,0.107632606907913,407.676697598804,1975.6672701369068,2629.0078453681003,s2,Rus,inflected,bolezni,disease.Pl,non-high,front,-0.45532786687470156,1.2793306145722831,Speaker_1,male
Speaker_1_male,158.93186849254596,болезни,i,unstressed,0.2101010278086335,333.4660806854064,2310.6701893027425,3237.9053574030636,s3,Rus,inflected,bolezni,disease.Pl,high,front,-0.9532993635258689,2.120617679937315,Speaker_1,male
Speaker_2_female,168.996166635009,болезни,ʌ,unstressed,0.09383070206436628,719.7673023199594,1649.3686849513306,2571.5829234436383,s1,Rus,inflected,bolezni,disease.Pl,non-high,back,0.9717683780485319,0.29566312541692974,Speaker_2,female
Speaker_2_female,169.22019319044367,болезни,e,stressed,0.19519497660763815,434.9648564664552,1815.9368400379117,2649.1714038412865,s2,Rus,inflected,bolezni,disease.Pl,non-high,front,-0.7832624017509386,0.6196566266740274,Speaker_2,female
Speaker_2_female,169.55972876948354,болезни,i,unstressed,0.2127254704583379,423.8469999659494,2752.4427792594524,3533.208801645157,s3,Rus,inflected,bolezni,disease.Pl,high,front,-0.8517736826330486,2.4412643525850033,Speaker_2,female
Speaker_3_male,199.76416893798736,болезни,ʌ,unstressed,0.07674094619741822,524.2751323656005,1255.718029966332,2273.471952618716,s1,Rus,inflected,bolezni,disease.Pl,non-high,back,0.46557397596767564,-0.45401878260746903,Speaker_3,male
Speaker_3_male,199.9132305556599,болезни,e,stressed,0.10157495962059215,361.40118561336055,1739.3809893760244,2365.137428110295,s2,Rus,inflected,bolezni,disease.Pl,non-high,front,-0.8449367903690909,1.0185910838770031,Speaker_3,male
Speaker_3_male,200.19625072370988,болезни,i,unstressed,0.11311114186793247,336.94908774314035,1972.6566237546065,2479.6238244162496,s3,Rus,inflected,bolezni,disease.Pl,high,front,-1.0416824219291194,1.7288460126720326,Speaker_3,male
Speaker_4_female,381.47595665984954,болезни,ʌ,unstressed,0.07690782864523271,681.8270844494488,1642.5641482659562,2763.212159337398,s1,Rus,inflected,bolezni,disease.Pl,non-high,back,0.4132027377985634,-0.15172636001587736,Speaker_4,female
Speaker_4_female,381.6771530330018,болезни,e,stressed,0.15244230320752197,483.625835126984,2336.8178291367585,3070.4751804628077,s2,Rus,inflected,bolezni,disease.Pl,non-high,front,-0.537677112191242,1.3745825890670087,Speaker_4,female
Speaker_4_female,381.99013073379933,болезни,i,unstressed,0.11702915728113794,379.8343873065201,2519.5635320950005,3109.2550937355168,s3,Rus,inflected,bolezni,disease.Pl,high,front,-1.0356214827293808,1.7763469721981866,Speaker_4,female
Speaker_1_male_additional,228.6156868119276,болезнь,ʌ,unstressed,0.09671350229021414,459.50868608865073,1091.7987857694725,2478.4692219187336,s1,CS,uninflected,bolezn',disease,non-high,back,0.15251842352825248,-0.9046195244977625,Speaker_1,male
Speaker_1_male_additional,228.8091225917187,болезнь,e,stressed,0.1364439558061008,367.5619852601856,2145.8565128218174,2861.563831608924,s2,CS,uninflected,bolezn',disease,non-high,front,-0.6264139383418182,1.5179525732890229,Speaker_1,male
Speaker_2_female_additional,243.43428481287415,болезнь,ʌ,unstressed,0.0988718133223756,764.3362771521598,1686.0669184933868,2702.9202078843387,s1,CS,uninflected,bolezn',disease,non-high,back,1.5471785638431208,0.5312935230825111,Speaker_2,female
Speaker_2_female_additional,243.65504337802105,болезнь,e,stressed,0.1549140258530315,405.158447963398,1389.141391002939,2681.42620331081,s2,CS,uninflected,bolezn',disease,non-high,front,-1.0027748953457505,-0.01581621089055692,Speaker_2,female
Speaker_3_male_additional,291.85576587801995,болезнь,ʌ,unstressed,0.0939740968493652,591.5749143188482,1110.9396949571933,2179.5288756090445,s1,CS,uninflected,bolezn',disease,non-high,back,1.0862537647550428,-0.8342755940241666,Speaker_3,male
Speaker_3_male_additional,292.022584296741,болезнь,e,stressed,0.11269751148768135,337.5939618945784,1792.6285381943608,2534.214580670478,s2,CS,uninflected,bolezn',disease,non-high,front,-1.0775554838042096,1.0639110730121082,Speaker_3,male
Speaker_4_female_additional,332.18039282226346,болезнь,ʌ,unstressed,0.06132555509867643,675.7507442775391,1299.7604520854522,2827.2373007221445,s1,CS,uninflected,bolezn',disease,non-high,back,0.30704809212829703,-1.0615000338185772,Speaker_4,female
Speaker_4_female_additional,332.44133931691806,болезнь,e,stressed,0.18522820723683253,413.9239728792065,2468.643392384703,3190.6340624162453,s2,CS,uninflected,bolezn',disease,non-high,front,-1.0359271563802543,1.4874603989843567,Speaker_4,female
Speaker_1_male,383.16554519770864,болезньдер,ʌ,unstressed,0.08826671901516647,595.7043611566434,1167.4057946348682,2520.75146274997,s1,CS,inflected,bolezn'der,disease.Pl,non-high,back,0.8063840138254228,-0.7504425183481254,Speaker_1,male
Speaker_1_male,383.3207628108397,болезньдер,e,stressed,0.0961347858065551,347.28528753608265,2035.391121830526,2572.0760188700474,s2,CS,inflected,bolezn'der,disease.Pl,non-high,front,-0.8605690857814595,1.4293140954587542,Speaker_1,male
Speaker_3_male,456.0786709496579,болезньдер,ʌ,unstressed,0.08694736382210522,488.6942461500943,1334.683931745662,2208.827772307075,s1,CS,inflected,bolezn'der,disease.Pl,non-high,back,0.1792842691666518,-0.2135910967288331,Speaker_3,male
Speaker_3_male,456.21401083499336,болезньдер,e,stressed,0.08960156964417365,341.8710757255595,1788.1545941945592,2563.5828028945725,s2,CS,inflected,bolezn'der,disease.Pl,non-high,front,-1.0020792909719471,1.1670922049209844,Speaker_3,male
Speaker_1_male_additional,176.4481798539908,борьба,ʌ,unstressed,0.1046000110606542,581.3280297982461,1109.1548506185773,2607.4634401564995,s1,CS,uninflected,bor'ba,fight,non-high,back,1.184518791809015,-0.8647295665270535,Speaker_1,male
Speaker_1_male_additional,176.7338593311431,борьба,a,stressed,0.13670248942926833,446.7443078548238,1224.4648061355572,2452.333388130346,s2,CS,uninflected,bor'ba,fight,non-high,central,0.0443841762318046,-0.5997092800066374,Speaker_1,male
Speaker_2_female_additional,2.502723992053464,борьба,a,stressed,0.14022160821047036,667.9581177971718,1318.8528219834757,1473.2562091046796,s1,CS,uninflected,bor'ba,fight,non-high,central,0.8629497477366797,-0.14532868704107343,Speaker_2,female
Speaker_2_female,7.117923237621715,борьбаға,a,stressed,0.09205601908763672,789.4457486685825,1332.873165055758,2805.7774068875833,s1,CS,inflected,bor'baǵa,fight.DAT,non-high,central,1.4011460741001367,-0.3199556978200273,Speaker_2,female
Speaker_2_female,7.30205080835931,борьбаға,ɑ,unstressed,0.1345444758647547,794.9261944460287,1419.1826479402112,1722.530450321905,s2,CS,inflected,bor'baǵa,fight.DAT,NA,NA,1.4349180840195586,-0.15207419888112036,Speaker_2,female
Speaker_3_male,39.81727285469634,борьбаға,ʌ,unstressed,0.08313827113393302,559.6463090364203,1182.4293865300097,2179.2641494030786,s1,CS,inflected,bor'baǵa,fight.DAT,non-high,back,0.7501763250199914,-0.6771609052899945,Speaker_3,male
Speaker_3_male,40.04890865799408,борьбаға,a,stressed,0.1206489686304053,600.3160555793424,1113.5508212372426,2227.074746227397,s2,CS,inflected,bor'baǵa,fight.DAT,non-high,central,1.077411845319397,-0.8868756516150383,Speaker_3,male
Speaker_1_male,512.6014197410686,борьбе,ʌ,stressed,0.08102789089411999,592.2448743778017,1330.8813032368018,2386.234685830329,s1,Rus,inflected,bor'be,fight.DAT,non-high,back,0.7831700064426907,-0.33990928707590573,Speaker_1,male
Speaker_1_male,512.9729710958676,борьбе,e,unstressed,0.20612126316427748,389.3235543891095,2148.9579447893757,2762.514511779007,s2,Rus,inflected,bor'be,fight.DAT,non-high,front,-0.5784819730189776,1.7145125034242228,Speaker_1,male
Speaker_2_female,335.77155011917466,борьбе,ʌ,unstressed,0.05603274190303864,737.735151728483,1282.9789799634432,2796.226484040934,s1,Rus,inflected,bor'be,fight.DAT,non-high,back,1.082491193873579,-0.4170054112663104,Speaker_2,female
Speaker_2_female,336.19011639178757,борьбе,e,stressed,0.25525070188996324,458.91272615736784,1664.5148210065092,2620.5764809763605,s2,Rus,inflected,bor'be,fight.DAT,non-high,front,-0.6356890608962841,0.32512403676870005,Speaker_2,female
Speaker_3_male,429.38262522813545,борьбе,ʌ,unstressed,0.07293340823952121,562.1693969982512,1144.092699068033,2198.3911578939164,s1,Rus,inflected,bor'be,fight.DAT,non-high,back,0.7704775088761412,-0.7938847169991677,Speaker_3,male
Speaker_3_male,429.6433315696649,борьбе,e,stressed,0.1697163013353702,343.7946041027702,1450.6887867898345,2567.8106135643725,s2,Rus,inflected,bor'be,fight.DAT,non-high,front,-0.9866022628900799,0.13960918618438856,Speaker_3,male
Speaker_4_female,323.14541810162956,борьбе,ʌ,unstressed,0.12497522154853868,767.5818676211969,1669.775295147327,2826.527225321395,s1,Rus,inflected,bor'be,fight.DAT,non-high,back,0.8246153582386804,-0.0919029580747445,Speaker_4,female
Speaker_4_female,323.5258371826069,борьбе,e,stressed,0.2595639216776817,564.8361592171257,2202.4664685767666,3012.483847859934,s2,Rus,inflected,bor'be,fight.DAT,non-high,front,-0.1480667487226355,1.0792126261926769,Speaker_4,female
Speaker_1_male_additional,66.71336845784026,вечер,e,stressed,0.13483768185717793,349.63148993165163,1907.47618790942,2546.745587286178,s1,CS,uninflected,vecher,evening,non-high,front,-0.7783132773057174,0.9700760111494208,Speaker_1,male
Speaker_1_male_additional,66.94978774427832,вечер,ɪ,unstressed,0.06641270543532585,420.4215215853811,1750.3175351157909,2409.237280938218,s2,CS,uninflected,vecher,evening,NA,NA,-0.17861099265532626,0.6088736240199155,Speaker_1,male
Speaker_2_female_additional,28.135128976089423,вечер,e,stressed,0.12170307474907104,443.3127328286958,1061.1974424484492,2540.842594601959,s1,CS,uninflected,vecher,evening,non-high,front,-0.7319016877903552,-0.6200799398065437,Speaker_2,female
Speaker_2_female_additional,28.401029741495556,вечер,ɪ,unstressed,0.05811111725591544,513.3954452783034,1829.1250559133505,2655.36164919713,s2,CS,uninflected,vecher,evening,NA,NA,-0.2343552344253337,0.7948899210346436,Speaker_2,female
Speaker_3_male_additional,39.83230431771791,вечер,e,stressed,0.07278776639638096,343.9081269294373,1815.1830990220744,2310.0186113568666,s1,CS,uninflected,vecher,evening,non-high,front,-1.0237614942591435,1.1267150444556155,Speaker_3,male
Speaker_3_male_additional,40.01839379595773,вечер,ɪ,unstressed,0.04120062248851752,405.6287456201572,1511.9410894269972,2171.204256322488,s2,CS,uninflected,vecher,evening,NA,NA,-0.4979281816622067,0.28232695565363963,Speaker_3,male
Speaker_4_female_additional,129.33757404906882,вечер,e,stressed,0.14145884950136178,445.5219284048257,2505.1248685139135,3135.9676289726112,s1,CS,uninflected,vecher,evening,non-high,front,-0.8738533090507873,1.5670148487736533,Speaker_4,female
Speaker_4_female_additional,129.5735070100037,вечер,ɪ,unstressed,0.07008634868421382,555.9673472799783,1905.7234661077264,2809.0610823772586,s2,CS,uninflected,vecher,evening,NA,NA,-0.30735102561991234,0.25991179728347713,Speaker_4,female
Speaker_1_male,2.216663983708616,вечерa,ɪ,unstressed,0.0444269763678049,476.4662341389839,1491.0164542027462,2458.569107032044,s1,Rus,inflected,vechera,evening.ACC,NA,NA,0.006266846787748195,0.06223536155396418,Speaker_1,male
Speaker_1_male,2.390987045961191,вечерa,a,stressed,0.21707731079739556,594.7821040895333,1351.8869635663882,2241.2154884054135,s2,Rus,inflected,vechera,evening.ACC,non-high,central,0.8001954420130921,-0.2871581338061506,Speaker_1,male
Speaker_2_female,349.56847878864585,вечерa,e,stressed,0.13362821437698358,370.23141304694445,2307.182588116865,2638.999505879464,s1,Rus,inflected,vechera,evening.ACC,non-high,front,-1.1821676335623497,1.57518398912234,Speaker_2,female
Speaker_2_female,349.8963279564916,вечерa,ɪ,unstressed,0.1582346250502269,563.5623592734632,1901.3243999246608,2842.1254586535965,s2,Rus,inflected,vechera,evening.ACC,NA,NA,0.00919067903383432,0.7857448833226519,Speaker_2,female
Speaker_2_female,350.14801632212095,вечерa,a,unstressed,0.3082348524149552,817.2298104999219,1498.759214611865,1578.8632720735557,s3,Rus,inflected,vechera,evening.ACC,non-high,central,1.5723590830183756,0.002711032669091153,Speaker_2,female
Speaker_3_male,382.80831442278185,вечерa,e,stressed,0.08233127332380263,351.32141797177735,1728.1601932437427,2165.6958363761187,s1,Rus,inflected,vechera,evening.ACC,non-high,front,-0.9260402711889052,0.9844270968014245,Speaker_3,male
Speaker_3_male,382.9943875152353,вечерa,ɪ,unstressed,0.04306596995616019,456.6399304900788,1547.961716454816,2221.970561128737,s2,Rus,inflected,vechera,evening.ACC,NA,NA,-0.07863006653682529,0.43577632733022226,Speaker_3,male
Speaker_3_male,383.1406986680304,вечерa,a,unstressed,0.1588318082286264,581.9252687223611,1351.5430220566575,1937.6025245177432,s3,Rus,inflected,vechera,evening.ACC,non-high,central,0.929436526626217,-0.1622601807491894,Speaker_3,male
Speaker_2_female,50.17463743644844,вечердің,e,stressed,0.1473303361649272,403.1399115548439,1988.2948891495896,2631.3149985225423,s1,CS,inflected,vecherdiń,evening.GEN,non-high,front,-0.9793764404415696,0.954912112769245,Speaker_2,female
Speaker_2_female,50.40867827085819,вечердің,ɪ,unstressed,0.06083310371595019,510.7595339601411,1914.1467683210667,2734.412056213991,s2,CS,inflected,vecherdiń,evening.GEN,NA,NA,-0.3161948119774424,0.8106858093297898,Speaker_2,female
Speaker_4_female,198.86498774500336,вечердің,e,stressed,0.10888414884865938,505.7048980892951,2426.676694001705,3019.18489528144,s1,CS,inflected,vecherdiń,evening.GEN,non-high,front,-0.4317517653567189,1.5721362980020013,Speaker_4,female
Speaker_4_female,199.0833818136711,вечердің,ɪ,unstressed,0.0650801809210293,509.2437107865024,1928.9441694049408,2978.6115817504515,s2,CS,inflected,vecherdiń,evening.GEN,NA,NA,-0.41477414438729815,0.47787691202542937,Speaker_4,female
Speaker_2_female,60.4535292232415,винолар,i,stressed,0.06995316057587075,426.76317300412006,2058.158010510635,3003.646315800692,s1,CS,inflected,vinolar,vine.Pl,high,front,-0.8338034245972612,1.0908036178816658,Speaker_2,female
Speaker_2_female,60.651594432037605,винолар,o,unstressed,0.1144904117438017,541.8042310832951,924.4923185355304,3001.4638589781207,s2,CS,inflected,vinolar,vine.Pl,non-high,back,-0.12488887414602037,-1.1143016533338566,Speaker_2,female
Speaker_4_female,257.1601169916495,винолар,i,unstressed,0.08760793585526017,430.65076393661184,2374.376791564835,2923.3390716535523,s1,CS,inflected,vinolar,vine.Pl,high,front,-0.7918275169888717,1.4571555477012883,Speaker_4,female
Speaker_4_female,257.3153081923073,винолар,o,stressed,0.11263877467104066,595.6873293754375,1203.049863837021,3318.8797814997492,s2,CS,inflected,vinolar,vine.Pl,non-high,back,-5.6803515794334555e-5,-1.1179935964131222,Speaker_4,female
Speaker_1_male,524.9336317843022,вины,i,stressed,0.09698687340130618,317.08534511581075,2056.6276431976894,2603.790247268445,s1,Rus,inflected,viny,vine.Pl,high,front,-1.0632181291569074,1.4826450060789649,Speaker_1,male
Speaker_1_male,525.1597621328197,вины,ɨ,unstressed,0.19321804184539815,295.51058484845987,1624.9468759775225,2271.5858266649966,s2,Rus,inflected,viny,vine.Pl,high,front,-1.207990078334482,0.3985725247600728,Speaker_1,male
Speaker_3_male,355.6230249043591,вины,i,stressed,0.0730432419296676,315.16859621764405,1869.4296235306667,2318.7082980583205,s1,Rus,inflected,viny,vine.Pl,high,front,-1.2169318661124142,1.4145504974585057,Speaker_3,male
Speaker_3_male,355.81599484575173,вины,ɨ,unstressed,0.13483626310949148,348.78404717247787,1247.088828309861,2161.9497867005653,s2,Rus,inflected,viny,vine.Pl,high,front,-0.9464563771222181,-0.4802921352634446,Speaker_3,male
Speaker_2_female,35.09585232971577,воле,o,stressed,0.19653103614118805,449.3838584229701,841.1680758818244,2728.6383692466093,s1,Rus,inflected,vole,will.DAT,non-high,back,-0.6944085572137709,-1.2763765295485663,Speaker_2,female
Speaker_2_female,35.37764363915006,воле,e,unstressed,0.2076578584269555,514.2942159730512,864.4886815176693,2432.337880797659,s2,Rus,inflected,vole,will.DAT,non-high,front,-0.29441313201022834,-1.2310153699231507,Speaker_2,female
Speaker_3_male,56.91555847512251,воле,o,stressed,0.09730541639788726,462.8104055327479,931.191638934652,2296.3821310760163,s1,Rus,inflected,vole,will.DAT,non-high,back,-0.02898140179898917,-1.442105126765651,Speaker_3,male
Speaker_3_male,57.116964780520874,воле,e,unstressed,0.1834771592221216,415.94511800943224,1582.7843400476197,2278.623218665662,s2,Rus,inflected,vole,will.DAT,non-high,front,-0.4060672715249812,0.5418008596661793,Speaker_3,male
Speaker_4_female,491.47166470447775,воле,o,stressed,0.1777189555921268,428.25406641840385,875.4839046393964,3143.9337740722863,s1,Rus,inflected,vole,will.DAT,non-high,back,-0.8033257864719099,-1.8381436924286672,Speaker_4,female
Speaker_4_female,491.68630414732314,воле,e,unstressed,0.14142423930923087,527.9671276717621,1921.0018755473764,2901.4073849756605,s2,Rus,inflected,vole,will.DAT,non-high,front,-0.32494766801536323,0.4604158678494136,Speaker_4,female
Speaker_2_female,160.5255419725741,воляға,o,stressed,0.15785330761181626,504.6536401812784,951.2548801260264,2937.177046328508,s1,CS,inflected,volyaǵa,will.DAT,non-high,back,-0.35382100401373634,-1.0622455083413973,Speaker_2,female
Speaker_2_female,160.7346054934701,воляға,æ,unstressed,0.12837792686406146,623.0424095480063,1560.2977939219095,2827.933672662975,s2,CS,inflected,volyaǵa,will.DAT,NA,NA,0.3757230615174399,0.12241038193957571,Speaker_2,female
Speaker_4_female,108.04049736774742,воляға,o,stressed,0.12772192971439722,435.5300605983908,843.6128428584233,2991.429401114958,s1,CS,inflected,volyaǵa,will.DAT,non-high,back,-0.7684188609200108,-1.9082118651347266,Speaker_4,female
Speaker_4_female,108.24787383427297,воляға,æ,unstressed,0.12772192971439722,833.1049752929283,1704.4220087061994,2893.759931130036,s2,CS,inflected,volyaǵa,will.DAT,NA,NA,1.1389655604031226,-0.015732545992968923,Speaker_4,female
Speaker_1_male,520.1058296931908,вопросу,ʌ,unstressed,0.08102789089411999,584.4480107704967,971.2726016366654,2699.77256636909,s1,Rus,inflected,voprosu,question.DAT,non-high,back,0.730851133467337,-1.2429884303927001,Speaker_1,male
Speaker_1_male,520.3997274669422,вопросу,o,stressed,0.13321534604619956,472.3782510238401,962.6401067051828,2622.50200124737,s2,Rus,inflected,voprosu,question.DAT,non-high,back,-0.02116452563310744,-1.264667066345393,Speaker_1,male
Speaker_1_male,520.6983743378688,вопросу,u,unstressed,0.14546024856235815,365.141310845043,759.7880663494498,2678.8246155739275,s3,Rus,inflected,voprosu,question.DAT,high,back,-0.740750776471652,-1.7740859041248447,Speaker_1,male
Speaker_2_female,369.5855147079712,вопросу,ʌ,unstressed,0.08137317221314788,688.0713687182947,1091.3663748404306,2738.1451261962206,s1,Rus,inflected,voprosu,question.DAT,non-high,back,0.7764493424317687,-0.7897131403429104,Speaker_2,female
Speaker_2_female,369.9049416527945,вопросу,o,stressed,0.15525205875911752,567.2034898659023,916.4789655359076,2866.2418458660195,s2,Rus,inflected,voprosu,question.DAT,non-high,back,0.0316283243421439,-1.129888512021265,Speaker_2,female
Speaker_2_female,370.2183365840564,вопросу,u,unstressed,0.12939000401729572,371.22619510353,2009.6806979491605,2790.3118280784165,s3,Rus,inflected,voprosu,question.DAT,high,back,-1.1760375137058723,0.9965098783600702,Speaker_2,female
Speaker_3_male,432.49190895930064,вопросу,ʌ,unstressed,0.08312957834624513,610.3076160447623,970.2782926038476,2251.5170464837047,s1,Rus,inflected,voprosu,question.DAT,non-high,back,1.157805596582488,-1.323097891000957,Speaker_3,male
Speaker_3_male,432.72576944895354,вопросу,o,stressed,0.10470025453599874,455.8438239630088,951.688265614673,2538.655341449185,s2,Rus,inflected,voprosu,question.DAT,non-high,back,-0.08503567158097215,-1.379698994372369,Speaker_3,male
Speaker_3_male,432.950739317036,вопросу,u,unstressed,0.10917242763883904,773.3882154744209,2158.432882813923,3676.2323862799462,s3,Rus,inflected,voprosu,question.DAT,high,back,2.469979124607356,2.294479470283139,Speaker_3,male
Speaker_4_female,287.39438371359495,вопросу,ʌ,unstressed,0.05757092927632357,691.6991820264042,1214.237144993487,2714.4454756706677,s1,Rus,inflected,voprosu,question.DAT,non-high,back,0.4605645919500857,-1.0933984839700697,Speaker_4,female
Speaker_4_female,287.66221368892394,вопросу,o,stressed,0.1276572779605658,559.1324022226619,1144.5935398631327,3013.822938562,s2,Rus,inflected,voprosu,question.DAT,non-high,back,-0.1754307921573471,-1.2465091705760454,Speaker_4,female
Speaker_4_female,287.8937897537081,вопросу,u,unstressed,0.06516179239736175,443.7288967619123,1051.9368379925488,3166.984932583881,s3,Rus,inflected,voprosu,question.DAT,high,back,-0.7290845573880667,-1.4502138928616957,Speaker_4,female
Speaker_2_female,247.79868232262777,вопросқа,ʌ,unstressed,0.08474399985595937,684.0285235390653,1157.225269467179,1877.4611742162551,s1,CS,inflected,voprosqa,question.DAT,non-high,back,0.7515362216674858,-0.6616102995090715,Speaker_2,female
Speaker_2_female,248.01994623544948,вопросқа,o,stressed,0.07881499859647079,540.9968716951852,1116.2026705334963,1716.441940374496,s2,CS,inflected,voprosqa,question.DAT,non-high,back,-0.12986404411777638,-0.7414037957645888,Speaker_2,female
Speaker_4_female,391.9716681130611,вопросқа,ʌ,unstressed,0.09201472355772466,694.8623886515937,1067.6528948255816,2763.4678653843116,s1,CS,inflected,voprosqa,question.DAT,non-high,back,0.4757402250579951,-1.4156623177681857,Speaker_4,female
Speaker_4_female,392.2147517857434,вопросқа,o,stressed,0.1304686378803126,520.9833323459011,1316.9688743417576,2909.305553252532,s2,CS,inflected,voprosqa,question.DAT,non-high,back,-0.35845275577094055,-0.867543926508665,Speaker_4,female
Speaker_1_male,537.1252975629527,выходу,ɨ,stressed,0.08695468287623953,374.6300333658719,1168.7179496200567,2634.945160793386,s1,Rus,inflected,vyhodu,exit.DAT,high,front,-0.6770791139584711,-0.7471473261165411,Speaker_1,male
Speaker_1_male,537.3022435518282,выходу,ə,unstressed,0.04806739290324913,425.29347697965034,1448.133518954399,2565.9033933940204,s2,Rus,inflected,vyhodu,exit.DAT,non-high,central,-0.33711494318089935,-0.04545581570249917,Speaker_1,male
Speaker_1_male,537.4907215753486,выходу,u,unstressed,0.1393657906903627,324.81347854330585,1053.6319668521794,2500.9426255171934,s3,Rus,inflected,vyhodu,exit.DAT,high,back,-1.011360452596953,-1.036160773965064,Speaker_1,male
Speaker_2_female,261.650004451859,выходу,ɨ,stressed,0.11053075262560697,378.29860108998537,1598.4545731207418,2870.222089842905,s1,Rus,inflected,vyhodu,exit.DAT,high,front,-1.1324554083757383,0.1966295415556361,Speaker_2,female
Speaker_2_female,261.88628117032465,выходу,ə,unstressed,0.06505686233032293,528.4924286262117,1325.978688044992,3189.137796355644,s2,Rus,inflected,vyhodu,exit.DAT,non-high,central,-0.20691985171286634,-0.3333662188460514,Speaker_2,female
Speaker_2_female,262.09904048165276,выходу,u,unstressed,0.16490453190812104,487.18036637574016,980.8122873059089,3127.219039144925,s3,Rus,inflected,vyhodu,exit.DAT,high,back,-0.46149610933343344,-1.0047530792794674,Speaker_2,female
Speaker_3_male,287.4910604702792,выходу,ɨ,stressed,0.05817272561341724,366.7848486350345,968.8324863889682,2402.0981311186233,s1,Rus,inflected,vyhodu,exit.DAT,high,front,-0.8016189455392774,-1.3274999409318728,Speaker_3,male
Speaker_3_male,287.6493374974863,выходу,ə,unstressed,0.05026985513882209,466.0116136271736,1123.2419210277076,2483.6249211516856,s2,Rus,inflected,vyhodu,exit.DAT,non-high,central,-0.0032239509808363633,-0.8573691349573597,Speaker_3,male
Speaker_3_male,287.80152326349616,выходу,u,unstressed,0.1167215953103664,344.71471702924214,990.3463649016636,2382.851041792264,s3,Rus,inflected,vyhodu,exit.DAT,high,back,-0.9791988818065397,-1.2619965792462668,Speaker_3,male
Speaker_4_female,261.2112612854636,выходу,ɨ,stressed,0.09734002031899536,455.3316090339057,1337.9980511011458,2956.8968831284596,s1,Rus,inflected,vyhodu,exit.DAT,high,front,-0.6734199975410292,-0.8213115167079118,Speaker_4,female
Speaker_4_female,261.3968289530547,выходу,ə,unstressed,0.050061677631561,511.13507069273874,1540.7944790565584,3129.1607611548566,s2,Rus,inflected,vyhodu,exit.DAT,non-high,central,-0.40570025595285775,-0.3754658390268867,Speaker_4,female
Speaker_4_female,261.5814313893211,выходу,u,unstressed,0.15644274259869917,332.7836300598542,1129.170234278138,2983.85692125463,s3,Rus,inflected,vyhodu,exit.DAT,high,back,-1.261349711716611,-1.2804171353264668,Speaker_4,female
Speaker_2_female,67.87019154085823,выходқа,ɨ,stressed,0.09868816592462792,426.981002854644,1508.8044490530135,2332.0692358086926,s1,CS,inflected,vyhodqa,exit.DAT,high,front,-0.8324610973174413,0.022250125695872768,Speaker_2,female
Speaker_2_female,68.05966454114409,выходқа,ə,unstressed,0.03566835754799058,586.7623087838753,825.2658406407719,1603.737691299525,s2,CS,inflected,vyhodqa,exit.DAT,non-high,central,0.1521551306155122,-1.3073081375193967,Speaker_2,female
Speaker_4_female,98.21468232212855,выходқа,ɨ,stressed,0.0575676815466295,411.8824840860052,1151.636767656578,2986.4091357416896,s1,CS,inflected,vyhodqa,exit.DAT,high,front,-0.8818692255548769,-1.2310247130819476,Speaker_4,female
Speaker_4_female,98.34835912222871,выходқа,ə,unstressed,0.04840464894104457,479.3356602956799,1627.3334454105384,3115.950645895058,s2,CS,inflected,vyhodqa,exit.DAT,non-high,central,-0.5582594284680856,-0.1852108898204411,Speaker_4,female
Speaker_2_female,205.8378491796344,гораның,ʌ,unstressed,0.1314076749568187,768.0432373651099,1613.1883168634793,2876.047555612463,s1,CS,inflected,goranyń,mountain.GEN,non-high,back,1.2692579297057534,0.22528830420659463,Speaker_2,female
Speaker_2_female,205.9916141752435,гораның,a,stressed,0.11907951476729296,796.7517156714564,1534.77039654707,1607.7824138562394,s2,CS,inflected,goranyń,mountain.GEN,non-high,central,1.4461674464686816,0.0727567680830951,Speaker_2,female
Speaker_4_female,580.943487889927,гораның,ʌ,unstressed,0.16480248995412694,809.6435457103307,1672.9031896229606,2873.07192877163,s1,CS,inflected,goranyń,mountain.GEN,non-high,back,1.0264082444512388,-0.085026317069459,Speaker_4,female
Speaker_4_female,581.1220239207107,гораның,a,stressed,0.11536174296782065,829.4321524863684,1874.717538634361,3190.0208401415807,s2,CS,inflected,goranyń,mountain.GEN,non-high,central,1.1213450196079493,0.3586602710420714,Speaker_4,female
Speaker_1_male,541.1284630925929,городa,ʌ,unstressed,0.0710210816793051,592.806843062318,1309.5519045719666,2402.4701384204677,s1,Rus,inflected,goroda,city.Pl,non-high,back,0.7869409545703182,-0.3934734388553033,Speaker_1,male
Speaker_1_male,541.252554971783,городa,ʌ,unstressed,0.09201472355766782,583.9786877495465,1365.7021400013084,2451.54890596456,s2,Rus,inflected,goroda,city.Pl,non-high,back,0.7277018605347568,-0.252464318989926,Speaker_1,male
Speaker_1_male,541.5284707262363,городa,a,stressed,0.20437292591998357,410.1250224233117,1350.137241576777,2667.020699888405,s3,Rus,inflected,goroda,city.Pl,non-high,central,-0.4388990049697929,-0.2915521805252363,Speaker_1,male
Speaker_2_female,289.21453883691436,городa,ʌ,unstressed,0.1041423713905374,734.2032291004214,1718.096173860566,2281.516345250377,s1,Rus,inflected,goroda,city.Pl,non-high,back,1.0607265179925764,0.42934569969252984,Speaker_2,female
Speaker_2_female,289.35467051480356,городa,ʌ,stressed,0.13030480621102924,737.2802585937902,1570.051770509116,1663.1197269371785,s2,Rus,inflected,goroda,city.Pl,non-high,back,1.0796880176209571,0.14138294619728842,Speaker_2,female
Speaker_2_female,289.6484473777764,городa,a,stressed,0.2420844551385244,804.5622592963285,1561.8987684541391,1644.3198267790656,s3,Rus,inflected,goroda,city.Pl,non-high,central,1.4942981583645623,0.12552445463763082,Speaker_2,female
Speaker_3_male,321.52031510331585,городa,ʌ,unstressed,0.07786483202545469,603.9413303279016,1350.7387827725154,2095.18134150303,s1,Rus,inflected,goroda,city.Pl,non-high,back,1.1065814067112052,-0.16470885018272957,Speaker_3,male
Speaker_3_male,321.62900113570356,городa,ʌ,unstressed,0.07559598719052474,537.9942207800775,1314.5675423675875,2236.844479648452,s2,Rus,inflected,goroda,city.Pl,non-high,back,0.5759600348187416,-0.2748395196230554,Speaker_3,male
Speaker_3_male,321.7782101375468,городa,a,stressed,0.1762697833859761,549.5129328760279,1325.9025991279566,2305.6551691160603,s3,Rus,inflected,goroda,city.Pl,non-high,central,0.6686415011740653,-0.24032764291690112,Speaker_3,male
Speaker_4_female,495.80108370088215,городa,ʌ,unstressed,0.0938656455592195,633.6396368561988,1804.7619608444256,2977.7440702549243,s1,Rus,inflected,goroda,city.Pl,non-high,back,0.18202118321454935,0.20486371603480652,Speaker_4,female
Speaker_4_female,495.9137224755532,городa,ʌ,unstressed,0.08135022615130083,691.0021891626668,1717.924498800626,3073.9182611043643,s2,Rus,inflected,goroda,city.Pl,non-high,back,0.4572207357837894,0.013952527394292681,Speaker_4,female
Speaker_4_female,496.187810160586,городa,a,stressed,0.28410002055920813,878.7574374801251,1807.9677078471443,3018.823274911518,s3,Rus,inflected,goroda,city.Pl,non-high,central,1.357985402834089,0.2119115149497621,Speaker_4,female
Speaker_2_female,193.54338027572885,городты,o,stressed,0.19193233693360412,433.8400779782496,840.3393789238247,2856.042706063929,s1,CS,inflected,gorodty,city.ACC,non-high,back,-0.7901935952712098,-1.2779884368712107,Speaker_2,female
Speaker_2_female,193.70732955949964,городты,ʌ,unstressed,0.08703296941217786,548.3633467115022,1369.2639814718048,2522.8306737325415,s2,CS,inflected,gorodty,city.ACC,non-high,back,-0.08446980477577894,-0.24917153131406636,Speaker_2,female
Speaker_1_male,266.7245789107951,горы,o,stressed,0.11810845113376443,479.88998525891134,902.4699913184452,2369.332180175555,s1,Rus,inflected,gory,mountain.GEN,non-high,back,0.02924105910754327,-1.4157712415640136,Speaker_1,male
Speaker_1_male,266.93024171101627,горы,ɨ,unstressed,0.19982907166792072,365.0300171225834,1398.481705037009,2419.269278537445,s2,Rus,inflected,gory,mountain.GEN,high,front,-0.741497584729637,-0.17014556146538204,Speaker_1,male
Speaker_2_female,79.67766229662867,горы,o,stressed,0.2176045494286711,446.97569777305984,769.0490722501612,3011.718455450165,s1,Rus,inflected,gory,mountain.GEN,non-high,back,-0.7092483035882398,-1.4166559754105341,Speaker_2,female
Speaker_2_female,79.96995302790836,горы,ɨ,unstressed,0.198583707803607,384.23334616819585,2569.2846037266154,3305.879740223495,s2,Rus,inflected,gory,mountain.GEN,high,front,-1.0958838815712235,2.0850014249929893,Speaker_2,female
Speaker_3_male,83.68846284358861,горы,o,stressed,0.1173076808281337,438.8892083515658,895.1424448410285,2248.3335169877064,s1,Rus,inflected,gory,mountain.GEN,non-high,back,-0.22145531843644375,-1.551864201485525,Speaker_3,male
Speaker_3_male,83.89044139621517,горы,ɨ,unstressed,0.19672113803073896,352.21822231185723,1477.1788504629485,2079.2551186651253,s2,Rus,inflected,gory,mountain.GEN,high,front,-0.9188244348540737,0.2202635517294378,Speaker_3,male
Speaker_2_female,109.23620207706784,группалар,u,stressed,0.0247319587094239,463.4949370082497,888.8874836769843,2883.046524608103,s1,CS,inflected,gruppalar,group.PL,high,back,-0.607452220939631,-1.1835569986998715,Speaker_2,female
Speaker_2_female,109.4809845145541,группалар,a,unstressed,0.09400113436578296,593.8805599617942,920.9309896126008,2828.6383737685383,s2,CS,inflected,gruppalar,group.PL,non-high,central,0.1960197465887108,-1.1212288323391615,Speaker_2,female
Speaker_4_female,158.37810456356357,группалар,u,stressed,0.05506784539471709,449.6367458938616,1055.2308486147283,2143.4116190099858,s1,CS,inflected,gruppalar,group.PL,high,back,-0.7007413722893157,-1.442972047366976,Speaker_4,female
Speaker_4_female,158.63404489045502,группалар,a,unstressed,0.09636872944076912,710.4839936412986,1246.0879347978655,3050.5584278570577,s2,CS,inflected,gruppalar,group.PL,non-high,central,0.5506856124356667,-1.0233748789777213,Speaker_4,female
Speaker_1_male,150.03501545312002,группы,u,unstressed,0.06758326480263577,402.4360387850758,909.0030085221956,2308.742316237324,s1,Rus,inflected,gruppy,group.PL,high,back,-0.49049397681225715,-1.3993649878961112,Speaker_1,male
Speaker_1_male,150.31861886176148,группы,ɨ,stressed,0.19174423504611585,356.036965362194,1254.6473194373152,2491.3609782520434,s2,Rus,inflected,gruppy,group.PL,high,front,-0.8018431744962413,-0.5313543785737713,Speaker_1,male
Speaker_2_female,31.683407931976383,группы,u,stressed,0.13098878877252318,339.51645772947023,687.1625945924873,2921.8411776338926,s1,Rus,inflected,gruppy,group.PL,high,back,-1.3714416119538853,-1.5759342395428972,Speaker_2,female
Speaker_2_female,32.04884975111514,группы,ɨ,unstressed,0.1645186223329027,437.42554177639096,2545.4460191885905,3181.0812307045253,s2,Rus,inflected,gruppy,group.PL,high,front,-0.7680989840162504,2.0386327390609558,Speaker_2,female
Speaker_3_male,29.708157165283595,группы,u,stressed,0.08854500002564336,369.95953703735154,933.2127405669786,2247.8134016597733,s1,Rus,inflected,gruppy,group.PL,high,back,-0.7760748765585598,-1.4359514733856928,Speaker_3,male
Speaker_3_male,30.026847125181472,группы,ɨ,unstressed,0.23271960595972985,432.4177163556551,1527.6755979981608,2036.6730011808745,s2,Rus,inflected,gruppy,group.PL,high,front,-0.2735260154632937,0.37401112987039664,Speaker_3,male
Speaker_4_female,137.90028253843565,группы,u,stressed,0.09887181332234718,452.6848584631096,1056.935691509167,2267.5890734814966,s1,Rus,inflected,gruppy,group.PL,high,back,-0.6861179083479606,-1.4392239693397937,Speaker_4,female
Speaker_4_female,138.2388246334192,группы,ɨ,unstressed,0.17771895559209838,473.92375584800783,2201.6623131541032,2940.0791354009557,s2,Rus,inflected,gruppy,group.PL,high,front,-0.5842232955322589,1.0774446994940021,Speaker_4,female
Speaker_1_male,281.8624224770151,доле,o,stressed,0.12222851338259488,458.41029604357607,972.7911310255748,2531.8655170441502,s1,Rus,inflected,dole,share.DAT,non-high,back,-0.11489293992179757,-1.2391749736728388,Speaker_1,male
Speaker_1_male,282.0840554663688,доле,ɛ,unstressed,0.17546193253195952,429.7838128878879,1735.1774239571544,2245.1110544244166,s2,Rus,inflected,dole,share.DAT,NA,NA,-0.30698368453227526,0.6753926027888771,Speaker_1,male
Speaker_2_female,276.2515772151197,доле,o,stressed,0.1895481147687974,426.7834018495481,829.5199716552049,2883.3916400204453,s1,Rus,inflected,dole,share.DAT,non-high,back,-0.8336787689038747,-1.2990333817507678,Speaker_2,female
Speaker_2_female,276.5482614563579,доле,ɛ,unstressed,0.2357244293691565,357.3524165684594,1497.618671741121,2648.224700804781,s2,Rus,inflected,dole,share.DAT,NA,NA,-1.2615315419899364,4.925505238450982e-4,Speaker_2,female
Speaker_3_male,311.30328131964995,доле,o,stressed,0.11468774503464374,420.2083378720925,1091.3418663299235,2313.657518119602,s1,Rus,inflected,dole,share.DAT,non-high,back,-0.3717646980276014,-0.9544953142014463,Speaker_3,male
Speaker_3_male,311.4844788293393,доле,ɛ,unstressed,0.14924123992841487,337.47253769031886,1518.936814175114,2541.334720239567,s2,Rus,inflected,dole,share.DAT,NA,NA,-1.0374706569102525,0.34740413210773996,Speaker_3,male
Speaker_4_female,123.1056682130236,доле,o,stressed,0.15930907362226776,477.3937911011608,993.838945750299,2809.490410618725,s1,Rus,inflected,dole,share.DAT,non-high,back,-0.5675756375974236,-1.577941458873263,Speaker_4,female
Speaker_4_female,123.31304467954917,доле,ɛ,unstressed,0.14282882462686075,516.1237857201322,1841.469462203207,2984.886581823567,s2,Rus,inflected,dole,share.DAT,NA,NA,-0.3817666601097152,0.2855647470356154,Speaker_4,female
Speaker_3_male,281.2815956312366,доляға,o,stressed,0.10045792515882113,456.580558375131,1144.8650171469617,2313.3006790251275,s1,CS,inflected,dolyaǵa,share.DAT,non-high,back,-0.07910778441258659,-0.7915332381419014,Speaker_3,male
Speaker_3_male,281.4334063919338,доляға,æ,unstressed,0.0994406864685402,599.8926890716053,1407.1646628222877,2417.8330402489655,s2,CS,inflected,dolyaǵa,share.DAT,NA,NA,1.0740053682396717,0.007091173097488026,Speaker_3,male
Speaker_2_female,180.03569575344892,душаның,u,unstressed,0.08424741533778501,409.8954260248332,1296.5198885430975,2240.744064463981,s1,CS,inflected,dushanyń,soul.GEN,high,back,-0.9377471075449324,-0.3906668450581174,Speaker_2,female
Speaker_2_female,180.3290727848772,душаның,a,stressed,0.13979040313469682,794.7255442082403,1357.2383287906305,1932.3176107759648,s2,CS,inflected,dushanyń,soul.GEN,non-high,central,1.4336816222250068,-0.27256275705616706,Speaker_2,female
Speaker_4_female,309.744510699225,душаның,u,unstressed,0.12139956825660649,444.00124673076726,1405.4812243219371,3154.1738005194356,s1,CS,inflected,dushanyń,soul.GEN,high,back,-0.7277779455558265,-0.6729505154810819,Speaker_4,female
Speaker_4_female,309.98801535120685,душаның,a,stressed,0.13500704060862745,822.066243943217,1638.9117634126833,3222.6274824594084,s2,CS,inflected,dushanyń,soul.GEN,non-high,central,1.0860067256542363,-0.15975608724764792,Speaker_4,female
Speaker_1_male,445.7505960587006,души,u,stressed,0.08709524363655419,394.2480504873408,1035.1940516565476,2624.7550448683237,s1,Rus,inflected,dushi,soul.GEN,high,back,-0.5454373926841881,-1.0824635930718545,Speaker_1,male
Speaker_1_male,446.03781470230695,души,i,unstressed,0.15499035550209328,375.17134014558087,1306.790297697349,2500.1177155250457,s2,Rus,inflected,dushi,soul.GEN,high,front,-0.6734468122953052,-0.40040861467115607,Speaker_1,male
Speaker_2_female,125.38864917043917,души,u,stressed,0.15111327823090903,368.0870388898157,701.867780691614,2866.151854651101,s1,Rus,inflected,dushi,soul.GEN,high,back,-1.1953818552235755,-1.5473310246701817,Speaker_2,female
Speaker_2_female,125.76762769349448,души,i,unstressed,0.21596059940557663,402.71881394296446,2305.9522749096386,2847.7063472129353,s2,Rus,inflected,dushi,soul.GEN,high,front,-0.9819713594140302,1.5727908937347794,Speaker_2,female
Speaker_3_male,156.09210580354062,души,u,stressed,0.10581257294299462,349.0870480237525,1000.3906922862252,2318.548662703909,s1,Rus,inflected,dushi,soul.GEN,high,back,-0.9440183820608675,-1.2314145896170459,Speaker_3,male
Speaker_3_male,156.34873119997377,души,i,unstressed,0.14033948874040902,339.0843591960112,1799.2791183301154,2070.8529750709404,s2,Rus,inflected,dushi,soul.GEN,high,front,-1.0245016739713415,1.200963072398533,Speaker_3,male
Speaker_2_female,13.76546112992267,жительдің,i,stressed,0.10150914841689308,372.9211489663291,2340.603682244752,2875.399808002877,s1,CS,inflected,jiteldiń,resident.GEN,high,front,-1.165592743153998,1.6401917170203202,Speaker_2,female
Speaker_2_female,14.00592761131938,жительдің,ɛ,unstressed,0.06255849757314103,418.30689253662143,1904.2408243597577,2240.904038963786,s2,CS,inflected,jiteldiń,resident.GEN,NA,NA,-0.8859133440138628,0.791417651706186,Speaker_2,female
Speaker_4_female,366.8399649564368,жительдің,i,stressed,0.09201472355766782,457.52196536516306,2331.355277075421,3075.111661747026,s1,CS,inflected,jiteldiń,resident.GEN,high,front,-0.662911659643009,1.3625732294830697,Speaker_4,female
Speaker_4_female,367.01918766426184,жительдің,ɛ,unstressed,0.05768087148391032,422.54621966529675,2317.95307018983,3005.0473697045395,s2,CS,inflected,jiteldiń,resident.GEN,NA,NA,-0.8307094507167756,1.3331086276083206,Speaker_4,female
Speaker_1_male,220.84066002041544,жителя,i,stressed,0.07553447456226081,345.98677256322134,1988.8430365113547,2630.3720662123974,s1,Rus,inflected,jitelya,resident.GEN,high,front,-0.869282440707673,1.3124186899081502,Speaker_1,male
Speaker_1_male,221.01507598895017,жителя,ɛ,unstressed,0.02884043574195516,361.5649060161,1929.3922162190224,2886.8303283590185,s2,Rus,inflected,jitelya,resident.GEN,NA,NA,-0.7647493327345319,1.1631208680807492,Speaker_1,male
Speaker_1_male,221.1736681185236,жителя,æ,unstressed,0.17298208043703767,521.5178482649576,1377.1388102458911,2422.3754690939645,s3,Rus,inflected,jitelya,resident.GEN,NA,NA,0.3085742610899702,-0.22374360583443953,Speaker_1,male
Speaker_2_female,438.9076881220834,жителя,i,stressed,0.14406843714476736,348.0162027598485,2603.4254802337214,3115.199246316571,s1,Rus,inflected,jitelya,resident.GEN,high,front,-1.3190638519804523,2.151409209300703,Speaker_2,female
Speaker_2_female,439.1231398411295,жителя,ɛ,unstressed,0.12921994529045833,454.2461157431627,1976.5018208030676,2773.1518252310975,s2,Rus,inflected,jitelya,resident.GEN,NA,NA,-0.6644459941091243,0.9319732893058534,Speaker_2,female
Speaker_2_female,439.3326719120538,жителя,æ,unstressed,0.1703342836682964,687.211806489982,1947.2853237674265,2802.544140661577,s3,Rus,inflected,jitelya,resident.GEN,NA,NA,0.7711524842418015,0.875143968214288,Speaker_2,female
Speaker_3_male,492.7136115601397,жителя,i,stressed,0.0821997180382823,308.2874338036767,1693.1740350356129,2221.324013183226,s1,Rus,inflected,jitelya,resident.GEN,high,front,-1.2722988392117633,0.8779046501981954,Speaker_3,male
Speaker_3_male,492.8794873812411,жителя,ɛ,unstressed,0.04307302578723693,349.30129634579936,1495.5498776585096,2321.667063260325,s2,Rus,inflected,jitelya,resident.GEN,NA,NA,-0.9422945045573704,0.27619786586144457,Speaker_3,male
Speaker_3_male,493.0328733599709,жителя,æ,unstressed,0.1316620912263602,435.97869881264097,1575.0734388286355,1923.076220675214,s3,Rus,inflected,jitelya,resident.GEN,NA,NA,-0.2448737605037254,0.5183234587330541,Speaker_3,male
Speaker_4_female,313.56180332857855,жителя,i,stressed,0.10901269373306376,436.16298990334167,2293.5709900999077,3016.5432000256096,s1,Rus,inflected,jitelya,resident.GEN,high,front,-0.7653823527012019,1.2795048973525067,Speaker_4,female
Speaker_4_female,313.7416936666709,жителя,ɛ,unstressed,0.06462058662714298,551.2824963137872,2224.7888666441454,3049.6470469615515,s2,Rus,inflected,jitelya,resident.GEN,NA,NA,-0.21309108632088558,1.1282881685686217,Speaker_4,female
Speaker_4_female,313.9304467025832,жителя,æ,unstressed,0.1977436266447512,788.2640087071667,1817.3548581491025,3019.0291420708745,s3,Rus,inflected,jitelya,resident.GEN,NA,NA,0.9238389064278183,0.23254905985163954,Speaker_4,female
Speaker_1_male,128.6490289368979,законa,a,unstressed,0.05631938733552033,613.4917313999672,1207.9051223547956,2432.2380531759927,s1,Rus,inflected,zakona,law.GEN,non-high,central,0.9257416441749058,-0.6487372536549303,Speaker_1,male
Speaker_1_male,128.87538791857003,законa,o,stressed,0.08601617469292933,574.0880555848644,940.53402149775,2764.0908648729965,s2,Rus,inflected,zakona,law.GEN,non-high,back,0.6613332854342348,-1.3201816976721252,Speaker_1,male
Speaker_1_male,129.05893091032578,законa,a,unstressed,0.137713589125525,664.3550388536943,1140.474464147215,2785.7276758470653,s3,Rus,inflected,zakona,law.GEN,non-high,central,1.2670469504886748,-0.8180747051026467,Speaker_1,male
Speaker_2_female,431.74763775758504,законa,a,unstressed,0.094644293320016,717.0825624624217,1355.676544815117,2339.6401833977475,s1,Rus,inflected,zakona,law.GEN,non-high,central,0.9552242747434755,-0.2756005997828924,Speaker_2,female
Speaker_2_female,432.0112100436018,законa,o,stressed,0.1378410596946651,514.3666891451643,898.1374695825468,2961.7498197336195,s2,Rus,inflected,zakona,law.GEN,non-high,back,-0.29396653244754917,-1.165564752111295,Speaker_2,female
Speaker_2_female,432.2265733969308,законa,a,unstressed,0.1465102561210756,727.1726630116101,1219.0303331739058,1782.2464837743566,s3,Rus,inflected,zakona,law.GEN,non-high,central,1.01740224158652,-0.541392608586387,Speaker_2,female
Speaker_3_male,466.1828692885557,законa,a,unstressed,0.08569174032720639,563.4919188899122,1226.306221962809,2299.3653286874023,s1,Rus,inflected,zakona,law.GEN,non-high,central,0.7811187391790719,-0.543568990690381,Speaker_3,male
Speaker_3_male,466.4077125955515,законa,o,stressed,0.09802873592235528,495.32490152200745,960.5415801195128,2195.3949431733986,s2,Rus,inflected,zakona,law.GEN,non-high,back,0.23263562109268618,-1.352743284745919,Speaker_3,male
Speaker_3_male,466.59732815243893,законa,a,unstressed,0.1639661441017779,428.2546501652317,1318.417321342624,2084.3761623084383,s3,Rus,inflected,zakona,law.GEN,non-high,central,-0.30702273591682105,-0.26311808759662414,Speaker_3,male
Speaker_4_female,60.91459349787757,законa,a,unstressed,0.08514795314293622,777.7973747403705,1561.4664237819316,3023.5173343876377,s1,Rus,inflected,zakona,law.GEN,non-high,central,0.8736247358801188,-0.3300187998556887,Speaker_4,female
Speaker_4_female,61.14394362973032,законa,o,stressed,0.12634857563145374,460.2139818857116,949.9884226525738,2885.8739726661424,s2,Rus,inflected,zakona,law.GEN,non-high,back,-0.6499965833052983,-1.6743463432407093,Speaker_4,female
Speaker_4_female,61.33077305716964,законa,a,unstressed,0.11546828728391034,668.8395819202051,1511.4267122012934,3253.586202301133,s3,Rus,inflected,zakona,law.GEN,non-high,central,0.35089458132142004,-0.4400305458492512,Speaker_4,female
Speaker_2_female,17.498377901624572,законды,a,unstressed,0.09922863937813632,723.6260132659687,1455.5343456773476,1587.725641793974,s1,CS,inflected,zakondy,law.ACC,non-high,central,0.9955468131680072,-0.08136612253619979,Speaker_2,female
Speaker_2_female,17.7301292365048,законды,o,stressed,0.11845576445843164,495.9887562880955,889.7582896979204,2950.7178205232553,s2,CS,inflected,zakondy,law.ACC,non-high,back,-0.4072163949499042,-1.1818631845882113,Speaker_2,female
Speaker_4_female,251.0341653122153,законды,a,unstressed,0.08135022615132925,686.8646765560898,1522.0288449807806,3122.342016444248,s1,CS,inflected,zakondy,law.ACC,non-high,central,0.4373708237367063,-0.41672187556550266,Speaker_4,female
Speaker_4_female,251.25255938088304,законды,o,stressed,0.10512952302633494,826.5696024096738,1048.6501267464716,3187.784097391805,s2,CS,inflected,zakondy,law.ACC,non-high,back,1.1076118004843545,-1.45743969075973,Speaker_4,female
Speaker_2_female,374.1329589861407,звездалар,e,unstressed,0.06523249842484802,407.315867505315,1837.8094530835108,2279.9402069046214,s1,CS,inflected,zvezdalar,star.Pl,non-high,front,-0.9536430545986215,0.6622012804141242,Speaker_2,female
Speaker_2_female,374.38470871654545,звездалар,a,stressed,0.09977465926016292,746.7951903888517,1237.401950082542,2466.610321020915,s2,CS,inflected,zvezdalar,star.Pl,non-high,central,1.1383216368582547,-0.5056577799038624,Speaker_2,female
Speaker_4_female,76.94468305822721,звездалар,e,unstressed,0.10789252652000414,443.3625784101096,1945.0752133489168,2843.239932982422,s1,CS,inflected,zvezdalar,star.Pl,non-high,front,-0.7308419869734067,0.5133408316388736,Speaker_4,female
Speaker_4_female,77.18738127688454,звездалар,a,stressed,0.11810845113375024,736.4733891837493,1468.445063861045,3073.16172450136,s2,CS,inflected,zvezdalar,star.Pl,non-high,central,0.6753709644160903,-0.5345252187846092,Speaker_4,female
Speaker_1_male,304.48979791450745,звезды,o,stressed,0.10437491030421596,462.23778742172885,1069.743900906423,2633.963370981792,s1,Rus,inflected,zvezdy,star.Pl,non-high,back,-0.08920953114185945,-0.9956991512675627,Speaker_1,male
Speaker_1_male,304.78303216125926,звезды,ɨ,unstressed,0.14974189512543035,336.39856714294984,2228.2835204986636,2431.094160430778,s2,Rus,inflected,zvezdy,star.Pl,high,front,-0.9336216579507173,1.9137214564776215,Speaker_1,male
Speaker_2_female,28.052059811170345,звезды,o,stressed,0.16253519109984182,532.6490365452427,1098.1155861387838,2971.2050778431344,s1,Rus,inflected,zvezdy,star.Pl,non-high,back,-0.18130569374594363,-0.7765851772088961,Speaker_2,female
Speaker_2_female,28.426063094331873,звезды,ɨ,unstressed,0.16796678185779967,507.16454792029094,2436.258066713572,3184.3159276718216,s2,Rus,inflected,zvezdy,star.Pl,high,front,-0.3383481018973322,1.8262500840505398,Speaker_2,female
Speaker_3_male,20.798869827615825,звезды,o,stressed,0.13843996409082493,474.0468068663914,1209.6127783218724,2293.529404699844,s1,Rus,inflected,zvezdy,star.Pl,non-high,back,0.06142854537949125,-0.5943955618242325,Speaker_3,male
Speaker_3_male,21.11052560388088,звезды,ɨ,unstressed,0.1894941282779108,406.9935335279125,1473.3395711442884,2120.72602011135,s2,Rus,inflected,zvezdy,star.Pl,high,front,-0.4780932036812754,0.20857408803399768,Speaker_3,male
Speaker_1_male,120.41814374452298,земли,e,stressed,0.1289088199013264,380.17734844845194,2002.166514275819,2126.253743601412,s1,Rus,inflected,zemli,land.Pl,non-high,front,-0.6398552650138969,1.3458777103155923,Speaker_1,male
Speaker_1_male,120.71720535490708,земли,i,unstressed,0.14131041238005082,421.369415354644,1839.952529269569,2435.3994360098886,s2,Rus,inflected,zemli,land.Pl,high,front,-0.363446362075263,0.9385125215378798,Speaker_1,male
Speaker_2_female,359.8952410560637,земли,e,stressed,0.1325894294568002,488.7389438135354,1057.4370488831564,2551.943673291399,s1,Rus,inflected,zemli,land.Pl,non-high,front,-0.4518917277143281,-0.855709435411896,Speaker_2,female
Speaker_2_female,360.2552125210096,земли,i,unstressed,0.19766248990219992,373.8090140045734,1067.500331090176,2698.5234452988207,s2,Rus,inflected,zemli,land.Pl,high,front,-1.16012147528705,-0.8361352374825516,Speaker_2,female
Speaker_3_male,389.6976799838968,земли,e,stressed,0.0763491665529159,347.70554704688453,1711.7480985737548,2497.0081967175315,s1,Rus,inflected,zemli,land.Pl,non-high,front,-0.955134167857133,0.9344571496088606,Speaker_3,male
Speaker_3_male,389.9121963675845,земли,i,unstressed,0.11673878410533688,324.6833675671323,1642.6897237637625,2364.930414746396,s2,Rus,inflected,zemli,land.Pl,high,front,-1.1403744390875457,0.7241949367805374,Speaker_3,male
Speaker_4_female,10.87723288661318,земли,i,unstressed,0.16480248995407543,319.64605952618496,2701.751063821061,3266.813403418534,s1,Rus,inflected,zemli,land.Pl,high,front,-1.3243778265291546,2.1768842221210387,Speaker_4,female
Speaker_1_male_additional,126.25673288817282,земля,e,unstressed,0.08789091777339308,259.30657875880627,1109.3570188313336,2338.1882711390035,s1,CS,uninflected,zemlya,land,non-high,front,-1.5435065442922744,-0.8642649173349712,Speaker_1,male
Speaker_1_male_additional,126.49381786326336,земля,æ,stressed,0.15555554647197312,520.103932432529,1382.7056049026016,2364.5737187163013,s2,CS,uninflected,zemlya,land,NA,NA,0.665854931825499,-0.23601976473068875,Speaker_1,male
Speaker_2_female_additional,17.91971876326256,земля,e,unstressed,0.06558254661739227,337.35321653148003,513.8857224208932,2490.537498708947,s1,CS,uninflected,zemlya,land,non-high,front,-1.4841525595279554,-1.628546850938836,Speaker_2,female
Speaker_2_female_additional,18.20410104071329,земля,æ,stressed,0.172979443343646,707.1002849324855,1155.1976385951425,1740.1365103203882,s2,CS,uninflected,zemlya,land,NA,NA,1.1408363442236462,-0.4468768382009129,Speaker_2,female
Speaker_3_male_additional,2.8364714453190207,земля,æ,stressed,0.1791089073039842,632.5356859657314,1456.8425292424934,1953.736521192926,s1,CS,uninflected,zemlya,land,NA,NA,1.435222046319689,0.12890306827056006,Speaker_3,male
Speaker_2_female,24.828427750976022,землялар,e,unstressed,0.09409976270862686,378.6703228485971,1779.0139208910775,2507.0159290584293,s1,CS,inflected,zemlyalar,land.Pl,non-high,front,-1.1301647569526803,0.5478374614512551,Speaker_2,female
Speaker_2_female,25.14873683856787,землялар,æ,stressed,0.16403177057179263,822.4795850849447,1028.8748241567723,1693.7517558979605,s2,CS,inflected,zemlyalar,land.Pl,NA,NA,1.6047096337873925,-0.9112661244319736,Speaker_2,female
Speaker_1_male_additional,49.98437973685289,книга,i,stressed,0.0998193711685076,365.25532693363704,2642.6423325687524,3375.469648024406,s1,CS,uninflected,kniga,book,high,front,-0.6459549420117348,2.6597301387935484,Speaker_1,male
Speaker_1_male_additional,50.15803761353361,книга,a,unstressed,0.09172059031158142,471.7076805643081,1447.6646678708648,2515.793127598436,s2,CS,uninflected,kniga,book,non-high,central,0.2558629861253479,-0.08672242606844459,Speaker_1,male
Speaker_2_female_additional,48.28014145165001,книга,i,stressed,0.13056292690416882,375.9958956305612,756.9217239190157,2826.1466931545474,s1,CS,uninflected,kniga,book,high,front,-1.2098120372758356,-1.1807330060015948,Speaker_2,female
Speaker_2_female_additional,48.534937390176914,книга,a,unstressed,0.13350266214909823,580.7003309611111,1481.9535099037828,2786.551254630791,s2,CS,uninflected,kniga,book,non-high,central,0.2434702662599879,0.15519776056041912,Speaker_2,female
Speaker_3_male_additional,47.00068319245668,книга,i,stressed,0.07553447456228213,367.491362452488,1992.3313123638432,2344.630415434531,s1,CS,uninflected,kniga,book,high,front,-0.8228423991512384,1.6199905028859276,Speaker_3,male
Speaker_3_male_additional,47.16898382958256,книга,a,unstressed,0.08253076890588318,488.03475831398725,1472.8879883497857,2062.532679136485,s2,CS,uninflected,kniga,book,non-high,central,0.20413585385623678,0.17358221601677254,Speaker_3,male
Speaker_4_female_additional,337.8410665300628,книга,i,stressed,0.1476819490131902,327.45465966704734,978.3481026707096,2764.731254534384,s1,CS,uninflected,kniga,book,high,front,-1.4794499740786538,-1.762397731121496,Speaker_4,female
Speaker_4_female_additional,338.0831727563654,книга,a,unstressed,0.20887322563157795,833.1170251452131,1748.4977585661215,2810.3926329479145,s2,CS,uninflected,kniga,book,non-high,central,1.114219257347336,-0.08294726389881348,Speaker_4,female
Speaker_1_male,70.09831658891929,книгалар,i,stressed,0.0856526438270322,315.83562228146604,2433.23596106212,2709.1397582879335,s1,CS,inflected,knigalar,book.Pl,high,front,-1.0716040768299204,2.42841499314999,Speaker_1,male
Speaker_1_male,70.25126773861041,книгалар,a,unstressed,0.05812143688262949,546.0868321679324,1059.3493350796523,2613.5558838935344,s2,CS,inflected,knigalar,book.Pl,non-high,central,0.4734381874960852,-1.0218028455336376,Speaker_1,male
Speaker_3_male,75.81652833886,книгалар,i,stressed,0.13857268900254385,358.9450754253796,1940.6969745112735,2278.709999322738,s1,CS,inflected,knigalar,book.Pl,high,front,-0.8646990599575766,1.6315383857606056,Speaker_3,male
Speaker_3_male,75.96226217018743,книгалар,a,unstressed,0.11665355413035172,545.5852848364939,1224.8936684761654,2152.0375484058695,s2,CS,inflected,knigalar,book.Pl,non-high,central,0.6370389941750751,-0.5478697959534247,Speaker_3,male
Speaker_1_male,154.36560999128722,книги,i,stressed,0.10763260690788456,362.29549370446506,2159.1764323140387,2916.226020769134,s1,Rus,inflected,knigi,book.Pl,high,front,-0.7598469096077356,1.7401740152805938,Speaker_1,male
Speaker_1_male,154.61019440831274,книги,i,unstressed,0.18553878979665228,273.5268964383346,2239.1977821334763,2851.062342310842,s2,Rus,inflected,knigi,book.Pl,high,front,-1.3555060359538378,1.9411302538822566,Speaker_1,male
Speaker_2_female,129.15258523544895,книги,i,stressed,0.14366813700908665,395.42166194448146,2758.8156143622996,3557.0388426858835,s1,Rus,inflected,knigi,book.Pl,high,front,-1.0269384113079607,2.453660222352741,Speaker_2,female
Speaker_2_female,129.4253044011437,книги,i,unstressed,0.2586277812349067,364.8135271856476,1110.360349426673,2920.600879061415,s2,Rus,inflected,knigi,book.Pl,high,front,-1.215554132121099,-0.7527677570805078,Speaker_2,female
Speaker_3_male,159.21020920865567,книги,i,stressed,0.12535554139492433,352.70940403677196,2163.9140117243464,2819.822529962277,s1,Rus,inflected,knigi,book.Pl,high,front,-0.914872305298892,2.3111678776873665,Speaker_3,male
Speaker_3_male,159.39971234214482,книги,i,unstressed,0.19009246437568095,290.5599219669045,2264.9227045960447,2628.544762535726,s2,Rus,inflected,knigi,book.Pl,high,front,-1.4149373371772642,2.6187093067542246,Speaker_3,male
Speaker_4_female,94.31845949064166,книги,i,stressed,0.17029590628588664,382.42879405965743,815.507545872819,2789.3023345190068,s1,Rus,inflected,knigi,book.Pl,high,front,-1.02317469385863,-1.9700010460749757,Speaker_4,female
Speaker_4_female,94.5742265285632,книги,i,unstressed,0.1311956349778285,313.0259690261495,2457.735051833257,3279.336508926662,s2,Rus,inflected,knigi,book.Pl,high,front,-1.3561380232136424,1.6404177501689619,Speaker_4,female
Speaker_1_male_additional,283.5194495913438,кожа,o,stressed,0.16769208122423152,464.4032750767985,789.386151158222,2541.9889708489454,s1,CS,uninflected,koja,skin,non-high,back,0.19398324745960624,-1.599663440807883,Speaker_1,male
Speaker_1_male_additional,283.76129825915257,кожа,a,unstressed,0.1261097580970727,493.77109602559136,1319.3386906077726,2692.2593662684767,s2,CS,uninflected,koja,skin,non-high,central,0.44277462255523886,-0.38165782093354034,Speaker_1,male
Speaker_2_female_additional,5.29203799211421,кожа,o,stressed,0.11539207569389288,542.3480620073703,955.670800962382,2623.7502245784744,s1,CS,uninflected,koja,skin,non-high,back,-0.02880851304890277,-0.8145214660655848,Speaker_2,female
Speaker_2_female_additional,5.475865420763606,кожа,a,unstressed,0.0986599365139531,589.7095260588574,1475.2908718077872,2703.934040928255,s2,CS,uninflected,koja,skin,non-high,central,0.30743030593140136,0.14292130125068112,Speaker_2,female
Speaker_3_male_additional,11.663824106659636,кожа,o,stressed,0.10300155622129736,455.5902747697525,863.5992784968336,2162.58368583145,s1,CS,uninflected,koja,skin,non-high,back,-0.07227729007303656,-1.523003721823246,Speaker_3,male
Speaker_3_male_additional,11.829231917615605,кожа,a,unstressed,0.07949182473197602,482.9902768783917,1308.4295834531608,2163.605835637236,s2,CS,uninflected,koja,skin,non-high,central,0.16115902634086712,-0.2843580224861745,Speaker_3,male
Speaker_4_female_additional,231.280903326394,кожа,o,stressed,0.15018503289473983,571.1647251807132,1098.8698241889483,2750.502703027547,s1,CS,uninflected,koja,skin,non-high,back,-0.2293998586941006,-1.4995783427534568,Speaker_4,female
Speaker_4_female_additional,231.52495400484793,кожа,a,unstressed,0.1401726973683992,884.3004595367577,1855.5089190556464,3030.530591459789,s2,CS,uninflected,koja,skin,non-high,central,1.3767519431930104,0.15040990519999395,Speaker_4,female
Speaker_1_male,470.41291184461454,кожаға,o,stressed,0.09201472355772466,503.2933758340656,915.1527918445072,2450.4386522986915,s1,CS,inflected,kojaǵa,skin.DAT,non-high,back,0.1862835675268123,-1.3839211428790559,Speaker_1,male
Speaker_1_male,470.6093014784765,кожаға,a,unstressed,0.11948180521670793,618.6250843079455,1325.4739727508509,2571.792838242723,s2,CS,inflected,kojaǵa,skin.DAT,non-high,central,0.9601877050856739,-0.3534886230629233,Speaker_1,male
Speaker_3_male,17.349338605232013,кожаға,o,stressed,0.0900561112306768,435.8382846278777,963.7274273057254,2186.5660714702567,s1,CS,inflected,kojaǵa,skin.DAT,non-high,back,-0.24600355630316378,-1.343043327558264,Speaker_3,male
Speaker_3_male,17.536305211961743,кожаға,a,unstressed,0.12891001758644904,608.1711974244189,1262.0513146865217,2294.175833381101,s2,CS,inflected,kojaǵa,skin.DAT,non-high,central,1.1406156183251221,-0.43473581419990404,Speaker_3,male
Speaker_1_male,203.2693323033629,коже,o,stressed,0.11810845113376443,498.26104297126295,936.7848705047228,2351.1614410502193,s1,Rus,inflected,koje,skin.DAT,non-high,back,0.15251537597194217,-1.3295968760365051,Speaker_1,male
Speaker_1_male,203.53151967716397,коже,ɛ,unstressed,0.10687510638518916,476.08003766834616,1534.0758717102708,2323.2608093040108,s2,Rus,inflected,koje,skin.DAT,NA,NA,0.003675373458409043,0.1703697356705685,Speaker_1,male
Speaker_2_female,366.62254382714815,коже,o,stressed,0.1837680889891544,475.6878755731601,858.3913753737357,2872.2454533755504,s1,Rus,inflected,koje,skin.DAT,non-high,back,-0.5323159895301967,-1.2428753053638872,Speaker_2,female
Speaker_2_female,366.9051335996517,коже,ɛ,unstressed,0.17807631645587207,378.29065074335415,1515.2920972128406,2419.9064224291724,s2,Rus,inflected,koje,skin.DAT,NA,NA,-1.132504400592101,0.034869319569599565,Speaker_2,female
Speaker_3_male,400.7109145344707,коже,o,stressed,0.0729342530539725,404.36456670474894,1335.6025855539665,2041.738706427328,s1,Rus,inflected,koje,skin.DAT,non-high,back,-0.49924630640149703,-0.2107940690969387,Speaker_3,male
Speaker_3_male,400.9191942410655,коже,ɛ,unstressed,0.15564779904815396,349.1290133934319,1616.4509005443506,2223.593971085489,s2,Rus,inflected,koje,skin.DAT,NA,NA,-0.9436807217421073,0.6443055236962543,Speaker_3,male
Speaker_4_female,87.65111937103296,коже,o,stressed,0.1744159685347313,509.79705955163274,1011.2044557496646,2639.600015849707,s1,Rus,inflected,koje,skin.DAT,non-high,back,-0.4121194275649882,-1.5397635794500317,Speaker_4,female
Speaker_4_female,87.93197028099637,коже,ɛ,unstressed,0.16205578178818314,498.38691178199974,1688.7282085578945,2799.4057883233418,s2,Rus,inflected,koje,skin.DAT,NA,NA,-0.466860150121677,-0.05023519001414455,Speaker_4,female
Speaker_1_male,133.02782716310782,лицa,i,unstressed,0.08510485197368212,332.9658617256142,2100.729508532227,2423.9859993068803,s1,Rus,inflected,litsa,face.ACC,high,front,-0.9566559558090415,1.593397261482597,Speaker_1,male
Speaker_1_male,133.3390904984726,лицa,a,stressed,0.1444376493480206,526.1229502536305,1499.9570896802452,2652.5035620644812,s2,Rus,inflected,litsa,face.ACC,non-high,central,0.3394756283728598,0.08468782555664406,Speaker_1,male
Speaker_2_female,342.8336973178613,лицa,i,stressed,0.14014456603683811,312.4150102413926,1090.6565471672266,2781.663626447282,s1,Rus,inflected,litsa,face.ACC,high,front,-1.5384481640786554,-0.791093833747427,Speaker_2,female
Speaker_2_female,343.2198643505619,лицa,a,unstressed,0.22930363692489664,702.1668102669919,1679.6963704526647,2962.300236111799,s2,Rus,inflected,litsa,face.ACC,non-high,central,0.8633093189979548,0.35465383108629306,Speaker_2,female
Speaker_3_male,376.0555150539004,лицa,i,stressed,0.12463535616808484,286.2706300690106,2180.2896103875983,2276.301916057518,s1,Rus,inflected,litsa,face.ACC,high,front,-1.4494496905906789,2.3610267053935994,Speaker_3,male
Speaker_3_male,376.3334761734268,лицa,a,unstressed,0.16106125858868836,451.5076044943301,1427.5411788416452,2092.6392108949685,s2,Rus,inflected,litsa,face.ACC,non-high,central,-0.11992561200555606,0.06913160425084261,Speaker_3,male
Speaker_4_female,83.61546935050569,лицa,i,stressed,0.12494210536389971,408.54762713730133,2316.849604604516,3043.3051384459022,s1,Rus,inflected,litsa,face.ACC,high,front,-0.8978683591928383,1.330682670866172,Speaker_4,female
Speaker_4_female,83.94018950627748,лицa,a,unstressed,0.15362637141375046,545.098252054391,1686.3759055078574,3103.3502189676615,s2,Rus,inflected,litsa,face.ACC,non-high,central,-0.24276029009117928,-0.055406701948691656,Speaker_4,female
Speaker_1_male_additional,200.3616122813428,лицо,i,unstressed,0.08052540534035302,305.06586722142066,2126.7019016386344,2453.890657369203,s1,CS,uninflected,litso,face,high,front,-1.1558538028831609,1.473928963001472,Speaker_1,male
Speaker_1_male_additional,200.65986636025644,лицо,o,stressed,0.15403350786442616,403.168862795499,1077.7347466800975,2570.8348223848634,s2,CS,uninflected,litso,face,non-high,back,-0.32476799599155565,-0.9369433221472347,Speaker_1,male
Speaker_2_female_additional,129.35737038690746,лицо,i,unstressed,0.08218572297622018,380.9462391396155,2639.715526037453,3092.9296138182112,s1,CS,uninflected,litso,face,high,front,-1.1746674806544075,2.2884696082340503,Speaker_2,female
Speaker_2_female_additional,129.68323864223032,лицо,o,stressed,0.14118883761162238,536.3818936308712,1046.8156113220775,3057.072132896662,s2,CS,uninflected,litso,face,non-high,back,-0.07116483477432292,-0.6465796478919253,Speaker_2,female
Speaker_3_male_additional,173.06724923642952,лицо,i,unstressed,0.08510485197368212,345.0184506819726,1852.0528424867075,2378.7360054998703,s1,CS,uninflected,litso,face,high,front,-1.0143020100667324,1.2293801476855148,Speaker_3,male
Speaker_3_male_additional,173.3745552048264,лицо,o,stressed,0.15574673020489627,442.4255160660665,1044.5541872806343,2414.82796601269,s2,CS,uninflected,litso,face,non-high,back,-0.18443541203527486,-1.0191283854497664,Speaker_3,male
Speaker_4_female_additional,376.5513049145506,лицо,i,unstressed,0.08260176809210407,408.9515064730872,2410.2110961931885,3097.2471947525,s1,CS,uninflected,litso,face,high,front,-1.061432185036392,1.3600382202058205,Speaker_4,female
Speaker_4_female_additional,376.9400219113341,лицо,o,stressed,0.20422778468537217,581.6418749079504,1116.9000883242738,2979.4921357807025,s2,CS,uninflected,litso,face,non-high,back,-0.17565992719874035,-1.4602600942878197,Speaker_4,female
Speaker_1_male,334.10052402012377,лицоны,i,unstressed,0.07965453681111967,327.6083948634748,1990.7495348461248,2525.1470204122325,s1,CS,inflected,litsony,face.ACC,high,front,-0.9926058764883419,1.3172064463646485,Speaker_1,male
Speaker_1_male,334.36509784856,лицоны,o,stressed,0.0696347232940866,506.6711110397256,853.9588457203062,2207.1826227280767,s2,CS,inflected,litsony,face.ACC,non-high,back,0.2089490017411204,-1.537596446608126,Speaker_1,male
Speaker_3_male,250.21738670616668,лицоны,i,unstressed,0.08131306823591444,315.5623086843785,1758.110086492384,2254.2541447915646,s1,CS,inflected,litsony,face.ACC,high,front,-1.2137639903607365,1.0756156144252158,Speaker_3,male
Speaker_3_male,250.45495774654847,лицоны,o,stressed,0.10326417593384464,521.339693398016,974.202497154058,3100.473199865522,s2,CS,inflected,litsony,face.ACC,non-high,back,0.44195494758620124,-1.311149855232834,Speaker_3,male
Speaker_1_male,77.83698980812932,личности,i,stressed,0.06576899436718975,313.51257188960574,2244.0598428698654,2746.06760641308,s1,Rus,inflected,lichnosti,personality.DAT,high,front,-1.0871923164719752,1.9533402633315131,Speaker_1,male
Speaker_1_male,78.11536090056717,личности,ʌ,unstressed,0.06882801736101385,438.42792075823394,1691.9388103582853,3609.546509862612,s2,Rus,inflected,lichnosti,personality.DAT,non-high,back,-0.24897959411440906,0.5668082166121168,Speaker_1,male
Speaker_1_male,78.45737738788193,личности,i,unstressed,0.15329248520130534,223.9758892960728,2158.4787015757383,2687.378259433942,s3,Rus,inflected,lichnosti,personality.DAT,high,front,-1.6880054843279162,1.738421816085729,Speaker_1,male
Speaker_2_female,135.7168436733188,личности,i,stressed,0.10506102629997828,388.5391324266312,1571.1598337320238,2717.6785815351927,s1,Rus,inflected,lichnosti,personality.DAT,high,front,-1.0693504457640088,0.1435382518318948,Speaker_2,female
Speaker_2_female,136.0353461539996,личности,ʌ,unstressed,0.09438259076119948,572.0128714870535,2059.226473568973,3209.7634077404414,s2,Rus,inflected,lichnosti,personality.DAT,non-high,back,0.061265052887881165,1.092881896812322,Speaker_2,female
Speaker_2_female,136.41061634041066,личности,i,unstressed,0.16669272996358586,349.88071966362185,966.7984539593302,2665.7984778315126,s3,Rus,inflected,lichnosti,personality.DAT,high,front,-1.3075741874666096,-1.0320115365135731,Speaker_2,female
Speaker_3_male,166.41896914076318,личности,i,stressed,0.05391979032464178,315.1424264632628,1810.0863297309952,2527.205884231288,s1,Rus,inflected,lichnosti,personality.DAT,high,front,-1.2171424322929048,1.2338678169701311,Speaker_3,male
Speaker_3_male,166.6484439136862,личности,ʌ,unstressed,0.0709518418269397,385.9983608747973,1524.5907323619251,2293.1792904589747,s2,Rus,inflected,lichnosti,personality.DAT,non-high,back,-0.6470238420777343,0.36461863146976653,Speaker_3,male
Speaker_3_male,166.96630052842897,личности,i,unstressed,0.15614043974071024,405.42789210436945,1785.2940539852498,2306.042357208931,s3,Rus,inflected,lichnosti,personality.DAT,high,front,-0.4906906140264496,1.1583827107293145,Speaker_3,male
Speaker_4_female,521.1022006302621,личности,i,stressed,0.12675023675683406,415.4982775441924,2390.172583002011,2941.056035048858,s1,Rus,inflected,lichnosti,personality.DAT,high,front,-0.8645222857506714,1.4918824184298212,Speaker_4,female
Speaker_4_female,521.4141528376547,личности,ʌ,unstressed,0.07690782864517587,302.5262395933676,2245.508412770453,3294.40351602739,s2,Rus,inflected,lichnosti,personality.DAT,non-high,back,-1.4065109708217256,1.1738398588871413,Speaker_4,female
Speaker_4_female,521.6818131886071,личности,i,unstressed,0.09892118103437042,382.4772700382877,2326.4712813015744,3059.426671722476,s3,Rus,inflected,lichnosti,personality.DAT,high,front,-1.0229421280627753,1.3518358194234577,Speaker_4,female
Speaker_1_male_additional,275.90603685126035,личность,i,stressed,0.09476964833606873,276.84505732778473,2333.796817716544,2879.0603809546215,s1,CS,uninflected,lichnost',personality,high,front,-1.3949282004011936,1.949901343268388,Speaker_1,male
Speaker_1_male_additional,276.2145933126027,личность,ʌ,unstressed,0.04980952907652636,309.4581743097611,1846.6627522910223,2317.130126370268,s2,CS,uninflected,lichnost',personality,non-high,back,-1.118644092218692,0.8303066906287362,Speaker_1,male
Speaker_2_female_additional,250.39690705209247,личность,i,stressed,0.09064136947472434,341.8463795210621,2743.119893133878,3455.7781688872283,s1,CS,uninflected,lichnost',personality,high,front,-1.4522537184055462,2.4790006691769277,Speaker_2,female
Speaker_2_female_additional,250.73749886466425,личность,ʌ,stressed,0.07141441231343038,518.861006722589,737.4358839604278,1982.8166679228648,s2,CS,uninflected,lichnost',personality,non-high,back,-0.19555293044475922,-1.2166372706368669,Speaker_2,female
Speaker_3_male_additional,299.1905789198331,личность,i,stressed,0.0650801809210293,303.3001533654823,1853.983985945799,2480.00091302666,s1,CS,uninflected,lichnost',personality,high,front,-1.3697240868245655,1.2347574848717515,Speaker_3,male
Speaker_3_male_additional,299.44170185249334,личность,ʌ,unstressed,0.05844492415326385,370.8737377963289,1502.1606766410707,2188.7022690366475,s2,CS,uninflected,lichnost',personality,non-high,back,-0.7940260057121121,0.25509305072394167,Speaker_3,male
Speaker_4_female_additional,19.295350474173787,личность,i,stressed,0.08514795314293977,427.98285978817154,1761.6521120283217,2417.3708103912063,s1,CS,uninflected,lichnost',personality,high,front,-0.9638155955972029,-0.05426181958420298,Speaker_4,female
Speaker_4_female_additional,19.59863260736868,личность,ʌ,unstressed,0.06042757964982925,408.8083307116146,2176.145711194094,2881.0267365760415,s2,CS,uninflected,lichnost',personality,non-high,back,-1.062166569464757,0.8496163597424169,Speaker_4,female
Speaker_1_male,460.81396460087774,личностьқа,i,stressed,0.05218745515213641,292.2786632569569,2023.0963934555384,2692.560089542649,s1,CS,inflected,lichnostqa,personality.DAT,high,front,-1.2296770673249937,1.3984385556879109,Speaker_1,male
Speaker_1_male,461.07078181438953,личностьқа,ʌ,unstressed,0.07416112047934575,474.2342707376404,1682.8100694775603,2652.2171510554217,s2,CS,inflected,lichnostqa,personality.DAT,non-high,back,-0.008710176738881633,0.5438833667476858,Speaker_1,male
Speaker_3_male,470.9100847083578,личностьқа,i,stressed,0.10436900212908996,324.2664871105119,1805.060702412955,2478.636367266417,s1,CS,inflected,lichnostqa,personality.DAT,high,front,-1.1437287283251454,1.2185662764451908,Speaker_3,male
Speaker_3_male,471.17771988830134,личностьқа,ʌ,unstressed,0.03152580094433688,406.605117222606,1629.0001283405832,2388.353634843847,s2,CS,inflected,lichnostqa,personality.DAT,non-high,back,-0.4812184656404472,0.6825141901032252,Speaker_3,male
Speaker_1_male,285.92248781657526,лошади,o,stressed,0.10849497255310324,532.1514468908173,966.7553788777568,2611.492874062095,s1,Rus,inflected,loshadi,horse.DAT,non-high,back,0.3799283239282643,-1.2543324541639111,Speaker_1,male
Speaker_1_male,286.14703120913765,лошади,ʌ,unstressed,0.06592099598162804,380.0352458715342,1811.855380310319,2590.395781443351,s2,Rus,inflected,loshadi,horse.DAT,non-high,back,-0.640808808264835,0.8679526349198469,Speaker_1,male
Speaker_1_male,286.3624734919732,лошади,i,unstressed,0.20016107973538055,280.02766865785435,2011.218497866284,2633.9852294768043,s3,Rus,inflected,loshadi,horse.DAT,high,front,-1.3118842550525909,1.3686098009180176,Speaker_1,male
Speaker_2_female,304.11563112704573,лошади,o,stressed,0.09897780936387336,513.8666024613735,951.41506515512,2903.265429577983,s1,Rus,inflected,loshadi,horse.DAT,non-high,back,-0.29704820374426294,-1.0619339307268283,Speaker_2,female
Speaker_2_female,304.3650416517733,лошади,ʌ,unstressed,0.10607798051250938,457.2665618460168,2069.3637841382606,3033.353641867874,s2,Rus,inflected,loshadi,horse.DAT,non-high,back,-0.6458331768513644,1.1126000881014488,Speaker_2,female
Speaker_2_female,304.5883561740984,лошади,i,unstressed,0.1982796715038262,427.6000914458377,2390.8045871741847,3159.611650265194,s3,Rus,inflected,loshadi,horse.DAT,high,front,-0.8286461036304611,1.7378380345046396,Speaker_2,female
Speaker_3_male,365.3461122960863,лошади,o,stressed,0.10709010866020208,443.0452406048892,939.544011716446,2541.520029012682,s1,Rus,inflected,loshadi,horse.DAT,non-high,back,-0.18801519420645676,-1.416674635702126,Speaker_3,male
Speaker_3_male,365.53689486576025,лошади,ʌ,unstressed,0.05183961814179838,311.97138807810074,1458.8538795783709,2401.78561800454,s2,Rus,inflected,loshadi,horse.DAT,non-high,back,-1.242657132630728,0.16446946536689025,Speaker_3,male
Speaker_3_male,365.6882562630843,лошади,i,unstressed,0.13551606766014856,296.05880406477735,1771.5604691628605,2378.292920637801,s3,Rus,inflected,loshadi,horse.DAT,high,front,-1.3706924205667457,1.1165680294141784,Speaker_3,male
Speaker_4_female,597.1935295732939,лошади,o,stressed,0.17853603078356173,562.8751529858281,978.9143856921846,2984.6092933908662,s1,Rus,inflected,loshadi,horse.DAT,non-high,back,-0.15747476868930865,-1.6107529371635223,Speaker_4,female
Speaker_4_female,597.4269997673955,лошади,ʌ,unstressed,0.05218745515207956,495.54825419472536,1936.9697552394616,3133.589524322791,s2,Rus,inflected,loshadi,horse.DAT,non-high,back,-0.4804787438994002,0.495521072680793,Speaker_4,female
Speaker_4_female,597.5987365982833,лошади,i,unstressed,0.15944421466031145,372.177532528795,2389.108115664569,3228.2695083573635,s3,Rus,inflected,loshadi,horse.DAT,high,front,-1.0723556049779823,1.4895421988992512,Speaker_4,female
Speaker_1_male_additional,45.77088892639458,лошадь,o,stressed,0.12041889382626891,487.8750974455422,813.9610973581783,2654.661725481173,s1,CS,uninflected,loshad',horse,non-high,back,0.3928262931626689,-1.5431821139880388,Speaker_1,male
Speaker_1_male_additional,45.985918121838736,лошадь,ə,unstressed,0.05479048198414915,412.40628627415646,1654.9417761879088,2491.558647478219,s2,CS,uninflected,loshad',horse,non-high,central,-0.24651257167515503,0.3896686920186421,Speaker_1,male
Speaker_2_female_additional,184.59779765274504,лошадь,o,stressed,0.09338807764063972,528.349650154027,935.1404254361908,3030.3695070985364,s1,CS,uninflected,loshad',horse,non-high,back,-0.12818908675860147,-0.8523503734937717,Speaker_2,female
Speaker_2_female_additional,184.8127275667268,лошадь,ə,unstressed,0.0618009337327976,459.8105119760684,1872.658156142145,2866.345757311828,s2,CS,uninflected,loshad',horse,non-high,central,-0.6147770615271118,0.8751032428278156,Speaker_2,female
Speaker_3_male_additional,214.9399216375784,лошадь,o,stressed,0.10638106496708132,426.32546451757406,861.8276665011862,2618.033434563283,s1,CS,uninflected,loshad',horse,non-high,back,-0.3216009754776603,-1.5279368380135154,Speaker_3,male
Speaker_3_male_additional,215.1301560125784,лошадь,ə,unstressed,0.05631938733554875,430.7001229371803,1397.691143243053,2267.2111914290554,s2,CS,uninflected,loshad',horse,non-high,central,-0.2843307540012916,-0.03580605577445584,Speaker_3,male
Speaker_4_female_additional,215.87235837674228,лошадь,o,stressed,0.13766961348684958,534.8666636858082,1091.0601459139962,3088.6262608056636,s1,CS,uninflected,loshad',horse,non-high,back,-0.4155817296164453,-1.5166087572025524,Speaker_4,female
Speaker_4_female_additional,216.06447006465348,лошадь,ʌ,unstressed,0.06132555509867643,404.0710354130632,2080.78824859887,3115.787232997146,s2,CS,uninflected,loshad',horse,non-high,back,-1.086465346464728,0.6416721843697446,Speaker_4,female
Speaker_1_male,65.29248099813896,лошадьты,o,stressed,0.0856526438270322,491.3676189273587,1023.2157309960523,2660.393529528667,s1,CS,inflected,loshad'ty,horse.ACC,non-high,back,0.10625880472958117,-1.1125445435947985,Speaker_1,male
Speaker_1_male,65.47753473743255,лошадьты,ʌ,unstressed,0.04591964857269204,494.36073408526954,1547.5866160598448,2465.920938602674,s2,CS,inflected,loshad'ty,horse.ACC,non-high,back,0.12634334379996137,0.20429903543026287,Speaker_1,male
Speaker_3_male,332.735018600045,лошадьты,o,stressed,0.1351560669604055,442.525038877415,869.6284783997947,2589.446946316024,s1,CS,inflected,loshad'ty,horse.ACC,non-high,back,-0.1922008235113018,-1.6295466412579878,Speaker_3,male
Speaker_3_male,332.9344721766911,лошадьты,ʌ,unstressed,0.0624175684526449,386.3596687646227,1494.2089711896804,2378.7931475716746,s2,CS,inflected,loshad'ty,horse.ACC,non-high,back,-0.6441166989218133,0.2721152044592964,Speaker_3,male
Speaker_1_male,533.0211849891641,местa,ɛ,unstressed,0.05493416331796652,312.23600964086614,1252.7650105843425,2738.9860469662203,s1,Rus,inflected,mesta,place.Pl,NA,NA,-1.0957583632185623,-0.5360813884009429,Speaker_1,male
Speaker_1_male,533.3734217886267,местa,a,stressed,0.21555954539496724,704.5499516038125,1485.6027722926997,2766.2272411448557,s2,Rus,inflected,mesta,place.Pl,non-high,central,1.5367647037219843,0.04864007534492603,Speaker_1,male
Speaker_2_female,423.393188356254,местa,ɛ,unstressed,0.09473157238198836,617.7242258405992,1714.0201263337035,2161.7067165154363,s1,Rus,inflected,mesta,place.Pl,NA,NA,0.3429509549747576,0.42141733602162235,Speaker_2,female
Speaker_2_female,423.7546426480147,местa,a,unstressed,0.17273818155069876,671.928270116825,1342.4038070258523,1705.7089766915738,s2,Rus,inflected,mesta,place.Pl,non-high,central,0.6769711415265343,-0.30141754411643573,Speaker_2,female
Speaker_3_male,473.86412077374587,местa,ɛ,unstressed,0.10441322291279675,376.5526601980717,1683.8074039358555,2338.2606787518575,s1,Rus,inflected,mesta,place.Pl,NA,NA,-0.7230255150234607,0.8493860442043485,Speaker_3,male
Speaker_3_male,474.1343588674438,местa,a,stressed,0.11708803569655402,514.8064775024807,1433.350707323611,2158.1827547134126,s2,Rus,inflected,mesta,place.Pl,non-high,central,0.3893876098343527,0.08681989068197003,Speaker_3,male
Speaker_4_female,178.631063272039,местa,ɛ,unstressed,0.08385331003287888,413.7590659771106,2299.827055983046,3027.851964581787,s1,Rus,inflected,mesta,place.Pl,NA,NA,-0.872866235345644,1.2932587881946978,Speaker_4,female
Speaker_4_female,179.0121577930094,местa,a,stressed,0.2427991365131561,1038.5922724007678,1679.2574322782625,2946.5554619413288,s2,Rus,inflected,mesta,place.Pl,non-high,central,2.124800568591269,-0.07105658569220982,Speaker_4,female
Speaker_1_male_additional,302.7776265194525,место,ɛ,stressed,0.12258790775268837,415.701644889371,2102.7837859469537,2815.6303312406003,s1,CS,uninflected,mesto,place,NA,NA,-0.2185957302199445,1.4189572491956832,Speaker_1,male
Speaker_1_male_additional,303.0782448663482,место,ʌ,unstressed,0.0676928416845044,425.0566822426114,1386.9978319085046,2606.8289140799056,s2,CS,uninflected,mesto,place,non-high,back,-0.13934393243617496,-0.22615481225702683,Speaker_1,male
Speaker_2_female_additional,145.8685950748607,место,ɛ,stressed,0.12433676168694774,537.811100153776,562.6645201147704,2448.8364228731325,s1,CS,uninflected,mesto,place,NA,NA,-0.06101830060430572,-1.5386678996227292,Speaker_2,female
Speaker_2_female_additional,146.20287422542435,место,ʌ,unstressed,0.12345499202612586,522.4862639810451,947.7014154168854,2199.6404726861283,s2,CS,uninflected,mesto,place,non-high,back,-0.16981571468306028,-0.8292057151517996,Speaker_2,female
Speaker_3_male_additional,157.25115425100483,место,ɛ,stressed,0.1038630956811346,409.2555598537191,1709.419408448823,2315.9651584709463,s1,CS,uninflected,mesto,place,NA,NA,-0.4670292732736827,0.8322123115821523,Speaker_3,male
Speaker_3_male_additional,157.54485296531698,место,ʌ,unstressed,0.1396442411436567,441.9921566968424,1388.8651636320658,2411.0425572678787,s2,CS,uninflected,mesto,place,non-high,back,-0.1881274487889227,-0.06038230780984539,Speaker_3,male
Speaker_4_female_additional,180.19096917351916,место,ɛ,stressed,0.1088841488486878,552.0441221296212,2246.704872626178,3047.6667277759643,s1,CS,uninflected,mesto,place,NA,NA,-0.32747423243759904,1.0034833591325283,Speaker_4,female
Speaker_4_female_additional,180.53625381050384,место,ʌ,unstressed,0.15365778137066854,734.40428066632,1789.0462164202097,3079.849674416104,s2,CS,uninflected,mesto,place,non-high,back,0.6078968066693727,0.00547597432107819,Speaker_4,female
Speaker_1_male,496.3575219773945,местолар,ɛ,stressed,0.07186595487877412,388.1305524430306,2010.186181786615,2598.9913880083905,s1,CS,inflected,mestolar,place.Pl,NA,NA,-0.5864873095773566,1.3660173633137231,Speaker_1,male
Speaker_1_male,496.59419978542087,местолар,ʌ,unstressed,0.0343338520737575,554.6773920082112,1112.374949878927,2840.8625587450615,s2,CS,inflected,mestolar,place.Pl,non-high,back,0.5310829574584106,-0.8886405316805592,Speaker_1,male
Speaker_3_male,229.386687151672,местолар,ɛ,stressed,0.05726947500070878,348.0214488312593,1721.1752160688386,2312.079052554481,s1,CS,inflected,mestolar,place.Pl,NA,NA,-0.9525923697501719,0.9631599186873784,Speaker_3,male
Speaker_3_male,229.61626769337025,местолар,ʌ,unstressed,0.08125720792295965,479.33874436640593,878.872022390289,2397.8017558478596,s2,CS,inflected,mestolar,place.Pl,non-high,back,0.10400835146167496,-1.6014027989048363,Speaker_3,male
Speaker_1_male_additional,287.2594539498076,народ,a,unstressed,0.10384649451879112,688.9319526182431,1101.931314388176,2700.406476769907,s1,CS,uninflected,narod,people,non-high,central,2.096092312049091,-0.8813316338237464,Speaker_1,male
Speaker_1_male_additional,287.4491429268402,народ,o,stressed,0.13374767954144318,437.20556482316607,934.6933702081736,2459.71543079394,s2,CS,uninflected,narod,people,non-high,back,-0.0364238959662639,-1.2656995549191892,Speaker_1,male
Speaker_2_female_additional,246.99608725994915,народ,a,unstressed,0.09974155506111516,787.2386588580515,1256.3095558846214,1509.4202252311993,s1,CS,uninflected,narod,people,non-high,central,1.709772139249778,-0.26056980479324027,Speaker_2,female
Speaker_2_female_additional,247.1567194992396,народ,o,stressed,0.10888414884865938,546.1096119794349,952.5296455572598,3117.161438319285,s2,CS,uninflected,narod,people,non-high,back,-0.00210369837578707,-0.8203093035499177,Speaker_2,female
Speaker_3_male_additional,287.76257833014535,народ,a,NA,0.100123355263122,638.4714914491655,1150.2713323310034,2562.436041192414,s1,CS,uninflected,narod,people,non-high,central,1.48579257407032,-0.7247552602291522,Speaker_3,male
Speaker_3_male_additional,287.90621945143323,народ,o,NA,0.09113618229940812,432.11045640711683,888.0449821030415,2712.5190240401166,s2,CS,uninflected,narod,people,non-high,back,-0.27231531513994145,-1.4549337965017886,Speaker_3,male
Speaker_4_female_additional,315.97943759449646,народ,a,unstressed,0.1088841488486878,916.4298832833274,1612.16900264586,3119.422878927325,s1,CS,uninflected,narod,people,non-high,central,1.5415518244658115,-0.38023674662924944,Speaker_4,female
Speaker_4_female_additional,316.148395756503,народ,o,stressed,0.11639340049339351,615.2671367922303,1128.6590381638523,2954.6107359448083,s2,CS,uninflected,narod,people,non-high,back,-0.00318751655092112,-1.4346175796791913,Speaker_4,female
Speaker_1_male,167.26428077461756,народу,a,unstressed,0.0938656455592195,684.9478085068308,1173.7776169313229,2679.6778996770067,s1,Rus,inflected,narodu,people.DAT,non-high,central,1.4052295010573095,-0.7344410706766853,Speaker_1,male
Speaker_1_male,167.445754356032,народу,o,stressed,0.11639340049342196,486.368813138136,1010.2333522785608,1962.598630592563,s2,Rus,inflected,narodu,people.DAT,non-high,back,0.07271558808670266,-1.145146967836031,Speaker_1,male
Speaker_1_male,167.67320696037086,народу,u,unstressed,0.16329593647364504,374.1841090932041,913.5222510768843,2686.62161084988,s3,Rus,inflected,narodu,people.DAT,high,back,-0.6800713755335582,-1.388015891846519,Speaker_1,male
Speaker_2_female,138.73880674613878,народу,a,unstressed,0.1167941703533586,762.5715817487501,1374.4335030537982,2952.282428835909,s1,Rus,inflected,narodu,people.DAT,non-high,central,1.23554008716969,-0.2391162395549448,Speaker_2,female
Speaker_2_female,138.94206039893265,народу,o,stressed,0.1769370745590777,435.087048048324,816.5569759801887,2947.362609168766,s2,Rus,inflected,narodu,people.DAT,non-high,back,-0.7825094237118302,-1.3242478433826808,Speaker_2,female
Speaker_2_female,139.20021503064106,народу,u,unstressed,0.13629951244493554,434.4023772394839,902.2864513788828,2970.920105114649,s3,Rus,inflected,narodu,people.DAT,high,back,-0.7867285530101883,-1.157494523212211,Speaker_2,female
Speaker_3_male,173.76130036940702,народу,a,unstressed,0.10127227705896756,603.2766740879916,1154.8236676798174,1965.9710616445211,s1,Rus,inflected,narodu,people.DAT,non-high,central,1.1012334724609232,-0.7612121090451995,Speaker_3,male
Speaker_3_male,173.9016038413843,народу,o,stressed,0.10384921349213982,441.9390080458009,917.5570989208288,2190.9262460198315,s2,Rus,inflected,narodu,people.DAT,non-high,back,-0.19691612469697162,-1.483618246095357,Speaker_3,male
Speaker_3_male,174.09808907336344,народу,u,unstressed,0.13022232650584442,329.901425982526,905.9681953497652,2107.6355417363116,s3,Rus,inflected,narodu,people.DAT,high,back,-1.098389076363144,-1.5189030108441695,Speaker_3,male
Speaker_4_female,53.32156887340918,народу,a,unstressed,0.1373354082950584,784.2052058506697,1712.2710221249354,3237.644952159879,s1,Rus,inflected,narodu,people.DAT,non-high,central,0.9043666081223474,0.0015234221820384578,Speaker_4,female
Speaker_4_female,53.50903170573194,народу,o,stressed,0.1634291358711195,533.0890663398031,991.5396525690236,3125.905526119334,s2,Rus,inflected,narodu,people.DAT,non-high,back,-0.3003749254672071,-1.5829964292044885,Speaker_4,female
Speaker_4_female,53.733286132805034,народу,u,unstressed,0.12417979844422432,351.7132357790149,1082.2688309031291,3085.134438560985,s3,Rus,inflected,narodu,people.DAT,high,back,-1.170534034680606,-1.3835293458458724,Speaker_4,female
Speaker_1_male,474.7303952694549,народқа,a,unstressed,0.09201472355766782,680.4144407236987,1199.1588407884392,2760.7767924506256,s1,CS,inflected,narodqa,people.DAT,non-high,central,1.3748094879415187,-0.6707016400254675,Speaker_1,male
Speaker_1_male,474.8629239384596,народқа,o,stressed,0.0933880776406113,590.3862873058132,1116.5807478547529,2431.580569174862,s2,CS,inflected,narodqa,people.DAT,non-high,back,0.7706984299434051,-0.8780785836073571,Speaker_1,male
Speaker_3_male,452.0698779787933,народқа,a,unstressed,0.09368114772155424,672.4372878522797,1243.4130922393626,2251.1075854582873,s1,CS,inflected,narodqa,people.DAT,non-high,central,1.6577112318071203,-0.49148365840719543,Speaker_3,male
Speaker_3_male,452.1890851868649,народқа,o,stressed,0.07094193284086714,535.7576126381007,1021.1440070272296,2355.1280966912723,s2,CS,inflected,narodqa,people.DAT,non-high,back,0.5579639150673376,-1.168226918418985,Speaker_3,male
Speaker_2_female,300.5081110127719,небa,e,stressed,0.17853987921807857,482.95439644421054,1091.390579014197,2575.0089710244165,s1,Rus,inflected,neba,sky.GEN,non-high,front,-0.48753769504424055,-0.7896660605454571,Speaker_2,female
Speaker_2_female,300.8271055022806,небa,ʌ,unstressed,0.24372560265766197,730.5592444786547,973.8500957510088,1624.7924189918742,s2,Rus,inflected,neba,sky.GEN,non-high,back,1.0382712853728187,-1.0182953125900434,Speaker_2,female
Speaker_3_male,362.41142123891905,небa,e,stressed,0.13386282648485803,393.42891945667833,1844.0530689193545,2328.310817172457,s1,Rus,inflected,neba,sky.GEN,non-high,front,-0.5872363363677874,1.3372864358408658,Speaker_3,male
Speaker_3_male,362.6012868695865,небa,ʌ,unstressed,0.17059428072303717,504.7559102802851,1260.9325452469984,2343.1919078808014,s2,Rus,inflected,neba,sky.GEN,non-high,back,0.30851908042789883,-0.4381421344130004,Speaker_3,male
Speaker_4_female,227.47978358293443,небa,e,stressed,0.15793571953932428,482.0801454669959,2407.744585941551,3047.074130403046,s1,Rus,inflected,neba,sky.GEN,non-high,front,-0.5450926313014625,1.5305142702714853,Speaker_4,female
Speaker_4_female,227.7530810454416,небa,ʌ,unstressed,0.19638963386194064,1011.0461601305924,1717.0202175263146,3038.0185227566726,s2,Rus,inflected,neba,sky.GEN,non-high,back,1.992646794622611,0.011964475131122265,Speaker_4,female
Speaker_1_male_additional,212.6289647532345,небо,e,stressed,0.15606985777304772,339.497387430482,2132.314978809769,2849.9986848395556,s1,CS,uninflected,nebo,sky,non-high,front,-0.8641649753606159,1.4868296645366161,Speaker_1,male
Speaker_1_male_additional,212.87196867561113,небо,ʌ,unstressed,0.11309315763429596,498.4251101374799,1217.3555574694224,2512.8636768372708,s2,CS,uninflected,nebo,sky,non-high,back,0.4822014010223974,-0.6160486768089065,Speaker_1,male
Speaker_2_female_additional,21.30143731373405,небо,e,stressed,0.13842697120577796,489.4295632005595,2718.7748055401444,3409.708532789232,s1,CS,uninflected,nebo,sky,non-high,front,-0.4044990432586429,2.4341428406516012,Speaker_2,female
Speaker_2_female_additional,21.524453180719497,небо,ʌ,unstressed,0.09116130376967392,591.6659703398914,1318.5729912331055,2982.9975390210484,s2,CS,uninflected,nebo,sky,non-high,back,0.3213199212047069,-0.1458442982405767,Speaker_2,female
Speaker_3_male_additional,43.36565098654264,небо,e,stressed,0.11536174296784908,373.15383428849094,1908.9114590981328,2572.8695955159696,s1,CS,uninflected,nebo,sky,non-high,front,-0.7746005573457869,1.3877049743695056,Speaker_3,male
Speaker_3_male_additional,43.60734714877738,небо,ʌ,unstressed,0.15928076089312526,846.34293678705,2197.236332491219,3345.1827940411936,s2,CS,uninflected,nebo,sky,non-high,back,3.256768513959395,2.190555770417033,Speaker_3,male
Speaker_4_female_additional,326.79711245381657,небо,e,stressed,0.17654441371081475,510.7431084284645,2430.5355494674222,3193.4667481555093,s1,CS,uninflected,nebo,sky,non-high,front,-0.5393175013391658,1.4043593625788204,Speaker_4,female
Speaker_4_female_additional,327.0613749833256,небо,ʌ,unstressed,0.15939718654476565,698.7904770862657,1596.3617419794914,2833.7076609069463,s2,CS,uninflected,nebo,sky,non-high,back,0.4252246663919604,-0.4147073344019313,Speaker_4,female
Speaker_1_male,363.1977298708893,небоны,e,stressed,0.12772192971442564,345.1133016699692,2283.765259158645,2459.9302340076524,s1,CS,inflected,nebony,sky.ACC,non-high,front,-0.8751436452911303,2.053051791911205,Speaker_1,male
Speaker_1_male,363.3856305110934,небоны,ʌ,unstressed,0.09251246187801598,597.5419349788662,1154.184452571866,2677.211896338649,s2,CS,inflected,nebony,sky.ACC,non-high,back,0.8187145862491387,-0.7836450471262831,Speaker_1,male
Speaker_3_male,70.31036356928279,небоны,e,stressed,0.11774265117236382,371.4986543676913,1846.5101045872427,2502.9740022678984,s1,CS,inflected,nebony,sky.ACC,non-high,front,-0.7636908834627577,1.3447673787091239,Speaker_3,male
Speaker_3_male,70.51439377163061,небоны,ʌ,unstressed,0.12061518403973535,500.73013864449314,901.8693211438448,2283.477629179072,s2,CS,inflected,nebony,sky.ACC,non-high,back,0.2761270547127979,-1.5313828637658902,Speaker_3,male
Speaker_1_male,116.6304306880149,огня,ʌ,NA,0.10553639060930207,630.3781887175827,1132.8591708676668,2526.2043817458966,s1,Rus,inflected,ognya,fire.ACC,non-high,back,1.039053927151911,-0.8371988600532898,Speaker_1,male
Speaker_1_male,116.9508220021511,огня,æ,stressed,0.197329913649952,637.6965241363428,1659.0825954033548,3393.0978449501113,s2,Rus,inflected,ognya,fire.ACC,NA,NA,1.0881617582554854,0.4842969694645873,Speaker_1,male
Speaker_2_female,420.19724158200785,огня,ʌ,unstressed,0.09589141512992684,787.2594436389995,1195.6306827338822,2005.686063943068,s1,Rus,inflected,ognya,fire.ACC,non-high,back,1.387673462903103,-0.5869075191064363,Speaker_2,female
Speaker_2_female,420.57955978145026,огня,æ,stressed,0.2851566914042678,781.855822628941,1441.713372646706,1760.4976130305763,s2,Rus,inflected,ognya,fire.ACC,NA,NA,1.3543748682698888,-0.10824944510557041,Speaker_2,female
Speaker_3_male,489.47613517770174,огня,ʌ,unstressed,0.15256851911345848,724.2213963229809,1194.4963684189484,2303.6827477499673,s1,Rus,inflected,ognya,fire.ACC,non-high,back,2.074374750001577,-0.640420534247257,Speaker_3,male
Speaker_3_male,489.7735470720837,огня,æ,stressed,0.17855085457284758,448.0959766001093,1293.515944959824,2163.524051775743,s2,Rus,inflected,ognya,fire.ACC,NA,NA,-0.14737613540272262,-0.33893537282994074,Speaker_3,male
Speaker_4_female,20.37417700206366,огня,ʌ,unstressed,0.13580899221332743,906.9329012452216,1368.74854835009,2939.283521017196,s1,Rus,inflected,ognya,fire.ACC,non-high,back,1.4931585203090432,-0.7537068925870258,Speaker_4,female
Speaker_4_female,20.7071388361798,огня,æ,stressed,0.19226957161308889,827.4147684955018,1740.4077300825463,2786.3385733221794,s2,Rus,inflected,ognya,fire.ACC,NA,NA,1.111666524678353,0.06338165979277313,Speaker_4,female
Speaker_2_female,94.14289359539436,огоньды,ʌ,unstressed,0.17490417091410393,848.5783811693572,1281.7608671975026,2230.3518880882643,s1,CS,inflected,ogon'dy,fire.ACC,non-high,back,1.7655375729807743,-0.4193747754449429,Speaker_2,female
Speaker_2_female,94.44293749010276,огоньды,o,stressed,0.13944743754979072,511.52590020270503,1140.8532033450726,2804.2522596802364,s2,CS,inflected,ogon'dy,fire.ACC,non-high,back,-0.31147225301110953,-0.6934557805552939,Speaker_2,female
Speaker_4_female,551.0970658367421,огоньды,ʌ,unstressed,0.09966270689074008,830.9759802445477,1297.2512681344306,3137.023075851671,s1,CS,inflected,ogon'dy,fire.ACC,non-high,back,1.128751606156348,-0.9108928631264543,Speaker_4,female
Speaker_4_female,551.3041462326853,огоньды,o,stressed,0.1496955950415213,542.3394558991694,1126.4004965552256,2900.031714208857,s2,CS,inflected,ogon'dy,fire.ACC,non-high,back,-0.25599574487865945,-1.2865063727184691,Speaker_4,female
Speaker_1_male,41.773096426643185,окнa,o,stressed,0.1212692863111613,525.9712962562929,854.0412298332541,2652.9708720405783,s1,Rus,inflected,okna,window.GEN,non-high,back,0.33845799274108146,-1.537389556803144,Speaker_1,male
Speaker_1_male,42.080755138177835,окнa,ʌ,unstressed,0.10522667276863729,618.2535027022144,1427.9603395342872,3065.510657721599,s2,Rus,inflected,okna,window.GEN,non-high,back,0.9576943010953811,-0.0961163739916251,Speaker_1,male
Speaker_2_female,38.40201125485352,окнa,o,stressed,0.1671381559655245,505.7583783248465,726.3103803327994,2797.72999365713,s1,Rus,inflected,okna,window.GEN,non-high,back,-0.3470133045932831,-1.499787462496147,Speaker_2,female
Speaker_2_female,38.83307903043743,окнa,ʌ,unstressed,0.2061624228741863,736.2346733062648,1490.66504063903,3183.2538639155396,s2,Rus,inflected,okna,window.GEN,non-high,back,1.073244834322396,-0.013033031758348548,Speaker_2,female
Speaker_3_male,53.139840428799914,окнa,o,stressed,0.16970500785747333,417.7332909965715,783.8353642850884,2464.023055703141,s1,Rus,inflected,okna,window.GEN,non-high,back,-0.3916793353421407,-1.8907611582347306,Speaker_3,male
Speaker_3_male,53.475734981526934,окнa,ʌ,unstressed,0.1696864995311671,518.1465075035951,1284.0374312109525,2009.3343219087049,s2,Rus,inflected,okna,window.GEN,non-high,back,0.41626204471869105,-0.36779462821561854,Speaker_3,male
Speaker_4_female,26.061980567963733,окнa,o,stressed,0.14145547054391727,548.4327108230245,977.018255282454,2919.2285604754215,s1,Rus,inflected,okna,window.GEN,non-high,back,-0.22676306674090194,-1.614921558652673,Speaker_4,female
Speaker_4_female,26.39306957936436,окнa,ʌ,unstressed,0.16365049069016635,833.7187037709987,1557.6399156560185,3224.435071948887,s2,Rus,inflected,okna,window.GEN,non-high,back,1.1419099517485705,-0.33843133515401624,Speaker_4,female
Speaker_2_female,115.08736770379844,окноның,ʌ,unstressed,0.10376097853811928,847.3152362270924,1337.3838870584405,2410.827817446037,s1,CS,inflected,oknonyń,window.GEN,non-high,back,1.757753727422921,-0.3111818441738313,Speaker_2,female
Speaker_2_female,115.38632728029728,окноның,o,stressed,0.15591157101995634,599.6849887597925,1029.14343881809,3272.222158288016,s2,CS,inflected,oknonyń,window.GEN,non-high,back,0.23178822873468713,-0.9107436391792307,Speaker_2,female
Speaker_4_female,574.6390595479031,окноның,ʌ,unstressed,0.10293911592214045,846.9676023362954,1371.5805297574962,3037.517297425475,s1,CS,inflected,oknonyń,window.GEN,non-high,back,1.2054721680482412,-0.7474808131511362,Speaker_4,female
Speaker_4_female,574.9583331520396,окноның,o,stressed,0.10986832663604672,434.251054342096,960.402942683132,2808.0634400604595,s2,CS,inflected,oknonyń,window.GEN,non-high,back,-0.774554953811852,-1.6514501374861994,Speaker_4,female
Speaker_1_male_additional,33.60452730916778,опыт,o,stressed,0.16319100270829523,420.8654863699414,678.3681172542688,2748.683447475176,s1,CS,uninflected,opyt,experience,non-high,back,-0.17484991656332102,-1.8548194767481312,Speaker_1,male
Speaker_1_male_additional,33.81673151152589,опыт,ə,unstressed,0.058111117255919,462.78533607717304,1084.9670855585712,2589.5442876213365,s2,CS,uninflected,opyt,experience,non-high,central,0.18027677365484102,-0.9203210234637217,Speaker_1,male
Speaker_2_female_additional,218.8843513817844,опыт,o,stressed,0.15792012949196987,475.80240316632813,751.5250057585109,2763.478273178335,s1,CS,uninflected,opyt,experience,non-high,back,-0.50124394521067,-1.1906769035912568,Speaker_2,female
Speaker_2_female_additional,219.09972951807643,опыт,ə,unstressed,0.04755859375001137,529.033377197862,1502.036184192699,2833.8084354289804,s2,CS,uninflected,opyt,experience,non-high,central,-0.12333502284127713,0.19220174159411518,Speaker_2,female
Speaker_3_male_additional,261.0806514696001,опыт,o,stressed,0.2103496190536589,379.99005495488194,665.1342705326358,2769.5632315870057,s1,CS,uninflected,opyt,experience,non-high,back,-0.7163588767711802,-2.0756365479700305,Speaker_3,male
Speaker_3_male_additional,261.3278762894066,опыт,ə,dv,0.02127621299342763,372.8892783255099,1020.9120649895724,2723.2209715148883,s2,CS,uninflected,opyt,experience,non-high,central,-0.7768544611680847,-1.0849607102098793,Speaker_3,male
Speaker_4_female_additional,94.5486621900753,опыт,o,stressed,0.13304706513667952,555.5448796711013,895.2389080333472,3146.3319491201805,s1,CS,uninflected,opyt,experience,non-high,back,-0.3095179680566552,-1.9436323453237703,Speaker_4,female
Speaker_4_female_additional,94.75410687807128,опыт,ə,dv,0.03254009046052886,414.5260377897284,1519.2173351779263,2950.829428440122,s2,CS,uninflected,opyt,experience,non-high,central,-1.0328390142910853,-0.582934651073095,Speaker_4,female
Speaker_1_male,322.5614885782811,опыту,o,stressed,0.1109189011448848,462.6343833531789,777.4975738191898,2708.200511444811,s1,Rus,inflected,opytu,experience.DAT,non-high,back,-0.086548274872013,-1.729612322803894,Speaker_1,male
Speaker_1_male,322.7584034993975,опыту,ə,unstressed,0.03845391432264478,414.9032262097582,1232.341026750293,2617.5143652118863,s2,Rus,inflected,opytu,experience.DAT,non-high,central,-0.40683608203765004,-0.5873717874983447,Speaker_1,male
Speaker_1_male,323.02071412924107,опыту,u,unstressed,0.1483222409586915,368.7843568622777,892.8787249672012,2434.9369450629083,s3,Rus,inflected,opytu,experience.DAT,high,back,-0.7163050414403894,-1.4398576236823082,Speaker_1,male
Speaker_2_female,76.67236387831642,опыту,o,stressed,0.1578352063301196,520.3344254415847,741.5236699270957,3120.5212787679784,s1,Rus,inflected,opytu,experience.DAT,non-high,back,-0.25719170470842334,-1.4701959300766867,Speaker_2,female
Speaker_2_female,76.89818856970018,опыту,ə,unstressed,0.05788066628602451,532.2253525813678,1008.8863172367128,1870.8178530455216,s2,Rus,inflected,opytu,experience.DAT,non-high,central,-0.1839165505287196,-0.950145983181478,Speaker_2,female
Speaker_2_female,77.15535381847128,опыту,u,unstressed,0.1745963064958289,490.15653327544294,907.1492483024812,3190.4811535845706,s3,Rus,inflected,opytu,experience.DAT,high,back,-0.443156152669278,-1.148035844869043,Speaker_2,female
Speaker_3_male,100.25443408257334,опыту,o,stressed,0.08494121609162164,419.4107593123591,751.0673941016169,2545.004921511217,s1,Rus,inflected,opytu,experience.DAT,non-high,back,-0.37818214729049643,-1.9905298820082928,Speaker_3,male
Speaker_3_male,100.40682800883874,опыту,ə,unstressed,0.03444263117346224,396.3612779722186,1101.038516711833,2561.028260843101,s2,Rus,inflected,opytu,experience.DAT,non-high,central,-0.5636420938139396,-0.9249718976436058,Speaker_3,male
Speaker_3_male,100.61151502599478,опыту,u,unstressed,0.12072036621050586,828.1660636755676,2101.274836328538,3511.864786670859,s3,Rus,inflected,opytu,experience.DAT,high,back,2.9107307687826176,2.12045021795816,Speaker_3,male
Speaker_4_female,445.3991416413268,опыту,o,stressed,0.15552455070360338,483.51750482811497,862.2210549301972,3151.7366186617,s1,Rus,inflected,opytu,experience.DAT,non-high,back,-0.5381968319139484,-1.8673019191104487,Speaker_4,female
Speaker_4_female,445.6012252234422,опыту,ə,unstressed,0.03879780016444556,472.932588536427,1430.327241871306,3211.316864948126,s2,Rus,inflected,opytu,experience.DAT,non-high,central,-0.5889784674989977,-0.6183268239118769,Speaker_4,female
Speaker_4_female,445.8143247418908,опыту,u,unstressed,0.10954341687016722,382.1786144718216,1024.5051537618135,2847.029801352869,s3,Rus,inflected,opytu,experience.DAT,high,back,-1.0243749422413473,-1.5105221436977165,Speaker_4,female
Speaker_1_male,51.09290129804224,опытқа,o,stressed,0.07388735026464843,453.76800616749694,801.9217969773293,2840.2780302173287,s1,CS,inflected,opytqa,experience.DAT,non-high,back,-0.14604384707807994,-1.6682761915376463,Speaker_1,male
Speaker_1_male,51.24761735843673,опытқа,ə,unstressed,0.03670827592586789,392.0774663160253,1242.0092563292794,2810.4582209544074,s2,CS,inflected,opytqa,experience.DAT,non-high,central,-0.5600025464769219,-0.563092128950789,Speaker_1,male
Speaker_3_male,409.3026586541928,опытқа,o,stressed,0.07926288661673198,445.1902888921193,817.1106513983401,2530.452033378479,s1,CS,inflected,opytqa,experience.DAT,non-high,back,-0.17075578021924925,-1.7894478052897704,Speaker_3,male
Speaker_3_male,409.4194277927925,опытқа,ə,unstressed,0.02465230198254175,1081.9385986529903,1408.504985849735,2305.5047311002068,s2,CS,inflected,opytqa,experience.DAT,non-high,central,4.952626639301347,0.011172058094148153,Speaker_3,male
Speaker_1_male_additional,172.30646912334498,парень,a,stressed,0.14347369451121494,620.4595977900395,1173.0023691874037,2456.098511717075,s1,CS,uninflected,paren',guy,non-high,central,1.5160243749880316,-0.7179869232846294,Speaker_1,male
Speaker_1_male_additional,172.46075233375095,парень,ɪ,unstressed,0.08269148132370674,322.3431976924713,2046.7626910668343,2775.1689670517944,s2,CS,uninflected,paren',guy,NA,NA,-1.009487791820599,1.2902023073543398,Speaker_1,male
Speaker_2_female_additional,151.9647725314394,парень,a,stressed,0.1244164632744571,848.6507758453831,1199.8326608631623,1605.2514006670349,s1,CS,uninflected,paren',guy,non-high,central,2.145762413208641,-0.3646331343155206,Speaker_2,female
Speaker_2_female_additional,152.11543418265953,парень,ɪ,unstressed,0.06592099598162804,486.5124416646004,1204.3682118127058,2756.43867446889,s2,CS,uninflected,paren',guy,NA,NA,-0.42520890769625036,-0.3562760082226627,Speaker_2,female
Speaker_3_male_additional,180.50021656550632,парень,a,stressed,0.10763260690788456,613.6233234287471,1067.4826325597232,2218.180190316876,s1,CS,uninflected,paren',guy,non-high,central,1.274096794291845,-0.9552833195426287,Speaker_3,male
Speaker_3_male_additional,180.64476965966753,парень,ɪ,unstressed,0.07384097450656668,391.73798005270305,1741.8906822783777,2447.753219648459,s2,CS,uninflected,paren',guy,NA,NA,-0.6162715720524283,0.9226297207218531,Speaker_3,male
Speaker_4_female_additional,285.11347496886856,парень,a,stressed,0.18022203947367643,958.4919879517926,1602.1746843216297,2970.605922573086,s1,CS,uninflected,paren',guy,non-high,central,1.7572989200291815,-0.4020311634035917,Speaker_4,female
Speaker_4_female_additional,285.30496088580935,парень,ɪ,unstressed,0.04255242598685527,403.03170473240687,2265.730472170753,3058.6028970113657,s2,CS,uninflected,paren',guy,NA,NA,-1.091796334475169,1.0449721162847712,Speaker_4,female
Speaker_1_male,262.9843909003875,пареньді,a,stressed,0.09476143172355478,654.5097067947112,1440.9131624902127,2396.760711804553,s1,CS,inflected,paren'di,guy.ACC,non-high,central,1.2009823502420431,-0.0635881726257467,Speaker_1,male
Speaker_1_male,263.1038727056042,пареньді,ɪ,unstressed,0.07278776639634543,434.51824775870546,2039.211793021838,2322.791023067622,s2,CS,inflected,paren'di,guy.ACC,NA,NA,-0.2752144617919525,1.4389088812661954,Speaker_1,male
Speaker_3_male,277.3992966638142,пареньді,a,stressed,0.09434607598518596,582.9182480094431,1410.6787608267152,2199.9143513788817,s1,CS,inflected,paren'di,guy.ACC,non-high,central,0.9374262025223251,0.01779055640240204,Speaker_3,male
Speaker_3_male,277.5312892320528,пареньді,e,unstressed,0.10924701926836632,433.2587790335056,1784.0895750655652,2388.501730018116,s2,CS,inflected,paren'di,guy.ACC,non-high,front,-0.26675868578002765,1.154715430639756,Speaker_3,male
Speaker_1_male,516.5950204163939,парня,a,stressed,0.11948180521665108,653.7113718421705,1160.5692248964808,2482.5444884622075,s1,Rus,inflected,parnya,boy.ACC,non-high,central,1.1956253263055685,-0.7676110782719994,Speaker_1,male
Speaker_1_male,516.9216395286446,парня,æ,unstressed,0.19316460671291225,569.6582293593319,1584.8550902310708,3121.5295162464854,s2,Rus,inflected,parnya,boy.ACC,NA,NA,0.6316080616430452,0.29789071321090443,Speaker_1,male
Speaker_2_female,307.4538745417192,парня,a,stressed,0.19131582882670273,876.9064218664499,1432.774795640705,2177.6498216800387,s1,Rus,inflected,parnya,boy.ACC,non-high,central,1.9401027288586243,-0.12563596691056425,Speaker_2,female
Speaker_2_female,307.8563234409911,парня,æ,unstressed,0.2653064125188962,772.6473886728592,1731.2386206001108,2916.5063355684724,s2,Rus,inflected,parnya,boy.ACC,NA,NA,1.2976299727749,0.4549092135107427,Speaker_2,female
Speaker_3_male,368.9667950940789,парня,a,stressed,0.10952298551922011,716.936269195459,1121.719646156266,2278.5833578823213,s1,Rus,inflected,parnya,boy.ACC,non-high,central,2.0157574098736766,-0.8620040092051671,Speaker_3,male
Speaker_3_male,369.2163547601067,парня,æ,unstressed,0.0982215441007952,414.70753904931047,1458.00821511872,2435.902945719336,s2,Rus,inflected,parnya,boy.ACC,NA,NA,-0.4160250369243705,0.1618946685940776,Speaker_3,male
Speaker_4_female,36.47503286551071,парня,a,stressed,0.1730426144517807,934.4428520555572,1422.5465788739828,2808.529125948133,s1,Rus,inflected,parnya,boy.ACC,non-high,central,1.6251388079670679,-0.6354325244502114,Speaker_4,female
Speaker_4_female,36.79365775155151,парня,æ,unstressed,0.14006863886846332,599.0021678479803,1207.698097572971,2288.769446397111,s2,Rus,inflected,parnya,boy.ACC,NA,NA,0.015846290537784594,-1.1077745065557798,Speaker_4,female
Speaker_1_male,499.91509995761305,письмa,i,stressed,0.09201472355772466,317.9485450942683,2100.3682612932053,2870.3770454190408,s1,Rus,inflected,pis'ma,letter.Pl,high,front,-1.0574258449385538,1.5924900675084532,Speaker_1,male
Speaker_1_male,500.2860960241443,письмa,a,unstressed,0.1802903131357425,735.6715199970201,1239.7661269427024,2673.8561559888717,s2,Rus,inflected,pis'ma,letter.Pl,non-high,central,1.7455980841125927,-0.5687252611741332,Speaker_1,male
Speaker_2_female,310.72862550422275,письмa,i,stressed,0.08519652492680052,302.31990942836575,1677.127350974259,2704.015473050126,s1,Rus,inflected,pis'ma,letter.Pl,high,front,-1.6006569439188192,0.3496568038023339,Speaker_2,female
Speaker_2_female,311.12316619094975,письмa,ʌ,unstressed,0.18480287594258016,719.2233459008085,1333.685556325467,2742.0118336158052,s2,Rus,inflected,pis'ma,letter.Pl,non-high,back,0.9684163694110411,-0.3183755068661988,Speaker_2,female
Speaker_3_male,328.8875014721458,письмa,i,stressed,0.06444111241597739,313.20450413207755,1762.1276568949304,2464.846517538996,s1,Rus,inflected,pis'ma,letter.Pl,high,front,-1.2327352765137547,1.0878479214460113,Speaker_3,male
Speaker_3_male,329.1632519312869,письмa,ʌ,unstressed,0.15237175398635827,490.2805532715104,1215.3752154657957,2126.3127936480687,s2,Rus,inflected,pis'ma,letter.Pl,non-high,back,0.19204795914154316,-0.5768506545121346,Speaker_3,male
Speaker_4_female,567.8756963444562,письмa,i,stressed,0.07816684503404758,355.7139605511463,2388.8675734942544,3093.27067051958,s1,Rus,inflected,pis'ma,letter.Pl,high,front,-1.1513403687265356,1.489013369629347,Speaker_4,female
Speaker_4_female,568.3045939815042,письмa,ʌ,unstressed,0.3181814571904624,951.7805941303652,1478.472896441407,3164.8696973898764,s2,Rus,inflected,pis'ma,letter.Pl,non-high,back,1.7083174440231568,-0.512479141062538,Speaker_4,female
Speaker_1_male_additional,106.03833615571436,письмо,i,unstressed,0.06641270543532585,320.2504543467178,1883.3464636254596,2560.566342025488,s1,CS,uninflected,pis'mo,letter,high,front,-1.0272166010373294,0.9146179510476442,Speaker_1,male
Speaker_1_male_additional,106.37837718794192,письмо,o,stressed,0.16447145009405517,557.8635089187445,734.3333367428834,2752.8033515721236,s2,CS,uninflected,pis'mo,letter,non-high,back,0.9857376011394586,-1.7261929549742454,Speaker_1,male
Speaker_2_female_additional,41.60799362762336,письмо,i,unstressed,0.05645079962003763,357.43112946468153,1784.873669176582,2599.9464968452576,s1,CS,uninflected,pis'mo,letter,high,front,-1.3416110678859317,0.7133530972050672,Speaker_2,female
Speaker_2_female_additional,42.02245490662075,письмо,o,stressed,0.21460503271794096,567.9607937080208,1058.863591536294,2961.895226665232,s2,CS,uninflected,pis'mo,letter,non-high,back,0.15302696924370404,-0.6243802522871643,Speaker_2,female
Speaker_3_male_additional,50.92679706529433,письмо,i,unstressed,0.06284528303284276,301.56699708099495,1897.4538134100576,2443.4431838208056,s1,CS,uninflected,pis'mo,letter,high,front,-1.384489838199919,1.3558007551696567,Speaker_3,male
Speaker_3_male_additional,51.20998659029668,письмо,o,stressed,0.14932376850813966,546.7149656612747,713.2275936131194,2224.6740657647183,s2,CS,uninflected,pis'mo,letter,non-high,back,0.7040661602570487,-1.9417189907875945,Speaker_3,male
Speaker_4_female_additional,134.0198320238129,письмо,i,unstressed,0.07634405838817315,407.3098664126805,2478.0425544269606,3041.825696892234,s1,CS,uninflected,pis'mo,letter,high,front,-1.0698525690800549,1.5079569699592774,Speaker_4,female
Speaker_4_female_additional,134.39953670340478,письмо,o,stressed,0.1949639438877284,461.8700943258124,915.8616919316644,2753.2381259026274,s2,CS,uninflected,pis'mo,letter,non-high,back,-0.7899994614356617,-1.8986606391257157,Speaker_4,female
Speaker_1_male,172.57268726555225,письмолар,i,unstressed,0.04505550986843332,308.2055549591089,2033.1971821178795,2819.3057762369185,s1,CS,inflected,pis'molar,letter.Pl,high,front,-1.1228037056983526,1.4238044924169777,Speaker_1,male
Speaker_1_male,172.8361368440884,письмолар,o,stressed,0.06633172286186095,537.3770881705993,781.3664107416753,3403.69707882645,s2,CS,inflected,pis'molar,letter.Pl,non-high,back,0.4149936625184546,-1.719896579224709,Speaker_1,male
Speaker_3_male,80.2505276446388,письмолар,i,unstressed,0.04701545112011729,310.32090696878856,1888.5504863367248,2519.8489705084858,s1,CS,inflected,pis'molar,letter.Pl,high,front,-1.2559371771468675,1.4727678380178555,Speaker_3,male
Speaker_3_male,80.50623410298864,письмолар,o,stressed,0.101244136102423,581.872120694776,799.1620929003293,2134.5443140998464,s2,CS,inflected,pis'molar,letter.Pl,non-high,back,0.9290088887888048,-1.8440958278830317,Speaker_3,male
Speaker_1_male_additional,62.02529344822041,польза,o,stressed,0.1050520329734681,441.628923424233,857.3591465377642,2435.667623500756,s1,CS,uninflected,pol'za,benefit,non-high,back,0.0010488695759738478,-1.443439092004934,Speaker_1,male
Speaker_1_male_additional,62.292720891199295,польза,ə,unstressed,0.08596057059686046,392.2323605133585,1541.5777123899622,2715.0760390526575,s2,CS,uninflected,pol'za,benefit,non-high,central,-0.4174172751551192,0.12912070607803158,Speaker_1,male
Speaker_2_female_additional,139.2555960795707,польза,o,stressed,0.09463810524536598,453.6380172300278,874.6047151897214,2602.9842871645915,s1,CS,uninflected,pol'za,benefit,non-high,back,-0.6585981803446089,-0.9638924042808754,Speaker_2,female
Speaker_2_female_additional,139.54270602523653,польза,ə,unstressed,0.10767063564844648,547.1087114456625,1574.553676214157,1639.2375567937663,s2,CS,uninflected,pol'za,benefit,non-high,central,0.004989326117776077,0.32582119191076153,Speaker_2,female
Speaker_3_male_additional,192.92836512256756,польза,o,stressed,0.08021946414396552,422.74598838938505,1073.3888501441922,2177.315059169624,s1,CS,uninflected,pol'za,benefit,non-high,back,-0.3520965834248031,-0.9388372480208834,Speaker_3,male
Speaker_3_male_additional,193.15648121684487,польза,ə,unstressed,0.10530406045313612,440.2845665329847,1453.0402389181013,2378.204025388679,s2,CS,uninflected,pol'za,benefit,non-high,central,-0.20267538773487925,0.11831545653308732,Speaker_3,male
Speaker_4_female_additional,139.20285060772426,польза,o,stressed,0.1101356907894626,498.8411333379776,1031.0795752453762,2787.7340402511304,s1,CS,uninflected,pol'za,benefit,non-high,back,-0.6003657198598444,-1.6474072282043715,Speaker_4,female
Speaker_4_female_additional,139.57330702219792,польза,ə,unstressed,0.16019736842105203,809.9476470286128,1781.824858137148,2984.2491654311925,s2,CS,uninflected,pol'za,benefit,non-high,central,0.995377699748967,-0.0102715020942293,Speaker_4,female
Speaker_1_male,87.61905024623053,пользаны,o,stressed,0.10271448700375174,411.7049399089721,1049.590562637941,2473.588868337504,s1,CS,inflected,pol'zany,benefit.ACC,non-high,back,-0.4282973699525582,-1.0463098828140749,Speaker_1,male
Speaker_1_male,87.8396589405333,пользаны,a,unstressed,0.0947614317235974,593.9161260725037,1370.741768563286,2661.388573899804,s2,CS,inflected,pol'zany,benefit.ACC,non-high,central,0.7943845164724724,-0.2398083865162833,Speaker_1,male
Speaker_3_male,295.940103381518,пользаны,o,stressed,0.1113589297380031,401.9803867152244,1267.7659412166206,2162.627344694665,s1,CS,inflected,pol'zany,benefit.ACC,non-high,back,-0.51842981369324,-0.41733647598767337,Speaker_3,male
Speaker_3_male,296.1654617102457,пользаны,a,unstressed,0.11711235934382104,559.3559321119941,1217.115822677469,2182.3401327553775,s2,CS,inflected,pol'zany,benefit.ACC,non-high,central,0.7478399041660458,-0.571551023221964,Speaker_3,male
Speaker_1_male,486.9270427005166,пользы,o,stressed,0.09750813988949858,469.6900393208436,858.7505522284099,2529.5469616160904,s1,Rus,inflected,pol'zy,benefit.ACC,non-high,back,-0.039203087509213905,-1.5255631165215378,Speaker_1,male
Speaker_1_male,487.3000312501036,пользы,ɨ,unstressed,0.16779503025179565,335.0543554238523,1530.6505013807723,2485.4211002071866,s2,Rus,inflected,pol'zy,benefit.ACC,high,front,-0.942641649286407,0.1617676621141118,Speaker_1,male
Speaker_2_female,96.89566531110192,пользы,o,stressed,0.08959144486864545,501.7289476772693,1103.9744705774524,2641.7365367774573,s1,Rus,inflected,pol'zy,benefit.ACC,non-high,back,-0.371843761334525,-0.7651889983789254,Speaker_2,female
Speaker_2_female,97.200215836878,пользы,ɨ,unstressed,0.13572325014590092,370.7181866805368,2303.0656796546687,2604.1778930347973,s2,Rus,inflected,pol'zy,benefit.ACC,high,front,-1.1791680009321268,1.5671761464087752,Speaker_2,female
Speaker_3_male,140.5603910263429,пользы,o,stressed,0.07519613604176811,445.00738967580946,839.7693298966213,2270.405732150145,s1,Rus,inflected,pol'zy,benefit.ACC,non-high,back,-0.172227417622948,-1.7204588681199835,Speaker_3,male
Speaker_3_male,140.8425782324009,пользы,ɨ,unstressed,0.16742185800711695,344.7429853776875,1673.3916461075355,2267.1548772760643,s2,Rus,inflected,pol'zy,benefit.ACC,high,front,-0.9789714299904395,0.8176731593400263,Speaker_3,male
Speaker_4_female,517.0085433719823,пользы,o,stressed,0.10986832663604672,457.8538242397424,913.2052487521026,2864.952546692268,s1,Rus,inflected,pol'zy,benefit.ACC,non-high,back,-0.6613195510263555,-1.7552137394776897,Speaker_4,female
Speaker_4_female,517.3462207970905,пользы,ɨ,unstressed,0.13217735055854973,388.905877405224,1987.5862769564465,2857.7117571615777,s2,Rus,inflected,pol'zy,benefit.ACC,high,front,-0.9921005807485583,0.6068009293049299,Speaker_4,female
Speaker_1_male,198.70377243769693,помощи,o,stressed,0.07690782864523271,533.9423065985114,827.1526902953444,2865.300033739677,s1,Rus,inflected,pomoshi,help.ACC,non-high,back,0.3919454331509708,-1.6049142833820238,Speaker_1,male
Speaker_1_male,198.83973449190904,помощи,ə,unstressed,0.07141441231343038,413.4458097842237,1182.4698693436208,2170.589934700609,s2,Rus,inflected,pomoshi,help.ACC,non-high,central,-0.4166157048039499,-0.7126123667908716,Speaker_1,male
Speaker_1_male,199.1304351881363,помощи,i,unstressed,0.16115504307154538,288.43017352847943,2073.1112741365487,2410.221807171271,s3,Rus,inflected,pomoshi,help.ACC,high,front,-1.255501380201587,1.524040064765747,Speaker_1,male
Speaker_2_female,404.4808047118617,помощи,o,stressed,0.13229611685846976,584.9612929270653,905.9817393322492,3083.6249415549105,s1,Rus,inflected,pomoshi,help.ACC,non-high,back,0.14105677696852756,-1.1503067790630246,Speaker_2,female
Speaker_2_female,404.6738796084883,помощи,ə,unstressed,0.08313178060160453,693.4565078973338,873.7471417935587,2294.219091901172,s2,Rus,inflected,pomoshi,help.ACC,non-high,central,0.8096340469535098,-1.2130066397461492,Speaker_2,female
Speaker_2_female,404.9375149171984,помощи,i,unstressed,0.12438161133349011,367.1302282000464,2761.2695677141396,3328.9021748867003,s3,Rus,inflected,pomoshi,help.ACC,high,front,-1.2012779851038997,2.4584334332823508,Speaker_2,female
Speaker_3_male,459.315487283897,помощи,o,stressed,0.09340570913940384,444.04457117123457,664.3203059662648,2313.468804915583,s1,Rus,inflected,pomoshi,help.ACC,non-high,back,-0.17997441486488913,-2.2546489661590186,Speaker_3,male
Speaker_3_male,459.4467568793634,помощи,ə,unstressed,0.06736428392906646,369.070340090619,1274.6084108773598,2181.9113291026392,s2,Rus,inflected,pomoshi,help.ACC,non-high,central,-0.7832295025458539,-0.39650319087147745,Speaker_3,male
Speaker_3_male,459.67836261683584,помощи,i,unstressed,0.09587338181972882,523.1712801873108,1823.0422906774736,2249.931606684509,s3,Rus,inflected,pomoshi,help.ACC,high,front,0.45669219841553294,1.273314864854173,Speaker_3,male
Speaker_4_female,64.59319744994258,помощи,o,stressed,0.1524423032075077,510.3141218431172,947.3850088244446,2987.9464396017415,s1,Rus,inflected,pomoshi,help.ACC,non-high,back,-0.40963879681294774,-1.6800699194111024,Speaker_4,female
Speaker_4_female,64.77448018889207,помощи,ə,unstressed,0.08377459905997853,294.7070722636213,1297.5947156168295,2735.580489176484,s2,Rus,inflected,pomoshi,help.ACC,non-high,central,-1.4440237952008383,-0.9101377976793862,Speaker_4,female
Speaker_4_female,65.05494021553908,помощи,i,unstressed,0.12773540770140812,325.61528127590236,2441.462334260545,3084.170503881104,s3,Rus,inflected,pomoshi,help.ACC,high,front,-1.2957402033994811,1.6046423626679909,Speaker_4,female
Speaker_1_male_additional,21.899612120862905,помощь,o,stressed,0.11124128160418324,469.5246429357482,796.686410632832,2740.3066123793515,s1,CS,uninflected,pomosh',help,non-high,back,0.23736924311179813,-1.5828850382062998,Speaker_1,male
Speaker_1_male_additional,22.076435949084484,помощь,ə,unstressed,0.07969524652240167,435.5700892561894,1197.586721471997,2347.8935218262195,s2,CS,uninflected,pomosh',help,non-high,central,-0.05027893192391657,-0.6614839781818336,Speaker_1,male
Speaker_2_female_additional,54.80733703780974,помощь,o,stressed,0.09922677562572346,525.2597379007025,784.5317049373577,2772.11379421113,s1,CS,uninflected,pomosh',help,non-high,back,-0.15012566468366656,-1.129859342502142,Speaker_2,female
Speaker_2_female_additional,54.99517186880989,помощь,ə,unstressed,0.07969524652239812,504.3314038128275,1612.3180939296656,2766.0439382632403,s2,CS,uninflected,pomosh',help,non-high,central,-0.2987046513738254,0.39540524116582076,Speaker_2,female
Speaker_3_male_additional,71.00830199359419,помощь,o,stressed,0.08444839149372285,470.29028783482767,673.136110192284,2253.177039020091,s1,CS,uninflected,pomosh',help,non-high,back,0.0529605433965255,-2.05335514274477,Speaker_3,male
Speaker_3_male_additional,71.1522072112069,помощь,ə,unstressed,0.07416112047933154,443.00155949757783,1059.022889238253,2159.501605999656,s2,CS,uninflected,pomosh',help,non-high,central,-0.17952776800615158,-0.9788397736912811,Speaker_3,male
Speaker_4_female_additional,343.4377577237647,помощь,o,stressed,0.1351665296052715,637.3470096253816,868.1988083410592,3019.6180923032257,s1,CS,uninflected,pomosh',help,non-high,back,0.11006569490172333,-2.0025981680237264,Speaker_4,female
Speaker_4_female_additional,343.638004434291,помощь,ə,unstressed,0.05506784539477394,425.6465963477229,1983.4175675608665,2768.372989055239,s2,CS,uninflected,pomosh',help,non-high,central,-0.9757988773592677,0.42933782245545044,Speaker_4,female
Speaker_1_male,33.26297990084734,помощьты,o,stressed,0.07579041515915463,480.091965384816,819.3316192690314,2832.5341073580394,s1,CS,inflected,pomoshty,help.ACC,non-high,back,0.030596395443150078,-1.6245552044465987,Speaker_1,male
Speaker_1_male,33.3926457982416,помощьты,ə,unstressed,0.0703575288579188,426.8287715412294,1040.7562060775335,2444.1826787884797,s2,CS,inflected,pomoshty,help.ACC,non-high,central,-0.3268127389623019,-1.0684954504013662,Speaker_1,male
Speaker_3_male,108.55792493866758,помощьты,o,stressed,0.0965423088971562,472.8653154739441,731.9957170877933,2409.3230969338856,s1,CS,inflected,pomoshty,help.ACC,non-high,back,0.051922069844200586,-2.0485974664585047,Speaker_3,male
Speaker_3_male,108.6981857918739,помощьты,ə,unstressed,0.04238521452597865,479.0471985160705,1395.9616108968405,2339.6928481501523,s2,CS,inflected,pomoshty,help.ACC,non-high,central,0.10166252523615489,-0.027018788145537032,Speaker_3,male
Speaker_1_male_additional,252.9244562946993,правда,a,stressed,0.15381565729046542,626.2777069036603,1174.5706853245258,2314.674718377444,s1,CS,uninflected,pravda,truth,non-high,central,1.5653128587798,-0.7143824158494193,Speaker_1,male
Speaker_1_male_additional,253.15712296159373,правда,ə,unstressed,0.09806233090972682,360.9858223534944,1498.4086411112407,2645.660933431892,s2,CS,uninflected,pravda,truth,non-high,central,-0.6821243233670253,0.029903950787354663,Speaker_1,male
Speaker_2_female_additional,203.2531059988653,правда,a,stressed,0.11941738804543434,808.4258855740829,1353.931722458422,1515.7270064324948,s1,CS,uninflected,pravda,truth,non-high,central,1.86018911286195,-0.08069292443378799,Speaker_2,female
Speaker_2_female_additional,203.57636913872415,правда,ə,unstressed,0.13766961348684958,645.2646430609955,1126.118851060962,1622.7369151727703,s2,CS,uninflected,pravda,truth,non-high,central,0.7018392901808027,-0.5004568986509079,Speaker_2,female
Speaker_3_male_additional,253.3511298247776,правда,a,stressed,0.1144814851394358,689.1850140531076,1120.2938709302396,2346.205525283672,s1,CS,uninflected,pravda,truth,non-high,central,1.9178501287412693,-0.8082285605582398,Speaker_3,male
Speaker_3_male_additional,253.56717115931664,правда,ə,unstressed,0.08603424945022198,466.064599804508,1286.0277657470497,2547.1718716658775,s2,CS,uninflected,pravda,truth,non-high,central,0.016959486017003516,-0.34673667531139485,Speaker_3,male
Speaker_4_female_additional,28.140629815524456,правда,a,stressed,0.11054866912925476,868.4978143185118,1387.3178772650149,2872.887653568907,s1,CS,uninflected,pravda,truth,non-high,central,1.2956962082285401,-0.8705652492595082,Speaker_4,female
Speaker_4_female_additional,28.3738358983118,правда,ə,unstressed,0.12139956825657804,746.1652310903108,1711.6108646163957,3068.6541560191677,s2,CS,uninflected,pravda,truth,non-high,central,0.6682216742679059,-0.16338580049237333,Speaker_4,female
Speaker_1_male,420.9314763413622,правдаға,a,stressed,0.07553447456228923,656.3448995269445,1197.6897129652484,2333.227032861638,s1,CS,inflected,pravdaǵa,truth.DAT,non-high,central,1.213296944966138,-0.6743910354435607,Speaker_1,male
Speaker_1_male,421.1436595471781,правдаға,a,unstressed,0.08240124497706347,626.7061313551137,1337.5352307756937,2603.61517149827,s2,CS,inflected,pravdaǵa,truth.DAT,non-high,central,1.0144135188568077,-0.3231993933642788,Speaker_1,male
Speaker_3_male,397.9543266066685,правдаға,a,stressed,0.09193037141852756,619.8801264557834,1164.2176397469966,2244.0015582202013,s1,CS,inflected,pravdaǵa,truth.DAT,non-high,central,1.2348276016647184,-0.7326102579369577,Speaker_3,male
Speaker_3_male,398.1501505587837,правдаға,a,unstressed,0.100057406375754,590.2465035871983,1232.18515161099,2436.8035563067424,s2,CS,inflected,pravdaǵa,truth.DAT,non-high,central,0.9963905613078625,-0.5256693983485452,Speaker_3,male
Speaker_1_male,441.60259398839537,правде,a,stressed,0.10025484805538554,630.5448132526504,1342.6304045799902,2994.298707066379,s1,Rus,inflected,pravde,truth.DAT,non-high,central,1.0401720187748835,-0.3104039710795568,Speaker_1,male
Speaker_1_male,441.9271776971802,правде,ɪ,unstressed,0.16162671812207918,344.3140838073992,1884.9411169933423,2541.8813327218186,s2,Rus,inflected,pravde,truth.DAT,NA,NA,-0.8805065937711136,1.0514915876167479,Speaker_1,male
Speaker_2_female,236.23893362852357,правде,a,stressed,0.15546210445185693,879.0044028412956,1495.1750088098663,2257.365686110123,s1,Rus,inflected,pravde,truth.DAT,non-high,central,1.9530310630070669,-0.004260644398544855,Speaker_2,female
Speaker_2_female,236.59847602456776,правде,ɪ,unstressed,0.16503310916385772,433.01682708402774,1430.470777411791,2395.138858962333,s2,Rus,inflected,pravde,truth.DAT,NA,NA,-0.79526669306195,-0.1301175374277978,Speaker_2,female
Speaker_3_male,237.41695860717027,правде,a,stressed,0.10178565649064808,641.6811519464472,1176.732949318371,2246.2314692428668,s1,Rus,inflected,pravde,truth.DAT,non-high,central,1.4102422655345515,-0.6945048624371503,Speaker_3,male
Speaker_3_male,237.68306116879543,правде,ɪ,unstressed,0.15854621699591576,350.1765911207605,1593.3074675308626,2371.6549051561956,s2,Rus,inflected,pravde,truth.DAT,NA,NA,-0.9352517377479566,0.5738406531972174,Speaker_3,male
Speaker_4_female,468.8908349457987,правде,a,stressed,0.16666139182655115,964.2559491736984,1502.5477409252203,2752.6077312104685,s1,Rus,inflected,pravde,truth.DAT,non-high,central,1.7681685487600107,-0.4595508648489603,Speaker_4,female
Speaker_4_female,469.20737189996765,правде,ɪ,unstressed,0.1589458264802488,582.5803883959221,2033.2666509027545,2881.513345942069,s2,Rus,inflected,pravde,truth.DAT,NA,NA,-0.062937971596374,0.707228720287975,Speaker_4,female
Speaker_1_male_additional,14.26825537834652,река,e,unstressed,0.07993592478361755,341.76216823033036,2079.495341366224,2540.8916835924356,s1,CS,uninflected,reka,river,non-high,front,-0.8449787398388543,1.3654327271565516,Speaker_1,male
Speaker_1_male_additional,14.480148921638657,река,a,stressed,0.0990044181290397,559.2242900326487,1333.1553190374518,2481.713167251299,s2,CS,uninflected,reka,river,non-high,central,0.9972655454538393,-0.3499026545321405,Speaker_1,male
Speaker_2_female_additional,105.57698428605428,река,e,unstressed,0.08799683470182629,382.3558873278887,725.5687358445582,2666.7457599066765,s1,CS,uninflected,reka,river,non-high,front,-1.1646597992726107,-1.2385034682102678,Speaker_2,female
Speaker_2_female_additional,105.84774851922228,река,a,stressed,0.14803318663166465,786.9651552613741,1315.1546469587995,1682.6181338644665,s2,CS,uninflected,reka,river,non-high,central,1.7078304229583707,-0.15214287904078796,Speaker_2,female
Speaker_3_male_additional,130.14519656979869,река,e,unstressed,0.08260176809210407,375.11920693542373,1879.957076577951,2441.733782855589,s1,CS,uninflected,reka,river,non-high,front,-0.7578564217336229,1.307080473327238,Speaker_3,male
Speaker_3_male_additional,130.4418120097658,река,a,stressed,0.2478053042763122,606.5069615592815,1399.0586847887876,2263.153184413547,s2,CS,uninflected,reka,river,non-high,central,1.2134684303052372,-0.03199808802717009,Speaker_3,male
Speaker_4_female_additional,14.852654677856853,река,e,unstressed,0.09201472355769091,528.3394432159487,2250.1867305677397,2964.0303434285197,s1,CS,uninflected,reka,river,non-high,front,-0.44906148222449194,1.0110761794395897,Speaker_4,female
Speaker_4_female_additional,15.16441690628672,река,a,stressed,0.248598792214219,887.7346851767093,1605.7941800480678,2768.996418024236,s2,CS,uninflected,reka,river,non-high,central,1.3943669487465555,-0.3941381990396597,Speaker_4,female
Speaker_1_male,23.88901226035396,рекалар,e,unstressed,0.06423948287027414,397.1935934178603,1934.1749754037392,2428.3248916812972,s1,CS,inflected,rekalar,river.Pl,non-high,front,-0.5256720749632372,1.1751317289081027,Speaker_1,male
Speaker_1_male,24.056493769265742,рекалар,a,stressed,0.05659192538571744,630.3856567138489,1133.812081947529,2475.195561964943,s2,CS,inflected,rekalar,river.Pl,non-high,central,1.0391040392441202,-0.8348058308584182,Speaker_1,male
Speaker_3_male,186.72191732537289,рекалар,e,unstressed,0.07847100107468918,365.92666961890944,1738.8406152074756,2196.7265535397864,s1,CS,inflected,rekalar,river.Pl,non-high,front,-0.8085239961167462,1.0169458052450204,Speaker_3,male
Speaker_3_male,186.90069250197556,рекалар,a,stressed,0.08113587904597352,545.9403215060547,1053.8293748117453,2369.5902855956374,s2,CS,inflected,rekalar,river.Pl,non-high,central,0.6398956780535078,-1.068709694383683,Speaker_3,male
Speaker_1_male,308.631277386119,реки,e,stressed,0.12360186746553836,406.4215751094463,1923.5963761364187,2609.398551404107,s1,Rus,inflected,reki,river.Pl,non-high,front,-0.46375004756126553,1.1485658746300653,Speaker_1,male
Speaker_1_male,308.9195610784406,реки,i,unstressed,0.11237370460605688,323.6370388777023,2327.737887618069,2642.9398904502423,s2,Rus,inflected,reki,river.Pl,high,front,-1.0192546521787198,2.1634794969745834,Speaker_1,male
Speaker_2_female,166.09507621185426,реки,e,stressed,0.19567977583795937,420.0346891956485,2198.4954108066136,2758.0496128624845,s1,Rus,inflected,reki,river.Pl,non-high,front,-0.8752661871443358,1.3637753972447664,Speaker_2,female
Speaker_2_female,166.4100420007634,реки,i,unstressed,0.13203945168447717,421.1401973336471,1049.4653645158726,2624.177261535189,s2,Rus,inflected,reki,river.Pl,high,front,-0.8684537428070274,-0.8712152439965577,Speaker_2,female
Speaker_3_male,207.17633821744488,реки,e,stressed,0.10682263746645047,356.2247259489242,1949.7477047990776,2581.283350552572,s1,Rus,inflected,reki,river.Pl,non-high,front,-0.8865874426497239,1.6590951677332775,Speaker_3,male
Speaker_3_male,207.43157673877224,реки,i,unstressed,0.12001877131709192,329.9175277230715,2036.8423166276416,2425.981576879423,s2,Rus,inflected,reki,river.Pl,high,front,-1.0982595190904043,1.9242723581737333,Speaker_3,male
Speaker_4_female,13.59646260758968,реки,e,stressed,0.09899583166654048,399.139683936532,2392.799582369926,2978.995595069014,s1,Rus,inflected,reki,river.Pl,non-high,front,-0.9430034108135559,1.4976578471455246,Speaker_4,female
Speaker_4_female,13.897424926142984,реки,i,unstressed,0.19552616624731556,343.30979542479855,2450.136963145477,3323.697350366294,s2,Rus,inflected,reki,river.Pl,high,front,-1.2108499364760332,1.623713437207253,Speaker_4,female
Speaker_1_male,343.20865192951976,селa,o,stressed,0.13126838738111246,524.6197493299126,1076.7796498164582,2411.438070932961,s1,Rus,inflected,sela,village.Pl,non-high,back,0.3293887803599294,-0.9780303961178841,Speaker_1,male
Speaker_1_male,343.4380020613726,селa,a,unstressed,0.1834558425333057,550.997376813312,1283.1666775638232,2473.6632984245625,s2,Rus,inflected,sela,village.Pl,non-high,central,0.5063891501499292,-0.4597342053403939,Speaker_1,male
Speaker_2_female,393.0015921071588,селa,e,unstressed,0.11348345770272772,518.4314170428971,2058.7978605947997,2863.4310448076553,s1,Rus,inflected,sela,village.Pl,non-high,front,-0.2689185643704065,1.0920481971287637,Speaker_2,female
Speaker_2_female,393.3204475636712,селa,a,stressed,0.3474552400796824,795.3951604739975,1407.035665236913,2518.780721842928,s2,Rus,inflected,sela,village.Pl,non-high,central,1.4378079813001068,-0.17570142494786342,Speaker_2,female
Speaker_3_male,447.0627525933549,селa,e,unstressed,0.05880331866097776,462.2764157692223,1319.7041138000216,2186.1610952699607,s1,Rus,inflected,sela,village.Pl,non-high,front,-0.033277971926797496,-0.25920018726538085,Speaker_3,male
Speaker_3_male,447.2324261845056,селa,a,stressed,0.12964893399765742,609.548998606316,1138.0165151026752,2320.9837094366458,s2,Rus,inflected,sela,village.Pl,non-high,central,1.1517016349579379,-0.8123848900719237,Speaker_3,male
Speaker_1_male_additional,82.54324331882013,село,e,unstressed,0.0953405809221124,380.1858877827587,1558.9546092462483,2511.0544326450654,s1,CS,uninflected,selo,village,non-high,front,-0.5194697400255562,0.16905854286793917,Speaker_1,male
Speaker_1_male_additional,82.74884551078868,село,o,stressed,0.13062995558752277,420.9477568837365,929.8602631679612,2602.155797649707,s2,CS,uninflected,selo,village,non-high,back,-0.17415295663930777,-1.2768076279978604,Speaker_1,male
Speaker_2_female_additional,222.1311719083668,село,e,unstressed,0.0788471422697512,500.84959971108873,1967.261826849851,2787.564239516375,s1,CS,uninflected,selo,village,non-high,front,-0.3234234332471375,1.0494182960036795,Speaker_2,female
Speaker_2_female_additional,222.34615454122593,село,o,stressed,0.13835599351432393,507.69613381101806,912.4287394368876,2988.409508955278,s2,CS,uninflected,selo,village,non-high,back,-0.2748170274703647,-0.8941985250830902,Speaker_2,female
Speaker_3_male_additional,249.81988441798543,село,e,unstressed,0.06000614456962694,420.4107603006251,1163.6586597561718,2264.2609152419805,s1,CS,uninflected,selo,village,non-high,front,-0.3719917294494279,-0.6874777740596113,Speaker_3,male
Speaker_3_male_additional,250.011057940429,село,o,stressed,0.1544985430751069,438.28320314423246,883.7726334392827,2519.1161760989876,s2,CS,uninflected,selo,village,non-high,back,-0.21972614909699836,-1.4668303022916829,Speaker_3,male
Speaker_4_female_additional,84.92522226132144,село,e,unstressed,0.10302581118541808,493.9115834694913,2182.570294834372,2899.8786602647447,s1,CS,uninflected,selo,village,non-high,front,-0.6256506188192176,0.863626325096269,Speaker_4,female
Speaker_4_female_additional,85.19449629660065,село,o,stressed,0.19522620674140967,508.36420779756344,1086.662408279833,2923.931794915946,s2,CS,uninflected,selo,village,non-high,back,-0.5515194799561691,-1.5261988186508446,Speaker_4,female
Speaker_1_male,113.41850774792552,селоның,e,unstressed,0.08135022615131504,393.39687697903,1397.9785085047629,2348.4599687258587,s1,CS,inflected,selonyń,village.GEN,non-high,front,-0.5511489763291263,-0.17140923025659546,Speaker_1,male
Speaker_1_male,113.5755762614946,селоның,o,stressed,0.10262643914474268,562.7009336350802,864.963471704997,2537.4193629880783,s2,CS,inflected,selonyń,village.GEN,non-high,back,0.584922895711957,-1.5099607187668491,Speaker_1,male
Speaker_3_male,394.1834364394229,селоның,e,unstressed,0.09366533380438112,448.7451836576632,1050.0027724491936,2213.850087092374,s1,CS,inflected,selonyń,village.GEN,non-high,front,-0.1421525078338494,-1.080360560517993,Speaker_3,male
Speaker_3_male,394.340323466201,селоның,o,stressed,0.08758028773775095,528.2034196961251,831.858546466941,2457.0714325067643,s2,CS,inflected,selonyń,village.GEN,non-high,back,0.49718162680791705,-1.7445448509382404,Speaker_3,male
Speaker_1_male_additional,78.60449027525615,сила,i,stressed,0.10213449613355864,291.5665133533513,2026.098195648471,2530.8868198366745,s1,CS,uninflected,sila,strength,high,front,-1.270214443313229,1.242708485402704,Speaker_1,male
Speaker_1_male_additional,78.80251419371008,сила,a,unstressed,0.09173257973404247,456.2321031531486,1113.3778872097016,2580.2891795525284,s2,CS,uninflected,sila,strength,non-high,central,0.12476064144561677,-0.8550236364332623,Speaker_1,male
Speaker_2_female_additional,181.48460317762544,сила,i,stressed,0.06395757100133892,380.2294792585975,1345.7783011669062,2647.567745369479,s1,CS,uninflected,sila,strength,high,front,-1.1797560584826594,-0.09571627453599517,Speaker_2,female
Speaker_2_female_additional,181.7126897100523,сила,a,unstressed,0.11361782730173786,542.1916038306982,1183.1712814108564,2978.4928447781576,s2,CS,uninflected,sila,strength,non-high,central,-0.02991927500691266,-0.3953330978950033,Speaker_2,female
Speaker_3_male_additional,226.65261341635335,сила,i,stressed,0.08135022615132925,300.0142307836551,1846.776927847763,2527.431881248881,s1,CS,uninflected,sila,strength,high,front,-1.3977187439228274,1.2146891769832386,Speaker_3,male
Speaker_3_male_additional,226.8797682786066,сила,a,unstressed,0.19023437500001705,518.6528159110779,1247.3983492906216,2478.2576367778524,s2,CS,uninflected,sila,strength,non-high,central,0.4649886287164269,-0.45430165015354956,Speaker_3,male
Speaker_4_female_additional,119.43268166530508,сила,i,stressed,0.11138723273026584,404.24354823278094,2586.812214869885,3089.5112459887937,s1,CS,uninflected,sila,strength,high,front,-1.0855804848988384,1.7451488659137557,Speaker_4,female
Speaker_4_female_additional,119.6554561307656,сила,a,unstressed,0.1489334909539366,830.3292103974526,1659.514468500057,2922.8634955729317,s2,CS,uninflected,sila,strength,non-high,central,1.0999198555570828,-0.27699140445317627,Speaker_4,female
Speaker_1_male,108.91476254798664,силаны,i,stressed,0.08260176809210407,365.98136577504533,1621.5681838402863,2483.774649533872,s1,CS,inflected,silany,strength.ACC,high,front,-0.7351138012225359,0.3900876733444939,Speaker_1,male
Speaker_1_male,109.07245683252611,силаны,a,unstressed,0.10262643914472848,639.4537462354232,1089.181269883043,2655.864951629284,s2,CS,inflected,silany,strength.ACC,non-high,central,1.09995315084893,-0.946886421081582,Speaker_1,male
Speaker_3_male,344.6769752635666,силаны,i,stressed,0.0737777223790772,346.2576879883591,1749.0949678746042,2277.2065995471007,s1,CS,inflected,silany,strength.ACC,high,front,-0.9667838817749894,1.0481672593965956,Speaker_3,male
Speaker_3_male,344.8456150848745,силаны,a,unstressed,0.09085248508199584,656.5207836226713,1066.9159261668322,2520.658352084088,s2,CS,inflected,silany,strength.ACC,non-high,central,1.529644401161232,-1.0288650375439754,Speaker_3,male
Speaker_1_male,433.2594821493565,силы,i,unstressed,0.07588339506924058,356.335887509795,1928.087160435928,2458.929630935662,s1,Rus,inflected,sily,strength.GEN,high,front,-0.7998373333455505,1.1598435039532033,Speaker_1,male
Speaker_1_male,433.48303761589295,силы,ɨ,stressed,0.1906426400682335,353.91904762635073,1819.7886496760748,2426.345675399536,s2,Rus,inflected,sily,strength.GEN,high,front,-0.8160549235500552,0.8878753177432852,Speaker_1,male
Speaker_2_female,149.19087292462947,силы,i,stressed,0.11666745545687718,438.4314974333811,2575.926646799857,3099.2978192750033,s1,Rus,inflected,sily,strength.GEN,high,front,-0.7619000093696662,2.097920934065305,Speaker_2,female
Speaker_2_female,149.4005957696419,силы,ɨ,unstressed,0.15424131957820464,474.16824838081817,910.5628061852592,2316.088306892409,s2,Rus,inflected,sily,strength.GEN,high,front,-0.5416803490545253,-1.1413960968955474,Speaker_2,female
Speaker_3_male,189.5094918298745,силы,i,stressed,0.09821993417941144,362.2028598352107,1630.4957099925018,2087.87496425255,s1,Rus,inflected,sily,strength.GEN,high,front,-0.838486386730089,0.6870677914363449,Speaker_3,male
Speaker_3_male,189.69413127477912,силы,ɨ,unstressed,0.13019550032836946,388.86652505078985,1381.3457815418806,2251.3910714321955,s2,Rus,inflected,sily,strength.GEN,high,front,-0.6239461178178968,-0.07151964167634407,Speaker_3,male
Speaker_4_female,562.9379972740336,силы,i,stressed,0.13458870012914304,463.6790042469169,2371.7817378014656,2921.440200279494,s1,Rus,inflected,sily,strength.GEN,high,front,-0.6333729749562221,1.4514503510397252,Speaker_4,female
Speaker_4_female,563.1529271880154,силы,ɨ,unstressed,0.11948180521676476,482.0023684685017,2111.4576185402907,2883.918840927687,s2,Rus,inflected,sily,strength.GEN,high,front,-0.5454657701233095,0.8791306877257699,Speaker_4,female
Speaker_1_male,391.0184866510159,списка,i,stressed,0.07416112047934575,327.0004579616526,2074.0071464648927,2657.708103360139,s1,Rus,inflected,spiska,list.GEN,high,front,-0.9966852826631101,1.5262898535255913,Speaker_1,male
Speaker_1_male,391.316209525119,списка,a,unstressed,0.13125206816886248,424.5770685552544,1361.8552179748092,2546.125470335137,s2,Rus,inflected,spiska,list.GEN,non-high,central,-0.34192221995810584,-0.26212502806798493,Speaker_1,male
Speaker_2_female,356.8370936241996,списка,i,stressed,0.12478781592182032,309.8936875364738,1569.8951812088465,2700.01456942562,s1,Rus,inflected,spiska,list.GEN,high,front,-1.5539852460713286,0.14107836267334065,Speaker_2,female
Speaker_2_female,357.2211896253814,списка,a,unstressed,0.1849489266036244,644.1545912726982,1545.7955346898118,1614.3111444400902,s2,Rus,inflected,spiska,list.GEN,non-high,central,0.5058221154230836,0.09420188228786812,Speaker_2,female
Speaker_3_male,386.45655258160025,списка,i,stressed,0.0736043171633014,311.110845901663,1762.6090764554654,2317.303843150007,s1,Rus,inflected,spiska,list.GEN,high,front,-1.2495811975876854,1.0893137008301255,Speaker_3,male
Speaker_3_male,386.7185007954921,списка,a,unstressed,0.13749036452821883,503.3344714727071,1430.9458683376793,2259.065972297349,s2,Rus,inflected,spiska,list.GEN,non-high,central,0.2970819482274154,0.07949787118659282,Speaker_3,male
Speaker_4_female,91.06390752154972,списка,i,stressed,0.09613478580654088,397.4236435720678,2382.742186981236,3210.4532705653255,s1,Rus,inflected,spiska,list.GEN,high,front,-0.9512361954701417,1.4755467759201357,Speaker_4,female
Speaker_4_female,91.37085215908918,списка,a,unstressed,0.12497522154851026,666.0673140240946,1790.663073471322,3061.372464125469,s2,Rus,inflected,spiska,list.GEN,non-high,central,0.33759449522107304,0.17386746990372617,Speaker_4,female
Speaker_1_male_additional,148.2021687488262,список,i,stressed,0.08535335509708375,268.45720725449826,2023.9167373945893,2625.6830065614436,s1,CS,uninflected,spisok,list,high,front,-1.4659864092300894,1.2376947752778145,Speaker_1,male
Speaker_1_male_additional,148.382804793304,список,ə,unstressed,0.02822539980999749,368.5226066207364,1474.6038252809908,2421.668159996727,s2,CS,uninflected,spisok,list,non-high,central,-0.6182759729934738,-0.024807362590696033,Speaker_1,male
Speaker_2_female_additional,232.6584543758578,список,i,stressed,0.07696982935857477,370.4380900657002,886.1225429675314,2762.5165823853513,s1,CS,uninflected,spisok,list,high,front,-1.2492692208041891,-0.9426698581942378,Speaker_2,female
Speaker_2_female_additional,232.8452470105206,список,ə,unstressed,0.04755859375001137,571.370561822207,1322.3078909944006,1562.2996404798964,s2,CS,uninflected,spisok,list,non-high,central,0.1772343375476973,-0.1389624378896375,Speaker_2,female
Speaker_3_male_additional,269.0307802131024,список,i,stressed,0.06132555509867643,295.2014544421587,1822.9181652720663,2436.2922534216164,s1,CS,uninflected,spisok,list,high,front,-1.4387215429893525,1.1482536096969842,Speaker_3,male
Speaker_3_male_additional,269.2135053364576,список,ə,dv,0.03128854851973983,502.8004348380507,1447.238680830761,2220.432263569424,s2,CS,uninflected,spisok,list,non-high,central,0.32993311195388636,0.1021608130785598,Speaker_3,male
Speaker_4_female_additional,79.94127745122341,список,i,stressed,0.09428410494210482,405.00984178770955,2386.9720766501205,2968.6309138145944,s1,CS,uninflected,spisok,list,high,front,-1.0816499728588946,1.3093613395104369,Speaker_4,female
Speaker_4_female_additional,80.12984374300368,список,ə,unstressed,0.02753392269737276,444.80894539143827,1661.2687220294856,2781.272058702099,s2,CS,uninflected,spisok,list,non-high,central,-0.8775103779382527,-0.2731659376921733,Speaker_4,female
Speaker_1_male,234.8822805411517,списоктың,i,stressed,0.05218745515213641,299.9197604735584,2102.2645193147628,2663.1833478550548,s1,CS,inflected,spisoktyń,list.GEN,high,front,-1.1784034251526272,1.5972521076426207,Speaker_1,male
Speaker_1_male,235.0601298948938,списоктың,ə,unstressed,0.02884043574195516,376.2782537691547,1603.4441046750278,2446.1559606373803,s2,CS,inflected,spisoktyń,list.GEN,non-high,central,-0.6660191495602297,0.34457298525953456,Speaker_1,male
Speaker_3_male,417.76243319434593,списоктың,i,stressed,0.04906109256211266,286.00648049426934,1789.5791782862195,2400.7373574453723,s1,CS,inflected,spisoktyń,list.GEN,high,front,-1.4515750818427757,1.1714296397983135,Speaker_3,male
Speaker_3_male,417.9457799545029,списоктың,ə,unstressed,0.0500359264610779,439.0583462986302,1430.301660685097,2199.401592786963,s2,CS,inflected,spisoktyń,list.GEN,non-high,central,-0.220094406485552,0.07753645047656924,Speaker_3,male
Speaker_1_male_additional,217.22028960591388,стена,e,unstressed,0.0826144671217719,448.132636401707,1791.5889389597698,2538.3051846852372,s1,CS,uninflected,stena,wall,non-high,front,0.05614549038806618,0.703728914031891,Speaker_1,male
Speaker_1_male_additional,217.44503937169907,стена,a,stressed,0.1866586125359788,571.3152216075977,1262.5033160839018,2577.9288453963304,s2,CS,uninflected,stena,wall,non-high,central,1.0996946462701327,-0.5122842458010216,Speaker_1,male
Speaker_2_female_additional,98.64699331686369,стена,e,unstressed,0.07157306795332374,562.1345735832097,1192.5372793620652,2480.1528431375027,s1,CS,uninflected,stena,wall,non-high,front,0.11166419862166142,-0.378075475450793,Speaker_2,female
Speaker_2_female_additional,98.86924705587596,стена,a,stressed,0.17517142212635406,632.7187992515508,912.4015704707203,1515.1673714545775,s2,CS,uninflected,stena,wall,non-high,central,0.6127711038381425,-0.8942485861404122,Speaker_2,female
Speaker_3_male_additional,118.26726372539608,стена,e,unstressed,0.06007401315790162,401.310983111045,1579.3877859044103,2112.0844022396086,s1,CS,uninflected,stena,wall,non-high,front,-0.5347136742793553,0.47013466478542326,Speaker_3,male
Speaker_3_male_additional,118.44873730681056,стена,a,stressed,0.15769428453947398,600.0432853907321,1266.3208611538428,2156.4214615874907,s2,CS,uninflected,stena,wall,non-high,central,1.1584006697519351,-0.401611247366503,Speaker_3,male
Speaker_4_female_additional,124.56861012781904,стена,e,unstressed,0.10638106496710976,576.4259519902085,2098.934009477651,3012.0380644639445,s1,CS,uninflected,stena,wall,non-high,front,-0.20241370542869425,0.6812422943512246,Speaker_4,female
Speaker_4_female_additional,124.80327424171703,стена,a,stressed,0.21526521381579755,905.0113577467158,1646.848661276316,3035.857058619676,s2,CS,uninflected,stena,wall,non-high,central,1.4829833400887786,-0.30461148542942873,Speaker_4,female
Speaker_1_male,368.3697688078225,стеналар,ɛ,unstressed,0.06317428781574108,465.3710749158829,1707.241587222621,2650.593331384714,s1,CS,inflected,stenalar,wall.Pl,NA,NA,-0.06818440121034168,0.6052378167845259,Speaker_1,male
Speaker_1_male,368.5179295842864,стеналар,ʌ,stressed,0.08482502415336057,638.7886897342197,1021.7162836280406,2068.675604388532,s2,CS,inflected,stenalar,wall.Pl,non-high,back,1.0954904581098523,-1.116310079963989,Speaker_1,male
Speaker_4_female,194.10851236972724,стеналар,ɛ,unstressed,0.08385331003287888,664.7778702474463,2074.199740656162,2993.871383896442,s1,CS,inflected,stenalar,wall.Pl,NA,NA,0.33140832783261864,0.797219660092391,Speaker_4,female
Speaker_4_female,194.25306546388845,стеналар,ʌ,stressed,0.08760793585528859,757.7217196650581,1529.7781534752044,3302.5485309718483,s2,CS,inflected,stenalar,wall.Pl,non-high,back,0.7773108329571242,-0.3996851075509531,Speaker_4,female
Speaker_1_male,99.83719990985698,стены,ɛ,stressed,0.09593178158195316,444.71120999874546,1831.1207110757896,2452.7448768566633,s1,Rus,inflected,steny,wall.Pl,NA,NA,-0.20681717750707831,0.9163333285070154,Speaker_1,male
Speaker_1_male,100.07618519999426,стены,ɨ,unstressed,0.16779556175231392,484.79752652819315,1798.2637062927165,2872.853023513033,s2,Rus,inflected,steny,wall.Pl,high,front,0.062171868368885434,0.8338200978776646,Speaker_1,male
Speaker_2_female,396.5950963667109,стены,ɛ,stressed,0.17523915441853433,459.8813037515608,1866.096879916637,2323.999687617393,s1,Rus,inflected,steny,wall.Pl,NA,NA,-0.6297204201237708,0.717223457110832,Speaker_2,female
Speaker_2_female,396.88356384357553,стены,ɨ,unstressed,0.21626468866719503,557.303236532187,2598.6330977657135,3301.859272502529,s2,Rus,inflected,steny,wall.Pl,high,front,-0.029379751892636648,2.142087494868758,Speaker_2,female
Speaker_3_male,443.9162345200933,стены,ɛ,stressed,0.09469783983206526,441.4365710292067,1725.388250406863,2404.6069305695514,s1,Rus,inflected,steny,wall.Pl,NA,NA,-0.20095881619418499,0.9759873552592938,Speaker_3,male
Speaker_3_male,444.0935158349444,стены,ɨ,unstressed,0.13130063272922143,367.8006419214208,1519.3951110897194,2035.9921268488845,s2,Rus,inflected,steny,wall.Pl,high,front,-0.7934457044241294,0.3487995099118435,Speaker_3,male
Speaker_4_female,270.71300704184046,стены,ɛ,stressed,0.09636872944076912,550.082789136903,2026.0026567973755,2464.2864356704463,s1,Rus,inflected,steny,wall.Pl,NA,NA,-0.21884673813583125,0.691258910527343,Speaker_4,female
Speaker_4_female,270.9876462499868,стены,ɨ,unstressed,0.227632137509886,428.4700482348876,2525.352747723361,3028.825019321513,s2,Rus,inflected,steny,wall.Pl,high,front,-0.8022896035116075,1.7890744979790427,Speaker_4,female
Speaker_2_female,293.29963907222236,странаның,a,unstressed,0.12088297263375124,817.7903397381259,1438.7084311924766,1795.488206387496,s1,CS,inflected,strananyń,country.GEN,non-high,central,1.5758132179120472,-0.11409438889042706,Speaker_2,female
Speaker_2_female,293.54326252061924,странаның,a,stressed,0.15549639535277038,850.8419922220725,1455.3015029559228,1886.3798704288408,s2,CS,inflected,strananyń,country.GEN,non-high,central,1.779486565093901,-0.08181902740578556,Speaker_2,female
Speaker_4_female,218.35111078221945,странаның,a,unstressed,0.10102226780543332,758.1853826931415,1598.81000208463,3145.5383667314773,s1,CS,inflected,strananyń,country.GEN,non-high,central,0.7795352782222115,-0.24791936081102453,Speaker_4,female
Speaker_4_female,218.52176994243797,странаның,a,stressed,0.1101356907894626,715.2934549502445,1297.3569607583115,1625.0347070610642,s2,CS,inflected,strananyń,country.GEN,non-high,central,0.5737592301026361,-0.9106604990754936,Speaker_4,female
Speaker_1_male,357.76917392147317,страны,a,stressed,0.13184199196325608,758.3012683177787,1234.578394119824,3220.8199479776763,s1,Rus,inflected,strany,country.GEN,non-high,central,1.897449262674793,-0.5817531253292414,Speaker_1,male
Speaker_1_male,358.0366756190499,страны,ɨ,unstressed,0.1944115825816084,359.66822997897134,1417.330458067694,2559.8532570703896,s2,Rus,inflected,strany,country.GEN,high,front,-0.7774764955604867,-0.12281101237410845,Speaker_1,male
Speaker_2_female,286.22221521325525,страны,a,stressed,0.17861318027075868,869.8522800277347,1494.1897593436076,2280.983470471569,s1,Rus,inflected,strany,country.GEN,non-high,central,1.8966331722158958,-0.006177063680603337,Speaker_2,female
Speaker_2_female,286.4768794756958,страны,ɨ,unstressed,0.1559243330240747,718.6461432411348,2387.0728980450376,3297.2511205523983,s2,Rus,inflected,strany,country.GEN,high,front,0.9648594883215073,1.7305794860388362,Speaker_2,female
Speaker_3_male,318.39299721017983,страны,a,stressed,0.11554592281169108,645.5157909671381,1219.3443825234783,2551.940093704817,s1,Rus,inflected,strany,country.GEN,non-high,central,1.4410964065548757,-0.5647657212809389,Speaker_3,male
Speaker_3_male,318.5797842171056,страны,ɨ,unstressed,0.13041550380836495,361.2244592208994,1670.4554732284566,2292.257803827452,s2,Rus,inflected,strany,country.GEN,high,front,-0.8463587602091691,0.8087333861626201,Speaker_3,male
Speaker_4_female,266.05236313447983,страны,a,stressed,0.10512952302633494,866.0905010975814,1696.0675035721604,3322.3593459110853,s1,Rus,inflected,strany,country.GEN,non-high,central,1.297215177578509,-0.034099832047899854,Speaker_4,female
Speaker_4_female,266.299460124867,страны,ɨ,unstressed,0.21635166991904953,450.8020610329174,2536.229394979299,3018.6645239608083,s2,Rus,inflected,strany,country.GEN,high,front,-0.6951507178993758,1.8129866852676038,Speaker_4,female
Speaker_2_female,90.87089845392984,январьдың,a,stressed,0.0955727443247838,727.3085365490141,1434.643817961404,1932.8291632246885,s1,CS,inflected,yanvar'dyń,january.GEN,non-high,central,1.018239531587979,-0.1220005115902109,Speaker_2,female
Speaker_2_female,91.1325114465982,январьдың,ə,unstressed,0.05505449514579652,555.4931396166794,1484.31867537053,1564.6095894332277,s2,CS,inflected,yanvar'dyń,january.GEN,non-high,central,-0.040534065513840783,-0.025377414767987837,Speaker_2,female
Speaker_3_male,133.38892524949813,январьдың,a,stressed,0.05919555150413203,592.4423704111528,1114.3279823992275,2310.6217605645115,s1,CS,inflected,yanvar'dyń,january.GEN,non-high,central,1.014058869662983,-0.8845094270102346,Speaker_3,male
Speaker_3_male,133.56213986189297,январьдың,ə,unstressed,0.06137485603449022,447.5289820446296,1345.0894425123536,1990.1726305492289,s2,CS,inflected,yanvar'dyń,january.GEN,non-high,central,-0.1519382675560056,-0.18190941111961803,Speaker_3,male
Speaker_4_female,223.46789286307032,январьдың,ja,unstressed,0.1439273231907805,458.73158470114384,2452.4445547837627,3072.497141994637,s1,CS,inflected,yanvar'dyń,january.GEN,NA,NA,-0.6571084537768802,1.628786651603361,Speaker_4,female
Speaker_4_female,223.70558227364796,январьдың,a,stressed,0.1176449424342252,759.5794888542405,1411.2241529101532,2979.5920715925354,s2,CS,inflected,yanvar'dyń,january.GEN,non-high,central,0.7862235683408016,-0.6603247512400575,Speaker_4,female
Speaker_1_male,224.9989201769064,января,ja,unstressed,0.11536174296784908,249.99373636165916,2197.4198810947505,2812.080847177772,s1,Rus,inflected,yanvarya,january.GEN,NA,NA,-1.5134193296539726,1.8362141300183283,Speaker_1,male
Speaker_1_male,225.23857046438127,января,a,unstressed,0.0947614317235832,574.470156804915,1296.5921450719616,2413.651460347862,s2,Rus,inflected,yanvarya,january.GEN,non-high,central,0.6638972786246279,-0.4260190598449478,Speaker_1,male
Speaker_1_male,225.4446102227811,января,æ,stressed,0.23766354826497604,573.1982927359633,1301.082926560342,2573.7670679441217,s3,Rus,inflected,yanvarya,january.GEN,NA,NA,0.6553627578202553,-0.4147414375813491,Speaker_1,male
Speaker_2_female,156.1850462640156,января,a,unstressed,0.08983286295847392,539.4510409128263,711.269367319711,2175.2876990989703,s1,Rus,inflected,yanvarya,january.GEN,non-high,central,-0.13938987735025068,-1.5290438978936034,Speaker_2,female
Speaker_2_female,156.4388366440391,января,a,unstressed,0.12213163929817485,722.2830586801339,842.7713126861055,1655.8204286683404,s2,Rus,inflected,yanvarya,january.GEN,non-high,central,0.9872711586982934,-1.2732580564809306,Speaker_2,female
Speaker_2_female,156.66428520514103,января,æ,stressed,0.1825387415820785,783.7399458486608,1142.964388987522,1786.7043645536849,s3,Rus,inflected,yanvarya,january.GEN,NA,NA,1.3659853522797205,-0.6893492907659022,Speaker_2,female
Speaker_3_male,192.54617075503887,января,ja,unstressed,0.11169767359578486,360.0548930231098,1723.731588148661,2289.978265916235,s1,Rus,inflected,yanvarya,january.GEN,NA,NA,-0.8557692836520522,0.9709433113865973,Speaker_3,male
Speaker_3_male,192.74892646122245,января,a,unstressed,0.04765899412728913,505.53565794839017,1340.8078727577106,2016.9275075818557,s2,Rus,inflected,yanvarya,january.GEN,non-high,central,0.314793059381894,-0.1949455176522003,Speaker_3,male
Speaker_3_male,192.88854668243988,января,æ,stressed,0.15712221300694296,648.4272238312863,1458.064940005725,2224.5811104864533,s3,Rus,inflected,yanvarya,january.GEN,NA,NA,1.464522277849914,0.16206737900460957,Speaker_3,male
Speaker_4_female,555.9941549820992,января,a,unstressed,0.05768087148385348,596.5807684195823,1929.9333697089849,3141.6336214545804,s1,Rus,inflected,yanvarya,january.GEN,non-high,central,0.0042295124745218345,0.48005165782527043,Speaker_4,female
Speaker_4_female,556.2083982190395,января,a,unstressed,0.11536174296793432,752.7829596864608,1658.743023363371,2946.7342197026474,s2,Rus,inflected,yanvarya,january.GEN,non-high,central,0.7536168988187787,-0.1161572841468017,Speaker_4,female
Speaker_4_female,556.4613672477644,января,æ,stressed,0.2092935755323424,878.9302583741975,1796.1945923713483,3045.046737014565,s3,Rus,inflected,yanvarya,january.GEN,NA,NA,1.3588145192316516,0.18602845231082213,Speaker_4,female
